Alias_Name,GameCount,Standardized_Name
Abbeville (AL),874,Abbeville (AL)
Abbeville Christian Academy (AL),467,Abbeville Christian Academy (AL)
Abrams (AL),141,Abrams (AL)
Adamsville Minor (AL),988,Adamsville Minor (AL)
Addison (AL),858,Addison (AL)
Akron (AL),746,Akron (AL)
Alabama School for the Deaf (AL),888,Alabama School for the Deaf (AL)
AL School for the Deaf (AL),1,Alabama School for the Deaf (AL)
Alabaster Evangel Christian (AL),268,Alabaster Evangel Christian (AL)
Alabaster Kingwood Christian (AL),226,Alabaster Kingwood Christian (AL)
Alabaster Thompson (AL),850,Alabaster Thompson (AL)
Alba (AL),484,Alba (AL)
Albertville (AL),1163,Albertville (AL)
Albertville Marshall Christian Academy (AL),21,Albertville Marshall Christian Academy (AL)
Albertville Marshall Christian (AL),7,Albertville Marshall Christian Academy (AL)
Alexander City (AL),260,Alexander City (AL)
Alexander City Benjamin Russell (AL),1108,Alexander City Benjamin Russell (AL)
Alexander City Laurel (AL),150,Alexander City Laurel (AL)
Alexandria (AL),1028,Alexandria (AL)
Aliceville (AL),935,Aliceville (AL)
Alpine Winterboro (AL),734,Alpine Winterboro (AL)
Altoona (AL),301,Altoona (AL)
Andalusia (AL),963,Andalusia (AL)
Andalusia Pleasant Home (AL),260,Andalusia Pleasant Home (AL)
Andalusia Straughn (AL),554,Andalusia Straughn (AL)
Anniston (AL),1105,Anniston (AL)
Anniston Cobb Avenue (AL),275,Anniston Cobb Avenue (AL)
Anniston Donoho (AL),559,Anniston Donoho (AL)
Anniston Saks (AL),709,Anniston Saks (AL)
Anniston Wellborn (AL),749,Anniston Wellborn (AL)
Anniston White Plains (AL),559,Anniston White Plains (AL)
Arab (AL),969,Arab (AL)
Ardmore (AL),796,Ardmore (AL)
Ariton (AL),643,Ariton (AL)
Arley Meek (AL),812,Arley Meek (AL)
Ashford (AL),808,Ashford (AL)
Ashford Academy (AL),379,Ashford Academy (AL)
Ashland Clay County (AL),899,Ashland Clay County (AL)
Ashville (AL),728,Ashville (AL)
Athens (AL),1103,Athens (AL)
Athens Clements (AL),644,Athens Clements (AL)
Athens East Limestone (AL),679,Athens East Limestone (AL)
Atmore Escambia Academy (AL),473,Atmore Escambia Academy (AL)
Atmore Escambia County (AL),1076,Atmore Escambia County (AL)
Attalla Etowah (AL),1131,Attalla Etowah (AL)
Auburn (AL),1121,Auburn (AL)
Auburn Lee-Scott Academy (AL),405,Auburn Lee-Scott Academy (AL)
Auburn Lee Scott (AL),18,Auburn Lee-Scott Academy (AL)
Autaugaville (AL),730,Autaugaville (AL)
Bay Minette Baldwin County (AL),1092,Bay Minette Baldwin County (AL)
Bay Minette (AL),2,Bay Minette Baldwin County (AL)
Bear Creek Phillips (AL),772,Bear Creek Phillips (AL)
Beatrice (AL),179,Beatrice (AL)
J.F. Shields (AL),348,Beatrice J.F. Shields (AL)
Beatrice Shields (AL),171,Beatrice J.F. Shields (AL)
Berry (AL),267,Berry (AL)
Berry Fayette (AL),649,Berry Fayette (AL)
Bessemer Academy (AL),499,Bessemer Academy (AL)
Bessemer City Jess Lanier (AL),1149,Bessemer City Jess Lanier (AL)
Bessemer Dunbar (AL),164,Bessemer Dunbar (AL)
Bessemer Lanier (AL),130,Bessemer Lanier (AL)
Bessemer Oak Grove (AL),855,Bessemer Oak Grove (AL)
Bibb Graves (AL),302,Bibb Graves (AL)
Billingsley (AL),756,Billingsley (AL)
St. Pauls Birmingham (AL),1,Birmingham  St. Pauls (AL)
Birmingham Banks (AL),323,Birmingham Banks (AL)
Birmingham Briarwood Christian (AL),574,Birmingham Briarwood Christian (AL)
Birmingham Carver (AL),208,Birmingham Carver (AL)
Birmingham Center Point (AL),627,Birmingham Center Point (AL)
Birmingham Ensley (AL),830,Birmingham Ensley (AL)
Birmingham Fultondale (AL),567,Birmingham Fultondale (AL)
Birmingham Hayes (AL),247,Birmingham Hayes (AL)
Birmingham Huffman (AL),633,Birmingham Huffman (AL)
Birmingham Jackson-Olin (AL),563,Birmingham Jackson-Olin (AL)
Birmingham Jackson Olin (AL),18,Birmingham Jackson-Olin (AL)
Birmingham John Carroll Catholic (AL),827,Birmingham John Carroll Catholic (AL)
Birmingham Mountain Brook (AL),721,Birmingham Mountain Brook (AL)
Birmingham Oak Mountain (AL),283,Birmingham Oak Mountain (AL)
Birmingham Parker (AL),753,Birmingham Parker (AL)
Birmingham Ramsay (AL),635,Birmingham Ramsay (AL)
Birmingham Ramsey (AL),1,Birmingham Ramsay (AL)
Birmingham Shades Valley (AL),1077,Birmingham Shades Valley (AL)
Birmingham Tarrant (AL),1007,Birmingham Tarrant (AL)
Birmingham Wenonah (AL),617,Birmingham Wenonah (AL)
Birmingham West End (AL),802,Birmingham West End (AL)
Birmingham West End Academy (AL),1,Birmingham West End (AL)
Birmingham Woodlawn (AL),1067,Birmingham Woodlawn (AL)
Birmingham-Southern College (AL),4,Birmingham-Southern College (AL)
Birmingham-Southern (AL),1,Birmingham-Southern College (AL)
Blountsville Pennington (AL),905,Blountsville Pennington (AL)
Blountsville Susan Moore (AL),861,Blountsville Susan Moore (AL)
Boaz (AL),936,Boaz (AL)
Boaz Sardis (AL),858,Boaz Sardis (AL)
Boys Industrial (AL),5,Boys Industrial School (AL)
Boys Industrial School (AL),1,Boys Industrial School (AL)
Bradshaw (AL),397,Bradshaw (AL)
Brantley (AL),882,Brantley (AL)
Bremen Cold Springs (AL),554,Bremen Cold Springs (AL)
Brewton T.R. Miller (AL),1092,Brewton T.R. Miller (AL)
Brewton Tr Miller (AL),22,Brewton T.R. Miller (AL)
Bridgeport (AL),423,Bridgeport (AL)
Brighton (AL),214,Brighton (AL)
Brilliant (AL),847,Brilliant (AL)
Brookwood (AL),896,Brookwood (AL)
Brundidge Pike County (AL),874,Brundidge Pike County (AL)
Buhl Sipsey Valley (AL),165,Buhl Sipsey Valley (AL)
Bullock Memorial (AL),183,Bullock Memorial (AL)
Butler Choctaw County (AL),897,Butler Choctaw County (AL)
Butler Patrician Academy (AL),661,Butler Patrician Academy (AL)
Calera (AL),754,Calera (AL)
Camden Wilcox Academy (AL),516,Camden Wilcox Academy (AL)
Camden Wilcox Central (AL),760,Camden Wilcox Central (AL)
Camp Hill (AL),114,Camp Hill (AL)
Camp Hill Lyman Ward Military Academy (AL),353,Camp Hill Lyman Ward Military Academy (AL)
Camp Hill Southern Prep Academy (AL),171,Camp Hill Southern Prep Academy (AL)
Camp Hill Southern Prep (AL),21,Camp Hill Southern Prep Academy (AL)
Carbon Hill (AL),1014,Carbon Hill (AL)
Carrollton (AL),687,Carrollton (AL)
Carrollton Pickens Academy (AL),542,Carrollton Pickens Academy (AL)
Carver Birmingham (AL),338,Carver Birmingham (AL)
Carver Gadsden (AL),269,Carver Gadsden (AL)
Catherine Academy (AL),235,Catherine Academy (AL)
Catholic Montgomery (AL),605,Catholic Montgomery (AL)
Cecil Macon-East Montgomery Academy (AL),230,Cecil Macon-East Montgomery Academy (AL)
Cedar Bluff (AL),961,Cedar Bluff (AL)
Central Coosa (AL),169,Central Coosa (AL)
Central Florence (AL),535,Central Florence (AL)
Central Hayneville (AL),246,Central Hayneville (AL)
Central Phenix City B-Team (AL),3,Central Phenix City B (AL)
Central PC B-Team (AL),1,Central Phenix City B (AL)
Centre Cherokee County (AL),1087,Centre Cherokee County (AL)
Centreville Bibb County (AL),993,Centreville Bibb County (AL)
Centreville Cahawba Christian Academy (AL),46,Centreville Cahawba Christian Academy (AL)
Centreville Cahawba Christian (AL),6,Centreville Cahawba Christian Academy (AL)
Chatom Washington County (AL),925,Chatom Washington County (AL)
Chelsea (AL),630,Chelsea (AL)
Cherokee (AL),889,Cherokee (AL)
Chickasaw (AL),117,Chickasaw (AL)
Childersburg (AL),815,Childersburg (AL)
Phylis Wheatley (AL),12,Childersburg Phyllis Wheatley (AL)
Childersburg Phyllis Wheatley (AL),3,Childersburg Phyllis Wheatley (AL)
Phylis Weatley (AL),1,Childersburg Phyllis Wheatley (AL)
Moeller OH (AL),1,Cincinnati Archbishop Moeller (OH)
Citronelle (AL),926,Citronelle (AL)
Citronelle Wesleyan Academy (AL),3,Citronelle Wesleyan Academy (AL)
Citronelle Wesleyan Christian Academy (AL),1,Citronelle Wesleyan Academy (AL)
Clanton Chilton County (AL),910,Clanton Chilton County (AL)
Clayton (AL),396,Clayton (AL)
Clayton Barbour County (AL),256,Clayton Barbour County (AL)
Cleveland (AL),798,Cleveland (AL)
Clio (AL),359,Clio (AL)
Coffee (AL),853,Coffee (AL)
Coffee Springs (AL),432,Coffee Springs (AL)
Coffeeville (AL),677,Coffeeville (AL)
Collinsville (AL),1031,Collinsville (AL)
Columbia Houston County (AL),858,Columbia Houston County (AL)
Columbiana Cornerstone Christian (AL),283,Columbiana Cornerstone Christian (AL)
Columbiana Shelby County (AL),846,Columbiana Shelby County (AL)
Conecuh County (AL),176,Conecuh County (AL)
Coosa County (AL),243,Coosa County (AL)
Cordova (AL),1058,Cordova (AL)
Cottondale Paul W. Bryant (AL),211,Cottondale Paul W. Bryant (AL)
Cottondale Paul W (AL),18,Cottondale Paul W. Bryant (AL)
Cottondale Tuscaloosa Christian (AL),224,Cottondale Tuscaloosa Christian (AL)
Cottonwood (AL),882,Cottonwood (AL)
Courtland R.A. Hubbard (AL),662,Courtland R.A. Hubbard (AL)
Crenshaw County (AL),4,Crenshaw County Training (AL)
Crenshaw County Training (AL),1,Crenshaw County Training (AL)
Crossville (AL),1042,Crossville (AL)
Cullman (AL),1090,Cullman (AL)
Cullman Fairview (AL),646,Cullman Fairview (AL)
Cullman Good Hope (AL),612,Cullman Good Hope (AL)
Cullman St. Bernard Prep (AL),49,Cullman St. Bernard Prep (AL)
Cullman St. Bernard (AL),1,Cullman St. Bernard Prep (AL)
Cullman West Point (AL),645,Cullman West Point (AL)
D.C. Wolfe (AL),126,D.C. Wolfe (AL)
Dadeville (AL),994,Dadeville (AL)
Daleville (AL),636,Daleville (AL)
Danville (AL),516,Danville (AL)
Danville Speake (AL),362,Danville Speake (AL)
Daphne (AL),424,Daphne (AL)
Daphne Bayside Academy (AL),267,Daphne Bayside Academy (AL)
Deatsville Holtville (AL),852,Deatsville Holtville (AL)
Decatur (AL),1525,Decatur (AL)
Decatur Austin (AL),672,Decatur Austin (AL)
Decatur Heritage Christian Academy (AL),174,Decatur Heritage Christian Academy (AL)
DeKalb County (AL),314,DeKalb County (AL)
Demopolis (AL),1051,Demopolis (AL)
Demopolis Academy (AL),217,Demopolis Academy (AL)
Demopolis Essex (AL),397,Demopolis Essex (AL)
Dixons Mills Marengo (AL),520,Dixons Mills Marengo (AL)
Dora (AL),1071,Dora (AL)
Dothan (AL),1144,Dothan (AL)
Dothan Houston Academy (AL),582,Dothan Houston Academy (AL)
Dothan Northside Methodist Academy (AL),125,Dothan Northside Methodist Academy (AL)
Dothan Northview (AL),440,Dothan Northview (AL)
Dothan Providence Christian (AL),210,Dothan Providence Christian (AL)
Dothan Rehobeth (AL),827,Dothan Rehobeth (AL)
Double Springs Winston County (AL),971,Double Springs Winston County (AL)
Douglas (AL),559,Douglas (AL)
Dozier (AL),366,Dozier (AL)
Drake (AL),103,Drake (AL)
East Brewton W.S. Neal (AL),856,East Brewton W.S. Neal (AL)
East Brewton Ws Neal (AL),20,East Brewton W.S. Neal (AL)
East North Carolina NC (AL),10,East North Carolina (NC)
Eclectic Elmore County (AL),792,Eclectic Elmore County (AL)
Eclectic Academy (AL),28,Eclectic Elmore County (AL)
Eight Mile Blount (AL),732,Eight Mile Blount (AL)
Elba (AL),1006,Elba (AL)
Elkmont (AL),825,Elkmont (AL)
Elmore Edgewood Academy (AL),465,Elmore Edgewood Academy (AL)
Emma Sansom (AL),755,Emma Sansom (AL)
Enterprise (AL),1062,Enterprise (AL)
Erwin (AL),400,Erwin (AL)
Eufaula (AL),1003,Eufaula (AL)
Eufaula Lakeside School (AL),223,Eufaula Lakeside School (AL)
Eutaw (AL),601,Eutaw (AL)
Eutaw Greene County (AL),262,Eutaw Greene County (AL)
Evergreen (AL),543,Evergreen (AL)
Evergreen Hillcrest (AL),241,Evergreen Hillcrest (AL)
Evergreen Sparta Academy (AL),471,Evergreen Sparta Academy (AL)
Excel (AL),890,Excel (AL)
Fairfax Valley (AL),727,Fairfax Valley (AL)
Fairfield (AL),1021,Fairfield (AL)
Fairfield Restoration Academy (AL),121,Fairfield Restoration Academy (AL)
Fairhope (AL),1028,Fairhope (AL)
Fairhope St. Michael Catholic (AL),39,Fairhope St. Michael Catholic (AL)
Fairhope St. Michael (AL),22,Fairhope St. Michael Catholic (AL)
Fairhope Saint Michael Catholic (AL),9,Fairhope St. Michael Catholic (AL)
Falkville (AL),944,Falkville (AL)
Fayette County (AL),1140,Fayette County (AL)
Fayette Hubbertville (AL),797,Fayette Hubbertville (AL)
Flomaton (AL),914,Flomaton (AL)
Florala (AL),966,Florala (AL)
Florence (AL),248,Florence (AL)
Florence Central (AL),239,Florence Central (AL)
Florence Mars Hill Bible (AL),122,Florence Mars Hill Bible (AL)
Florence Rogers (AL),708,Florence Rogers (AL)
Florence Shoals Christian (AL),250,Florence Shoals Christian (AL)
Florence Wilson (AL),597,Florence Wilson (AL)
Foley (AL),1038,Foley (AL)
Foley Snook Christian Academy (AL),46,Foley Snook Christian Academy (AL)
Foley Snook Christian (AL),15,Foley Snook Christian Academy (AL)
Fort Payne (AL),1086,Fort Payne (AL)
Franklin County (AL),1,Franklin County (AL)
Franklin Couty (AL),1,Franklin County (AL)
Frisco City (AL),730,Frisco City (AL)
Fruitdale (AL),634,Fruitdale (AL)
Fyffe (AL),937,Fyffe (AL)
Gadsden (AL),868,Gadsden (AL)
Gadsden Carver (AL),290,Gadsden Carver (AL)
Gadsden City (AL),223,Gadsden City (AL)
Gadsden Coosa Christian (AL),260,Gadsden Coosa Christian (AL)
Gadsden Gaston (AL),762,Gadsden Gaston (AL)
Gadsden Southside (AL),929,Gadsden Southside (AL)
Gardendale (AL),692,Gardendale (AL)
Gardendale Tabernacle (AL),208,Gardendale Tabernacle (AL)
Gaylesville (AL),839,Gaylesville (AL)
Geneva (AL),862,Geneva (AL)
Georgiana (AL),923,Georgiana (AL)
Georgiana South Butler Academy (AL),112,Georgiana South Butler Academy (AL)
Geraldine (AL),942,Geraldine (AL)
Gilbertown Southern Choctaw (AL),906,Gilbertown Southern Choctaw (AL)
Glencoe (AL),1059,Glencoe (AL)
Glenn (AL),191,Glenn (AL)
Glenwood Academy (AL),217,Glenwood Academy (AL)
Goodwater (AL),331,Goodwater (AL)
Gordo (AL),1002,Gordo (AL)
Gorgas (AL),111,Gorgas (AL)
T.W. Martin (AL),477,Gorgas T.W. Martin (AL)
Goshen (AL),714,Goshen (AL)
Grady South Montgomery County Academy (AL),353,Grady South Montgomery County Academy (AL)
Grand Bay (AL),459,Grand Bay (AL)
Grant Kate Duncan Smith DAR (AL),190,Grant Kate Duncan Smith DAR (AL)
Greensboro (AL),1013,Greensboro (AL)
Greensboro Southern Academy (AL),492,Greensboro Southern Academy (AL)
Greenville (AL),976,Greenville (AL)
Greenville Academy (AL),222,Greenville Academy (AL)
Greenville Fort Dale Academy (AL),466,Greenville Fort Dale Academy (AL)
Grove Hill Academy (AL),193,Grove Hill Academy (AL)
Grove Hill Clarke County (AL),1083,Grove Hill Clarke County (AL)
Grove Hill Clark County (AL),10,Grove Hill Clarke County (AL)
Grove Hill Clarke Prep (AL),306,Grove Hill Clarke Prep (AL)
Guin Marion County (AL),877,Guin Marion County (AL)
Gulf Shores (AL),268,Gulf Shores (AL)
Guntersville (AL),1188,Guntersville (AL)
Guntersville Brindlee Mountain (AL),200,Guntersville Brindlee Mountain (AL)
Gurley Madison County (AL),867,Gurley Madison County (AL)
Hackleburg (AL),931,Hackleburg (AL)
Hale County Training (AL),100,Hale County Training (AL)
Haleyville (AL),960,Haleyville (AL)
Hamilton (AL),1126,Hamilton (AL)
Hanceville (AL),887,Hanceville (AL)
Harpersville Coosa Valley Academy (AL),596,Harpersville Coosa Valley Academy (AL)
Harpersville Coosa Valley (AL),17,Harpersville Coosa Valley Academy (AL)
Hartford Geneva County (AL),880,Hartford Geneva County (AL)
Hartselle (AL),1132,Hartselle (AL)
Harvest Sparkman (AL),667,Harvest Sparkman (AL)
Hayden (AL),785,Hayden (AL)
Hayneville (AL),269,Hayneville (AL)
Hayneville Central (AL),212,Hayneville Central (AL)
Hazel Green (AL),654,Hazel Green (AL)
Headland (AL),824,Headland (AL)
Heflin Cleburne County (AL),956,Heflin Cleburne County (AL)
Helena (AL),130,Helena (AL)
Hewitt-Trussville (AL),937,Hewitt-Trussville (AL)
Hicks Memorial (AL),119,Hicks Memorial (AL)
Higdon North Sand Mountain (AL),594,Higdon North Sand Mountain (AL)
Higdon North Sand (AL),19,Higdon North Sand Mountain (AL)
Highland Home (AL),812,Highland Home (AL)
Hillcrest Evergreen (AL),148,Hillcrest Evergreen (AL)
Hillcrest Tuscaloosa (AL),262,Hillcrest Tuscaloosa (AL)
Hobson City Calhoun County Training (AL),153,Hobson City Calhoun County Training (AL)
Hokes Bluff (AL),935,Hokes Bluff (AL)
Holly Pond (AL),628,Holly Pond (AL)
Holt (AL),982,Holt (AL)
Homewood (AL),653,Homewood (AL)
Homewood Rosedale (AL),462,Homewood Rosedale (AL)
Hoover (AL),782,Hoover (AL)
Hoover Spain Park (AL),266,Hoover Spain Park (AL)
Hope Hull Hooper Academy (AL),512,Hope Hull Hooper Academy (AL)
Hope Hull Hooper (AL),1,Hope Hull Hooper Academy (AL)
Hueytown (AL),1048,Hueytown (AL)
Huntsville (AL),1121,Huntsville (AL)
Huntsville A.L. Johnson (AL),410,Huntsville A.L. Johnson (AL)
Huntsville Butler (AL),703,Huntsville Butler (AL)
Huntsville Columbia (AL),237,Huntsville Columbia (AL)
Huntsville Freedom Academy (AL),209,Huntsville Freedom Academy (AL)
Huntsville Grissom (AL),596,Huntsville Grissom (AL)
Huntsville J.O. Johnson (AL),384,Huntsville J.O. Johnson (AL)
Huntsville Lee (AL),668,Huntsville Lee (AL)
Lee Huntsville B-Team (AL),1,Huntsville Lee B-Team (AL)
Huntsville Pope John Paul II (AL),116,Huntsville Pope John Paul II (AL)
Huntsville St. John (AL),18,Huntsville Pope John Paul II (AL)
Huntsville Saint John Paul II (AL),4,Huntsville Pope John Paul II (AL)
Huntsville Randolph Academy (AL),249,Huntsville Randolph Academy (AL)
Huntsville Westminster Christian (AL),217,Huntsville Westminster Christian (AL)
Huntsville Whitesburg Christian Academy (AL),39,Huntsville Westminster Christian (AL)
Huntsville Whitesburg Christian (AL),18,Huntsville Westminster Christian (AL)
Hurt Military Academy (AL),41,Hurt Military Academy (AL)
Hurt (AL),3,Hurt Military Academy (AL)
Hurt School (AL),2,Hurt Military Academy (AL)
Ider (AL),754,Ider (AL)
Irvington Bryant (AL),294,Irvington Bryant (AL)
Jack Zion Chapel (AL),669,Jack Zion Chapel (AL)
Jackson (AL),1081,Jackson (AL)
Jackson Academy (AL),482,Jackson Academy (AL)
Jackson County (AL),272,Jackson County (AL)
Jacksonville (AL),986,Jacksonville (AL)
Jacksonville Christian Academy (AL),194,Jacksonville Christian Academy (AL)
Jacksonville Pleasant Valley (AL),459,Jacksonville Pleasant Valley (AL)
Jasper Curry (AL),899,Jasper Curry (AL)
Jasper Walker (AL),1114,Jasper Walker (AL)
Jefferson County (AL),176,Jefferson County (AL)
Jemison (AL),763,Jemison (AL)
Jemison Chilton Christian Academy (AL),66,Jemison Chilton Christian Academy (AL)
Jemison Chilton Christian (AL),8,Jemison Chilton Christian Academy (AL)
Joe Bradley (AL),123,Joe Bradley (AL)
Jones Valley (AL),628,Jones Valley (AL)
Kennedy (AL),370,Kennedy (AL)
Killen Brooks (AL),635,Killen Brooks (AL)
Kimberly Mortimer Jordan (AL),953,Kimberly Mortimer Jordan (AL)
Kinston (AL),544,Kinston (AL)
LaFayette (AL),861,LaFayette (AL)
LaFayette Chambers Academy (AL),495,LaFayette Chambers Academy (AL)
Lakeside (AL),214,Lakeside (AL)
Lanett (AL),1026,Lanett (AL)
Lafayette Lanier (AL),4,Lanett Lafayette Lanier (AL)
Lanier Lafayette (AL),1,Lanett Lafayette Lanier (AL)
Lanett Springwood (AL),483,Lanett Springwood (AL)
Lanier (AL)A,1,Lanier (AL)
Leeds (AL),1000,Leeds (AL)
R.R. Moten Leeds (AL),2,Leeds Robert Russa Moton (AL)
Leesburg Sand Rock (AL),710,Leesburg Sand Rock (AL)
Leighton Colbert County (AL),1149,Leighton Colbert County (AL)
Leroy (AL),993,Leroy (AL)
Lester West Limestone (AL),753,Lester West Limestone (AL)
Letohatchee Calhoun (AL),401,Letohatchee Calhoun (AL)
Lexington (AL),793,Lexington (AL)
Lincoln (AL),942,Lincoln (AL)
Linden (AL),955,Linden (AL)
Linden Marengo Academy (AL),582,Linden Marengo Academy (AL)
Lineville (AL),862,Lineville (AL)
Lineville Central of Clay County (AL),154,Lineville Central of Clay County (AL)
Lineville Central Of (AL),22,Lineville Central of Clay County (AL)
Litchfield (AL),311,Litchfield (AL)
Living Word (AL),3,Living Word (TN)
Living Word (AL) (TN),1,Living Word (TN)
Livingston (AL),701,Livingston (AL)
Loachapoka (AL),517,Loachapoka (AL)
Locust Fork (AL),730,Locust Fork (AL)
Louisville (AL),494,Louisville (AL)
Louisville KY (AL),4,Louisville (KY)
Louisville Dixie Academy (AL),306,Louisville Dixie Academy (AL)
Lowndes County (AL),371,Lowndes County (AL)
Lowndesboro Lowndes Academy (AL),567,Lowndesboro Lowndes Academy (AL)
Luverne (AL),937,Luverne (AL)
Luverne Crenshaw Christian Academy (AL),479,Luverne Crenshaw Christian Academy (AL)
Lyeffion (AL),300,Lyeffion (AL)
Lynn (AL),815,Lynn (AL)
Macon Academy (AL),137,Macon Academy (AL)
Madison Academy (AL),702,Madison Academy (AL)
Madison Bob Jones (AL),574,Madison Bob Jones (AL)
Madison James Clemens (AL),152,Madison James Clemens (AL)
Maplesville (AL),897,Maplesville (AL)
Maplesville Isabella (AL),742,Maplesville Isabella (AL)
Marbury (AL),753,Marbury (AL)
Marengo County (AL),423,Marengo County (AL)
Marion (AL),828,Marion (AL)
Marion Military Institute College (AL),398,Marion Military Institute College (AL)
Mary Montgomery (AL),563,Mary Montgomery (AL)
Maxwell AFB (AL),1,Maxwell Air Force Base (AL)
Maxwell Air Force Base (AL),1,Maxwell Air Force Base (AL)
McCalla McAdory (AL),910,McCalla McAdory (AL)
McGill (AL),777,McGill (AL)
McIntosh (AL),541,McIntosh (AL)
McKenzie (AL),820,McKenzie (AL)
Midfield (AL),604,Midfield (AL)
Midland City (AL),158,Midland City (AL)
Midland City Dale County (AL),828,Midland City Dale County (AL)
Millbrook New Life Christian (AL),165,Millbrook New Life Christian (AL)
New Life Academy (AL),19,Millbrook New Life Christian (AL)
Millbrook Stanhope Elmore (AL),687,Millbrook Stanhope Elmore (AL)
Millbrook Victory Christian Academy (AL),132,Millbrook Victory Christian Academy (AL)
Millport (AL),393,Millport (AL)
Millport South Lamar (AL),478,Millport South Lamar (AL)
Millry (AL),862,Millry (AL)
Mobile Baker (AL),794,Mobile Baker (AL)
Mobile Barton Academy (AL),122,Mobile Barton Academy (AL)
Mobile Central (AL),168,Mobile Central (AL)
Mobile Christian (AL),454,Mobile Christian (AL)
Mobile Cottage Hill Christian Academy (AL),247,Mobile Cottage Hill Christian Academy (AL)
Mobile County Training (AL),182,Mobile County Training (AL)
Mobile Davidson (AL),719,Mobile Davidson (AL)
Mobile Faith Academy (AL),411,Mobile Faith Academy (AL)
Mobile Independent Methodist (AL),100,Mobile Independent Methodist (AL)
Mobile LeFlore (AL),609,Mobile LeFlore (AL)
Mobile McGill-Toolen (AL),1018,Mobile McGill-Toolen (AL)
Mobile Mcgill Toolen (AL),20,Mobile McGill-Toolen (AL)
Mobile Murphy (AL),1138,Mobile Murphy (AL)
Mobile Rain (AL),701,Mobile Rain (AL)
Mobile Shaw (AL),460,Mobile Shaw (AL)
Mobile St. Luke's Episcopal (AL),137,Mobile St. Luke's Episcopal (AL)
Mobile Saint Luke's Episcopal (AL),32,Mobile St. Luke's Episcopal (AL)
Mobile St. Lukes (AL),18,Mobile St. Luke's Episcopal (AL)
Mobile St. Paul's Episcopal (AL),604,Mobile St. Paul's Episcopal (AL)
Mobile Saint Paul's Episcopal (AL),36,Mobile St. Paul's Episcopal (AL)
Mobile St. Pauls (AL),21,Mobile St. Paul's Episcopal (AL)
Mobile UMS-Wright Prep (AL),1228,Mobile UMS-Wright Prep (AL)
Mobile Ums Wright (AL),21,Mobile UMS-Wright Prep (AL)
Mobile UMS-Wright (AL),1,Mobile UMS-Wright Prep (AL)
West End Mobile (AL),8,Mobile West End (AL)
Mobile Williamson (AL),794,Mobile Williamson (AL)
Monroeville Monroe Academy (AL),666,Monroeville Monroe Academy (AL)
Monroeville Monroe (AL),1,Monroeville Monroe Academy (AL)
Monroeville Monroe County (AL),982,Monroeville Monroe County (AL)
Montevallo (AL),793,Montevallo (AL)
Montevallo Shelby Academy (AL),290,Montevallo Shelby Academy (AL)
Montgomery Academy (AL),621,Montgomery Academy (AL)
Montgomery Alabama Christian Academy (AL),539,Montgomery Alabama Christian Academy (AL)
Montgomery B.T. Washington (AL),134,Montgomery B.T. Washington (AL)
Montgomery Calvary Christian Academy (AL),137,Montgomery Calvary Christian Academy (AL)
Montgomery Carver (AL),720,Montgomery Carver (AL)
Montgomery Catholic (AL),248,Montgomery Catholic (AL)
Montgomery Central Academy (AL),364,Montgomery Central Academy (AL)
Montgomery County (AL),347,Montgomery County (AL)
Montgomery Evangel Family Christian Academy (AL),172,Montgomery Evangel Family Christian Academy (AL)
Montgomery Evangel Christian (AL),18,Montgomery Evangel Family Christian Academy (AL)
Montgomery Ezekiel Academy (AL),133,Montgomery Ezekiel Academy (AL)
Montgomery Jefferson Davis (AL),602,Montgomery Jefferson Davis (AL)
Montgomery Lanier (AL),1181,Montgomery Lanier (AL)
Montgomery Lee (AL),777,Montgomery Lee (AL)
Lee Montgomery B-Team (AL),14,Montgomery Lee B-Team (AL)
Montgomery Park Crossing (AL),119,Montgomery Park Crossing (AL)
Montgomery St. James (AL),517,Montgomery St. James (AL)
Montgomery Saint James (AL),60,Montgomery St. James (AL)
Montgomery St. Jude Educational Institute (AL),428,Montgomery St. Jude Educational Institute (AL)
Montgomery Trinity Presbyterian (AL),583,Montgomery Trinity Presbyterian (AL)
Montgomery Valiant Cross Academy (AL),28,Montgomery Valiant Cross Academy (AL)
Montgomery Valiant Cross (AL),18,Montgomery Valiant Cross Academy (AL)
Moody (AL),499,Moody (AL)
Moulton Lawrence County (AL),1062,Moulton Lawrence County (AL)
Moundville Hale County (AL),965,Moundville Hale County (AL)
Mount Hope (AL),233,Mount Hope (AL)
Mt. Hope (AL),31,Mount Hope (AL)
Munford (AL),845,Munford (AL)
Muscle Shoals (AL),694,Muscle Shoals (AL)
New Brockton (AL),547,New Brockton (AL)
New Hope (AL),677,New Hope (AL)
New Market Buckhorn (AL),678,New Market Buckhorn (AL)
New Site (AL),198,New Site (AL)
New Site Horseshoe Bend (AL),353,New Site Horseshoe Bend (AL)
Newbern Sunshine (AL),356,Newbern Sunshine (AL)
Newton (AL),129,Newton (AL)
Newton Wicksburg (AL),820,Newton Wicksburg (AL)
Newville (AL),229,Newville (AL)
Northport Northside (AL),688,Northport Northside (AL)
Northport Tuscaloosa County (AL),1108,Northport Tuscaloosa County (AL)
Notasulga (AL),814,Notasulga (AL)
Notasulga Reeltown (AL),789,Notasulga Reeltown (AL)
Oakman (AL),979,Oakman (AL)
Odenville St. Clair County (AL),599,Odenville St. Clair County (AL)
Odenville Saint Clair County (AL),30,Odenville St. Clair County (AL)
Odenville St. Clair (AL),18,Odenville St. Clair County (AL)
Ohatchee (AL),894,Ohatchee (AL)
Oneonta (AL),1122,Oneonta (AL)
Oneonta Appalachian (AL),588,Oneonta Appalachian (AL)
Opelika (AL),1007,Opelika (AL)
Opelika Beauregard (AL),651,Opelika Beauregard (AL)
Opelika Darden (AL),108,Opelika Darden (AL)
Orrville (AL),269,Orrville (AL)
Orrville Keith (AL),575,Orrville Keith (AL)
Oxford (AL),1080,Oxford (AL)
Oxford Yellow (AL),23,Oxford (AL)
Oxford Trinity Christian (AL),28,Oxford Trinity Christian Academy (AL)
Oxford Trinity Christian Academy (AL),4,Oxford Trinity Christian Academy (AL)
Ozark (AL),148,Ozark (AL)
Ozark Carroll (AL),881,Ozark Carroll (AL)
Palmetto (AL),175,Palmetto (AL)
Paramount (AL),291,Paramount (AL)
Parrish (AL),910,Parrish (AL)
Parrish Selma (AL),265,Parrish Selma (AL)
Pelham (AL),540,Pelham (AL)
Pelham Hope Christian (AL),119,Pelham Hope Christian (AL)
Pelham Trinity Christian Homeschool (AL),22,Pelham Trinity Christian Homeschool (AL)
Pelham Trinity Christian (AL),15,Pelham Trinity Christian Homeschool (AL)
Pell City (AL),926,Pell City (AL)
Pell City Victory Christian (AL),256,Pell City Victory Christian (AL)
Phenix City Central (AL),1122,Phenix City Central (AL)
Phenix City Glenwood Academy (AL),611,Phenix City Glenwood Academy (AL)
Phenix City Glenwood (AL),19,Phenix City Glenwood Academy (AL)
Phenix City South Girard (AL),109,Phenix City South Girard (AL)
Phil Campbell (AL),838,Phil Campbell (AL)
Phillips Birmingham (AL),758,Phillips Birmingham (AL)
R.J. Kirksey (AL),10,Pickens R.J. Kirksey (AL)
Kirksey (AL),6,Pickens R.J. Kirksey (AL)
Piedmont (AL),1103,Piedmont (AL)
Pike Road (AL),115,Pike Road (AL)
Pine Hill (AL),312,Pine Hill (AL)
Pinson Clay-Chalkville (AL),351,Pinson Clay-Chalkville (AL)
Pinson Clay Chalkville (AL),22,Pinson Clay-Chalkville (AL)
Pinson East Central (AL),20,Pinson East Central HomeSchool (AL)
Pinson East Central HomeSchool (AL),17,Pinson East Central HomeSchool (AL)
Pinson Valley (AL),613,Pinson Valley (AL)
Pisgah (AL),717,Pisgah (AL)
Plantersville Dallas County (AL),802,Plantersville Dallas County (AL)
Pleasant Grove (AL),618,Pleasant Grove (AL)
Prattville (AL),956,Prattville (AL)
Prattville Autauga Academy (AL),499,Prattville Autauga Academy (AL)
Prattville Christian Academy (AL),203,Prattville Christian Academy (AL)
Prattville East Memorial Christian Academy (AL),157,Prattville East Memorial Christian Academy (AL)
Priceville (AL),233,Priceville (AL)
Prichard Vigor (AL),918,Prichard Vigor (AL)
Ragland (AL),722,Ragland (AL)
Rainbow City Westbrook Christian (AL),406,Rainbow City Westbrook Christian (AL)
Rainsville Plainview (AL),745,Rainsville Plainview (AL)
Ranburne (AL),779,Ranburne (AL)
Red Bay (AL),844,Red Bay (AL)
Red Level (AL),804,Red Level (AL)
Reform Pickens County (AL),992,Reform Pickens County (AL)
Remlap Southeastern (AL),147,Remlap Southeastern (AL)
Repton (AL),402,Repton (AL)
Rison (AL),118,Rison (AL)
Roanoke Handley (AL),1026,Roanoke Handley (AL)
Robertsdale (AL),945,Robertsdale (AL)
Rockford Central of Coosa County (AL),194,Rockford Central of Coosa County (AL)
Rockford Central Of (AL),19,Rockford Central of Coosa County (AL)
Rogersville Lauderdale County (AL),1005,Rogersville Lauderdale County (AL)
Russellville (AL),1070,Russellville (AL)
Russellville Tharptown (AL),190,Russellville Tharptown (AL)
Samson (AL),851,Samson (AL)
Saraland (AL),200,Saraland (AL)
Satsuma (AL),739,Satsuma (AL)
Scottsboro (AL),1082,Scottsboro (AL)
Scottsboro Christian (AL),22,Scottsboro Christian (AL)
Scottsboro Christian (AL) (TN),2,Scottsboro Christian (AL)
Scottsboro Christ. (AL),1,Scottsboro Christian (AL)
Seale Russell County (AL),642,Seale Russell County (AL)
Section (AL),591,Section (AL)
Selma (AL),1036,Selma (AL)
Selma Ellwood Christian (AL),169,Selma Ellwood Christian (AL)
Selma Meadowview Christian (AL),500,Selma Meadowview Christian (AL)
Selma Morgan Academy (AL),677,Selma Morgan Academy (AL)
Selma Southside (AL),641,Selma Southside (AL)
Semmes (AL),146,Semmes (AL)
Semmes Montgomery (AL),332,Semmes Montgomery (AL)
Semmes Mary G. Montgomery (AL),44,Semmes Montgomery (AL)
Shades Cahaba (AL),222,Shades Cahaba (AL)
Shades Chabha (AL),1,Shades Cahaba (AL)
Sheffield (AL),1078,Sheffield (AL)
Simpson (AL),119,Simpson (AL)
Skipperville Long (AL),632,Skipperville Long (AL)
Slocomb (AL),864,Slocomb (AL)
Smiths Station (AL),753,Smiths Station (AL)
Smith's Station (AL),33,Smiths Station (AL)
Somerville Brewer (AL),546,Somerville Brewer (AL)
South Macon (AL),113,South Macon (AL)
Southern Normal (AL),186,Southern Normal (AL)
Spanish Fort (AL),258,Spanish Fort (AL)
Spring Garden (AL),567,Spring Garden (AL)
Spring Hill (AL),122,Spring Hill (AL)
Springville (AL),716,Springville (AL)
St. Bernard (AL),216,St. Bernard (AL)
St. Louis MO (AL),1,St. Louis (MO)
Starke University Academy (AL),108,Starke University Academy (AL)
Stevenson (AL),471,Stevenson (AL)
Stevenson North Jackson (AL),448,Stevenson North Jackson (AL)
Sulligent (AL),877,Sulligent (AL)
Sumiton Christian (AL),336,Sumiton Christian (AL)
Sweet Water (AL),1033,Sweet Water (AL)
Sycamore Robert Russa Moton (AL),8,Sycamore Robert Russa Moton (AL)
R.R. Moten Sycamore (AL),5,Sycamore Robert Russa Moton (AL)
R.R. Moton Sycamore (AL),5,Sycamore Robert Russa Moton (AL)
Sycamore R.R. Moton (AL),5,Sycamore Robert Russa Moton (AL)
Sylacauga (AL),1134,Sylacauga (AL)
Sylacauga Comer (AL),1047,Sylacauga Comer (AL)
Sylacauga East Highland (AL),239,Sylacauga East Highland (AL)
Sylacauga Fayetteville (AL),286,Sylacauga Fayetteville (AL)
Sylvania (AL),797,Sylvania (AL)
Talladega (AL),1082,Talladega (AL)
Talladega County Central (AL),579,Talladega County Central (AL)
Tallassee (AL),1021,Tallassee (AL)
Tallassee R.R. Moton (AL),19,Tallassee Robert Russa Moton (AL)
R.R. Moton Tallassee (AL),10,Tallassee Robert Russa Moton (AL)
R.R. Moten Tallassee (AL),3,Tallassee Robert Russa Moton (AL)
Tanner (AL),809,Tanner (AL)
Tennessee Valley (AL),2,Tennessee Valley (AL)
Tenessess Valley (AL),1,Tennessee Valley (AL)
Theodore (AL),850,Theodore (AL)
Thomaston Johnson (AL),195,Thomaston Johnson (AL)
Thomasville (AL),1137,Thomasville (AL)
Thorsby (AL),565,Thorsby (AL)
Toulminville (AL),109,Toulminville (AL)
Town Creek Hatton (AL),721,Town Creek Hatton (AL)
Town Creek Hazlewood (AL),846,Town Creek Hazlewood (AL)
Toxey South Choctaw Academy (AL),484,Toxey South Choctaw Academy (AL)
Toxey South Choctaw (AL),21,Toxey South Choctaw Academy (AL)
Trinity East Lawrence (AL),488,Trinity East Lawrence (AL)
Trinity West Morgan (AL),646,Trinity West Morgan (AL)
Troy Charles Henderson (AL),942,Troy Charles Henderson (AL)
Troy Pike Liberal Arts (AL),450,Troy Pike Liberal Arts (AL)
Industrial Tuscaloosa (AL),3,Tucacloosa Industrial (AL)
Industrial Tucacloosa (AL),1,Tucacloosa Industrial (AL)
Tuscaloosa (AL),633,Tuscaloosa (AL)
Tuscaloosa Academy (AL),404,Tuscaloosa Academy (AL)
Alabama Prep Tuscaloosa (AL),2,Tuscaloosa Alabama Prep (AL)
Alabama Prep-Tuscaloosa (AL),1,Tuscaloosa Alabama Prep (AL)
Tuscaloosa American Christian Academy (AL),413,Tuscaloosa American Christian Academy (AL)
Tuscaloosa Central (AL),521,Tuscaloosa Central (AL)
Tuscaloosa Druid (AL),253,Tuscaloosa Druid (AL)
Tuscaloosa Hillcrest (AL),256,Tuscaloosa Hillcrest (AL)
Tuscaloosa Holy Spirit Catholic (AL),189,Tuscaloosa Holy Spirit Catholic (AL)
Martin Luther Tuscaloosa (AL),1,Tuscaloosa Martin Luther (AL)
Tuscaloosa North River Christian (AL),163,Tuscaloosa North River Christian (AL)
Tuscaloosa North River (AL),19,Tuscaloosa North River Christian (AL)
Tuscaloosa Northridge (AL),240,Tuscaloosa Northridge (AL)
St. Pauls Tuscaloosa (AL),5,Tuscaloosa St. Pauls (AL)
Tuscumbia Colbert Heights (AL),619,Tuscumbia Colbert Heights (AL)
Tuscumbia Deshler (AL),1172,Tuscumbia Deshler (AL)
Tuskegee (AL),212,Tuskegee (AL)
Tuskegee Booker T. Washington (AL),345,Tuskegee Booker T. Washington (AL)
Tuskegee Booker T (AL),18,Tuskegee Booker T. Washington (AL)
Tuskegee Institute (AL),299,Tuskegee Institute (AL)
Tuskegee Institute High (AL),9,Tuskegee Institute (AL)
Tuskegee Macon Academy (AL),211,Tuskegee Macon Academy (AL)
Union Springs Bullock County (AL),850,Union Springs Bullock County (AL)
Union Springs Bullock (AL),2,Union Springs Bullock County (AL)
Uniontown (AL),192,Uniontown (AL)
Uniontown Hatch (AL),432,Uniontown Hatch (AL)
Uriah Blacksher (AL),850,Uriah Blacksher (AL)
Valley (AL),915,Valley (AL)
Valley Beulah (AL),538,Valley Beulah (AL)
Valley Head (AL),933,Valley Head (AL)
Verbena (AL),790,Verbena (AL)
Vernon Lamar County (AL),877,Vernon Lamar County (AL)
Vestavia Hills (AL),626,Vestavia Hills (AL)
Vina (AL),732,Vina (AL)
Vincent (AL),774,Vincent (AL)
Vincent Yellow (AL),21,Vincent (AL)
Vinemont (AL),572,Vinemont (AL)
Wadley (AL),759,Wadley (AL)
Walker County Training (AL),146,Walker County Training (AL)
Walker County Tarining (AL),1,Walker County Training (AL)
Walnut Grove (AL),275,Walnut Grove (AL)
Walnut Grove West End (AL),608,Walnut Grove West End (AL)
Warrior (AL),600,Warrior (AL)
Warrior Academy (AL),210,Warrior Academy (AL)
Warrior Corner (AL),766,Warrior Corner (AL)
Warrior Corner Yellow (AL),21,Warrior Corner (AL)
Waterloo (AL),517,Waterloo (AL)
Weaver (AL),604,Weaver (AL)
Wedowee Randolph County (AL),882,Wedowee Randolph County (AL)
West Blocton (AL),879,West Blocton (AL)
West Jefferson (AL),691,West Jefferson (AL)
Westside (AL),121,Westside (AL)
Wetumpka (AL),984,Wetumpka (AL)
Wilcox County (AL),382,Wilcox County (AL)
Winfield (AL),940,Winfield (AL)
Woodland (AL),835,Woodland (AL)
Woodville (AL),200,Woodville (AL)
York Sumter Academy (AL),419,York Sumter Academy (AL)
York Sumter Central (AL),923,York Sumter Central (AL)
West End York (AL),9,York West End (AL)
