Alias_Name,GameCount,Standardized_Name
Ajo (AZ),354,Ajo (AZ)
Anthem Boulder Creek (AZ),197,Anthem Boulder Creek (AZ)
Apache Junction (AZ),568,Apache Junction (AZ)
Apache Junction Imagine Prep (AZ),12,Apache Junction Imagine Prep Superstition (AZ)
Apache Junction Imagine Prep Superstition (AZ),35,Apache Junction Imagine Prep Superstition (AZ)
Avondale Agua Fria (AZ),693,Avondale Agua Fria (AZ)
Avondale La Joya (AZ),18,Avondale La Joya Community (AZ)
Avondale La Joya Community (AZ),171,Avondale La Joya Community (AZ)
Avondale Saint John Paul II Catholic (AZ),13,Avondale St. John Paul II Catholic (AZ)
Avondale St. John (AZ),18,Avondale St. John Paul II Catholic (AZ)
Avondale St. John Paul II Catholic (AZ),20,Avondale St. John Paul II Catholic (AZ)
Avondale Westview (AZ),399,Avondale Westview (AZ)
Bagdad (AZ),264,Bagdad (AZ)
Benson (AZ),459,Benson (AZ)
Bisbee (AZ),667,Bisbee (AZ)
Buckeye (AZ),615,Buckeye (AZ)
Buckeye Verrado (AZ),167,Buckeye Verrado (AZ)
Buckeye Youngker (AZ),132,Buckeye Youngker (AZ)
Bullhead City Mohave (AZ),19,Bullhead City Mohave Accelerated (AZ)
Bullhead City Mohave Accelerated (AZ),660,Bullhead City Mohave Accelerated (AZ)
Camp Verde (AZ),356,Camp Verde (AZ)
Casa Grande (AZ),935,Casa Grande (AZ)
Casa Grande Mission Heights (AZ),12,Casa Grande Mission Heights Prep (AZ)
Casa Grande Mission Heights Prep (AZ),24,Casa Grande Mission Heights Prep (AZ)
Casa Grande Vista Grande (AZ),121,Casa Grande Vista Grande (AZ)
Cave Creek Cactus Shadows (AZ),408,Cave Creek Cactus Shadows (AZ)
Chandler (AZ),789,Chandler (AZ)
Chandler AZ Compass Prep (AZ),5,Chandler AZ Compass Prep (AZ)
Chandler AZ Compass Prep Green (AZ),2,Chandler AZ Compass Prep (AZ)
Chandler Basha (AZ),226,Chandler Basha (AZ)
Chandler Hamilton (AZ),337,Chandler Hamilton (AZ)
Chandler Prep (AZ),133,Chandler Prep (AZ)
Chandler Seton Catholic (AZ),368,Chandler Seton Catholic (AZ)
Chandler Seton Catholic Prep (AZ),1,Chandler Seton Catholic (AZ)
Chandler Skyline - Gila River (AZ),2,Chandler Skyline - Gila River (AZ)
Chandler Skyline Gila (AZ),13,Chandler Skyline - Gila River (AZ)
Chandler Valley Christian (AZ),349,Chandler Valley Christian (AZ)
Chinle (AZ),368,Chinle (AZ)
Chinle Rough Rock (AZ),115,Chinle Rough Rock (AZ)
Chino Valley (AZ),294,Chino Valley (AZ)
Cibecue Dishchiibikoh (AZ),2,Cibecue-Dischii Biko (AZ)
Cibecue Dishchii'bikoh (AZ),1,Cibecue-Dischii Biko (AZ)
Cibecue-Dischii Biko (AZ),10,Cibecue-Dischii Biko (AZ)
Clifton (AZ),115,Clifton (AZ)
Coolidge (AZ),698,Coolidge (AZ)
Cottonwood Mingus (AZ),637,Cottonwood Mingus (AZ)
Douglas (AZ),1109,Douglas (AZ)
Duncan (AZ),374,Duncan (AZ)
Eagar Round Valley (AZ),505,Eagar Round Valley (AZ)
Eager Round Valley (AZ),387,Eagar Round Valley (AZ)
El Mirage Dysart (AZ),543,El Mirage Dysart (AZ)
Elfrida Valley Union (AZ),192,Elfrida Valley Union (AZ)
Eloy Santa Cruz Valley (AZ),694,Eloy Santa Cruz Valley (AZ)
Flagstaff (AZ),1014,Flagstaff (AZ)
Flagstaff Coconino (AZ),646,Flagstaff Coconino (AZ)
Flagstaff Sinagua (AZ),219,Flagstaff Sinagua (AZ)
Florence (AZ),678,Florence (AZ)
Fort Defiance Window Rock (AZ),337,Fort Defiance Window Rock (AZ)
Fort Thomas (AZ),193,Fort Thomas (AZ)
Fountain Hills (AZ),298,Fountain Hills (AZ)
Fredonia (AZ),162,Fredonia (AZ)
Ganado (AZ),412,Ganado (AZ)
Gila Bend (AZ),215,Gila Bend (AZ)
Gilbert (AZ),688,Gilbert (AZ)
Gilbert Arete Prep (AZ),108,Gilbert Arete Prep (AZ)
Gilbert Campo Verde (AZ),162,Gilbert Campo Verde (AZ)
Gilbert Christian (AZ),153,Gilbert Christian (AZ)
Gilbert Highland (AZ),378,Gilbert Highland (AZ)
Gilbert Higley (AZ),287,Gilbert Higley (AZ)
Gilbert Mesquite (AZ),291,Gilbert Mesquite (AZ)
Gilbert Perry (AZ),196,Gilbert Perry (AZ)
Gilbert Williams Field (AZ),212,Gilbert Williams Field (AZ)
Glendale (AZ),757,Glendale (AZ)
Glendale Apollo (AZ),666,Glendale Apollo (AZ)
Glendale Cactus (AZ),611,Glendale Cactus (AZ)
Glendale Copper Canyon (AZ),185,Glendale Copper Canyon (AZ)
Glendale Cortez (AZ),442,Glendale Cortez (AZ)
Glendale Deer Valley (AZ),484,Glendale Deer Valley (AZ)
Glendale Desert Heights (AZ),19,Glendale Desert Heights Prep (AZ)
Glendale Desert Heights Prep (AZ),86,Glendale Desert Heights Prep (AZ)
Glendale Independence (AZ),520,Glendale Independence (AZ)
Glendale Ironwood (AZ),381,Glendale Ironwood (AZ)
Glendale Kellis (AZ),190,Glendale Kellis (AZ)
Glendale Mountain Ridge (AZ),331,Glendale Mountain Ridge (AZ)
Glendale Prep Academy (AZ),149,Glendale Prep Academy (AZ)
Globe (AZ),616,Globe (AZ)
Goodyear Desert Edge (AZ),258,Goodyear Desert Edge (AZ)
Goodyear Estrella Foothills (AZ),245,Goodyear Estrella Foothills (AZ)
Goodyear Millenium (AZ),278,Goodyear Millenium (AZ)
Goodyear Millennium (AZ),18,Goodyear Millenium (AZ)
Heber Mogollon (AZ),283,Heber Mogollon (AZ)
Holbrook (AZ),648,Holbrook (AZ)
Ironwood (AZ),207,Ironwood (AZ)
Joseph City (AZ),195,Joseph City (AZ)
Kayenta Monument Valley (AZ),423,Kayenta Monument Valley (AZ)
Monument Valley (AZ),2,Kayenta Monument Valley (AZ)
Keams Canyon Hopi (AZ),186,Keams Canyon Hopi (AZ)
Kearns Canyon Hopi (AZ),6,Keams Canyon Hopi (AZ)
Kearny Ray (AZ),547,Kearny Ray (AZ)
Kingman (AZ),715,Kingman (AZ)
Kingman Academy (AZ),178,Kingman Academy (AZ)
Kingman Lee Williams (AZ),127,Kingman Lee Williams (AZ)
Lake Havasu City (AZ),575,Lake Havasu City (AZ)
Lake Havasu City Desert Tech (AZ),2,Lake Havasu City Desert Tech Public Charter (AZ)
Lake Havasu City Desert Tech Public Charter (AZ),3,Lake Havasu City Desert Tech Public Charter (AZ)
Blue Rdge (AZ),1,Lakeside Blue Ridge (AZ)
Blue Ridge (AZ),2,Lakeside Blue Ridge (AZ)
Lakeside Blue Ridge (AZ),686,Lakeside Blue Ridge (AZ)
Laveen Cesar Chavez (AZ),255,Laveen Cesar Chavez (AZ)
Laveen Fairfax (AZ),165,Laveen Fairfax (AZ)
Littlefield Beaver Dam (AZ),148,Littlefield Beaver Dam (AZ)
Many Farms (AZ),194,Many Farms (AZ)
Maricopa (AZ),567,Maricopa (AZ)
Maricopa Sequoia Pathway (AZ),10,Maricopa Sequoia Pathway Academy (AZ)
Maricopa Sequoia Pathway Academy (AZ),41,Maricopa Sequoia Pathway Academy (AZ)
Mayer (AZ),458,Mayer (AZ)
Mayer Orme (AZ),289,Mayer Orme (AZ)
Mesa (AZ),844,Mesa (AZ)
Mesa Desert Ridge (AZ),264,Mesa Desert Ridge (AZ)
Mesa Dobson (AZ),481,Mesa Dobson (AZ)
Mesa Dobson JV (AZ),1,Mesa Dobson JV (AZ)
Mesa DobsonJV (AZ),3,Mesa Dobson JV (AZ)
Mesa Heritage Academy (AZ),158,Mesa Heritage Academy (AZ)
Mesa Mountain View (AZ),263,Mesa Mountain View (AZ)
Mesa Mountain View Toros (AZ),347,Mesa Mountain View Toros (AZ)
Mesa Red Mountain (AZ),447,Mesa Red Mountain (AZ)
Mesa Sequoia (AZ),106,Mesa Sequoia (AZ)
Mesa Sequoia Charter (AZ),12,Mesa Sequoia (AZ)
Mesa Skyline (AZ),288,Mesa Skyline (AZ)
Mesa Westwood (AZ),634,Mesa Westwood (AZ)
Miami (AZ),609,Miami (AZ)
Mohave River Valley (AZ),144,Mohave River Valley (AZ)
Mohave Valley River Valley (AZ),270,Mohave Valley River Valley (AZ)
Mojave Valley River Valley (AZ),1,Mohave Valley River Valley (AZ)
Morenci (AZ),611,Morenci (AZ)
Nogales (AZ),733,Nogales (AZ)
Page (AZ),434,Page (AZ)
Page Sand (AZ),374,Page Sand (AZ)
Parker (AZ),642,Parker (AZ)
Payson (AZ),548,Payson (AZ)
Peoria (AZ),756,Peoria (AZ)
Peoria Centennial (AZ),430,Peoria Centennial (AZ)
Peoria Liberty (AZ),214,Peoria Liberty (AZ)
Peoria Sunrise Mountain (AZ),311,Peoria Sunrise Mountain (AZ)
Phoenix Alhambra (AZ),636,Phoenix Alhambra (AZ)
Phoenix Arcadia (AZ),582,Phoenix Arcadia (AZ)
Phoenix Arizona Lutheran Academy (AZ),319,Phoenix Arizona Lutheran Academy (AZ)
Phoenix Bourgade Catholic (AZ),564,Phoenix Bourgade Catholic (AZ)
Phoenix Brophy College (AZ),20,Phoenix Brophy College Prep (AZ)
Phoenix Brophy College Prep (AZ),768,Phoenix Brophy College Prep (AZ)
Phoenix Browne (AZ),529,Phoenix Browne (AZ)
Phoenix Camelback (AZ),696,Phoenix Camelback (AZ)
Phoenix Canyon del Oro (AZ),295,Phoenix Canyon del Oro (AZ)
Phoenix Carl Hayden (AZ),474,Phoenix Carl Hayden (AZ)
Phoenix Carl Hayden Community (AZ),198,Phoenix Carl Hayden Community (AZ)
Phoenix Central (AZ),673,Phoenix Central (AZ)
Phoenix Christian (AZ),631,Phoenix Christian (AZ)
Phoenix Christian Preparatory (AZ),5,Phoenix Christian (AZ)
Phoenix Cortez (AZ),564,Phoenix Cortez (AZ)
Phoenix Day School for the Deaf (AZ),98,Phoenix Day School for the Deaf (AZ)
Phoenix Day School for the Deaf-Arizona School for the Deaf & Blind (AZ),14,Phoenix Day School for the Deaf (AZ)
Phoenix Desert Vista (AZ),310,Phoenix Desert Vista (AZ)
Phoenix East (AZ),169,Phoenix East (AZ)
Phoenix Gerard (AZ),263,Phoenix Gerard (AZ)
Phoenix Goldwater (AZ),404,Phoenix Goldwater (AZ)
Phoenix Greenway (AZ),598,Phoenix Greenway (AZ)
Phoenix Indian (AZ),105,Phoenix Indian (AZ)
Phoenix Madison Highland (AZ),16,Phoenix Madison Highland Prep (AZ)
Phoenix Madison Highland Prep (AZ),44,Phoenix Madison Highland Prep (AZ)
Phoenix Maryvale (AZ),699,Phoenix Maryvale (AZ)
Phoenix Maryvale Prep (AZ),16,Phoenix Maryvale (AZ)
Phoenix Moon Valley (AZ),674,Phoenix Moon Valley (AZ)
Phoenix Mountain Pointe (AZ),401,Phoenix Mountain Pointe (AZ)
Phoenix Nfl Yet (AZ),19,Phoenix NFL Yet Academy (AZ)
Phoenix NFL Yet Academy (AZ),149,Phoenix NFL Yet Academy (AZ)
Phoenix North (AZ),677,Phoenix North (AZ)
Phoenix North Canyon (AZ),344,Phoenix North Canyon (AZ)
Phoenix North Pointe (AZ),2,Phoenix North Pointe Prep (AZ)
Phoenix North Pointe Prep (AZ),163,Phoenix North Pointe Prep (AZ)
Phoenix Northwest Christian (AZ),342,Phoenix Northwest Christian (AZ)
Phoenix O'Connor (AZ),199,Phoenix O'Connor (AZ)
Phoenix Paradise Valley (AZ),566,Phoenix Paradise Valley (AZ)
Phoenix Paradise Valley Christian Prep (AZ),16,Phoenix Paradise Valley (AZ)
Phoenix Pinnacle (AZ),293,Phoenix Pinnacle (AZ)
Phoenix Scottsdale Christian (AZ),1,Phoenix Scottsdale Christian Academy (AZ)
Phoenix Scottsdale Christian Academy (AZ),335,Phoenix Scottsdale Christian Academy (AZ)
Phoenix Shadow Mountain (AZ),518,Phoenix Shadow Mountain (AZ)
Phoenix Sierra Linda (AZ),146,Phoenix Sierra Linda (AZ)
Phoenix Skyline Prep (AZ),38,Phoenix Skyline Prep (AZ)
Phoenix Skyline Tech (AZ),3,Phoenix Skyline Prep (AZ)
Phoenix South Mountain (AZ),678,Phoenix South Mountain (AZ)
Phoenix South Pointe (AZ),10,Phoenix South Pointe (AZ)
Phoenix SouthPointe (AZ),129,Phoenix South Pointe (AZ)
Phoenix Southwest Leadership (AZ),9,Phoenix Southwest Leadership Academy (AZ)
Phoenix Southwest Leadership Academy (AZ),17,Phoenix Southwest Leadership Academy (AZ)
Phoenix Saint Mary's (AZ),20,Phoenix St. Mary's (AZ)
Phoenix Saint Mary's Catholic (AZ),14,Phoenix St. Mary's (AZ)
Phoenix St. Mary (AZ),2,Phoenix St. Mary's (AZ)
Phoenix St. Marys (AZ),19,Phoenix St. Mary's (AZ)
Phoenix St. Mary's (AZ),618,Phoenix St. Mary's (AZ)
Phoenix Sunnyslope (AZ),620,Phoenix Sunnyslope (AZ)
Phoenix Thunderbird (AZ),590,Phoenix Thunderbird (AZ)
Phoenix Union (AZ),124,Phoenix Union (AZ)
Phoenix Union (AZ) (AZ),6,Phoenix Union (AZ)
Phoenix Valley Lutheran (AZ),241,Phoenix Valley Lutheran (AZ)
Phoenix Veritas Prep (AZ),172,Phoenix Veritas Prep (AZ)
Phoenix Washington (AZ),735,Phoenix Washington (AZ)
Phoenix West (AZ),296,Phoenix West (AZ)
Phoenix Westwind Prep Academy (AZ),95,Phoenix Westwind Prep Academy (AZ)
Phoenix Westwind Preparatory Academy (AZ),6,Phoenix Westwind Prep Academy (AZ)
Pima (AZ),417,Pima (AZ)
Pinon (AZ),220,Pinon (AZ)
Prescott (AZ),1021,Prescott (AZ)
Prescott Valley Bradshaw Mountain (AZ),514,Prescott Valley Bradshaw Mountain (AZ)
Queen Creek (AZ),360,Queen Creek (AZ)
Queen Creek Canyon State Academy (AZ),216,Queen Creek Canyon State Academy (AZ)
Queen Creek Heritage Academy (AZ),12,Queen Creek Heritage Academy (AZ)
Queen Creek Heritage Academy Gateway (AZ),3,Queen Creek Heritage Academy (AZ)
Queen Creek San Tan (AZ),18,Queen Creek San Tan Foothills (AZ)
Queen Creek San Tan Foothills (AZ),94,Queen Creek San Tan Foothills (AZ)
Rio Rico (AZ),247,Rio Rico (AZ)
Safford (AZ),667,Safford (AZ)
Sahuarita (AZ),558,Sahuarita (AZ)
Sahuarita Walden Grove (AZ),140,Sahuarita Walden Grove (AZ)
Saint David (AZ),38,Saint David (AZ)
St David (AZ),41,Saint David (AZ)
St. David (AZ),107,Saint David (AZ)
Saint Johns (AZ),257,Saint Johns (AZ)
St Johns (AZ),235,Saint Johns (AZ)
St. Johns (AZ),200,Saint Johns (AZ)
St. Johns JV (AZ),1,Saint Johns JV (AZ)
St Michael (AZ),1,Saint Michael (AZ)
St. Michael (AZ),130,Saint Michael (AZ)
Salome (AZ),234,Salome (AZ)
San Carlos (AZ),211,San Carlos (AZ)
San Manuel (AZ),13,San Manuel (AZ)
SanManuel (AZ),536,San Manuel (AZ)
San Tan Valley Poston Butte (AZ),120,San Tan Valley Poston Butte (AZ)
Sanders Valley (AZ),223,Sanders Valley (AZ)
Scottsdale (AZ),198,Scottsdale (AZ)
Scottsdale Arcadia (AZ),478,Scottsdale Arcadia (AZ)
Scottsdale Chaparral (AZ),662,Scottsdale Chaparral (AZ)
Scottsdale Cicero Prep (AZ),14,Scottsdale Cicero Prep Academy (AZ)
Scottsdale Cicero Prep Academy (AZ),18,Scottsdale Cicero Prep Academy (AZ)
Scottsdale Coronado (AZ),737,Scottsdale Coronado (AZ)
Scottsdale Desert Mountain (AZ),324,Scottsdale Desert Mountain (AZ)
Scottsdale Horizon (AZ),519,Scottsdale Horizon (AZ)
Scottsdale Notre Dame Prep (AZ),252,Scottsdale Notre Dame Prep (AZ)
Scottsdale Preparatory (AZ),21,Scottsdale Prep Academy (AZ)
Scottsdale Preparatory Academy (AZ),137,Scottsdale Prep Academy (AZ)
Scottsdale Saguaro (AZ),760,Scottsdale Saguaro (AZ)
Scottsdale Salt River (AZ),89,Scottsdale Salt River (AZ)
Scottsdale Salt River Eagles (AZ),19,Scottsdale Salt River (AZ)
Sedona Red Rock (AZ),242,Sedona Red Rock (AZ)
Sells Baboquivari (AZ),282,Sells Baboquivari (AZ)
Sells Tohono Oodham (AZ),18,Sells Tohono O'Odham (AZ)
Sells Tohono O'Odham (AZ),13,Sells Tohono O'Odham (AZ)
Show Low (AZ),550,Show Low (AZ)
Sierra Vista Buena (AZ),634,Sierra Vista Buena (AZ)
Snowflake (AZ),1053,Snowflake (AZ)
Superior (AZ),543,Superior (AZ)
Surprise Paradise Honors (AZ),141,Surprise Paradise Honors (AZ)
Surprise Shadow Ridge (AZ),156,Surprise Shadow Ridge (AZ)
Surprise Valley Vista (AZ),191,Surprise Valley Vista (AZ)
Surprise Willow Canyon (AZ),209,Surprise Willow Canyon (AZ)
Teec Nos Pos Red Mesa (AZ),199,Teec Nos Pos Red Mesa (AZ)
Tempe (AZ),778,Tempe (AZ)
Tempe Corona Del (AZ),17,Tempe Corona del Sol (AZ)
Tempe Corona del Sol (AZ),572,Tempe Corona del Sol (AZ)
Tempe James Madison (AZ),6,Tempe James Madison Prep (AZ)
Tempe James Madison Prep (AZ),72,Tempe James Madison Prep (AZ)
Tempe Marcos de Niza (AZ),600,Tempe Marcos de Niza (AZ)
Tempe McClintock (AZ),599,Tempe McClintock (AZ)
Tempe Prep (AZ),223,Tempe Prep (AZ)
Thatcher (AZ),544,Thatcher (AZ)
Tolleson (AZ),582,Tolleson (AZ)
Tombstone (AZ),489,Tombstone (AZ)
Tombstone Yellow (AZ),18,Tombstone (AZ)
Tonopah Valley (AZ),208,Tonopah Valley (AZ)
Tuba City (AZ),350,Tuba City (AZ)
Tuba City Greyhills Academy (AZ),199,Tuba City Greyhills Academy (AZ)
Tucson Amphitheater (AZ),762,Tucson Amphitheater (AZ)
Tucson Arizona School for the Deaf & Blind (AZ),27,Tucson Arizona School for the Deaf & Blind (AZ)
Tucson Canyon Del (AZ),19,Tucson Canyon del Oro (AZ)
Tucson Canyon del Oro (AZ),632,Tucson Canyon del Oro (AZ)
Tucson Catalina (AZ),652,Tucson Catalina (AZ)
Tucson Catalina Foothills (AZ),319,Tucson Catalina Foothills (AZ)
Tucson Cholla (AZ),592,Tucson Cholla (AZ)
Tucson Desert View (AZ),419,Tucson Desert View (AZ)
Tucson Empire (AZ),201,Tucson Empire (AZ)
Tucson Flowing Wells (AZ),665,Tucson Flowing Wells (AZ)
Tucson High (AZ),21,Tucson High Magnet School (AZ)
Tucson High Magnet School (AZ),616,Tucson High Magnet School (AZ)
Tucson Ironwood Ridge (AZ),260,Tucson Ironwood Ridge (AZ)
Tucson Marana (AZ),649,Tucson Marana (AZ)
Tucson Mountain View (AZ),409,Tucson Mountain View (AZ)
Tucson Palo Verde (AZ),676,Tucson Palo Verde (AZ)
Tucson Pueblo (AZ),659,Tucson Pueblo (AZ)
Tucson Pusch Ridge (AZ),55,Tucson Pusch Ridge Christian Academy (AZ)
Tucson Pusch Ridge Christian Academy (AZ),219,Tucson Pusch Ridge Christian Academy (AZ)
Tucson Rincon (AZ),497,Tucson Rincon (AZ)
Tucson Rincon University (AZ),16,Tucson Rincon-University (AZ)
Tucson Rincon-University (AZ),84,Tucson Rincon-University (AZ)
Tucson Sabino (AZ),636,Tucson Sabino (AZ)
Tucson Sahuaro (AZ),512,Tucson Sahuaro (AZ)
Tucson Salpointe Catholic (AZ),631,Tucson Salpointe Catholic (AZ)
Tucson Santa Rita (AZ),579,Tucson Santa Rita (AZ)
Tucson Sunnyside (AZ),561,Tucson Sunnyside (AZ)
Tucson Tanque Verde (AZ),175,Tucson Tanque Verde (AZ)
Univerisity of Arizona Fresh (AZ),1,University of Arizona Frosh (AZ)
University of Arizona Fresh (AZ),1,University of Arizona Frosh (AZ)
University of Arizona Freshman (AZ),5,University of Arizona Frosh (AZ)
Vail Cienega (AZ),267,Vail Cienega (AZ)
Wellton Antelope (AZ),362,Wellton Antelope (AZ)
Welton Antelope (AZ),4,Wellton Antelope (AZ)
Whiteriver Alchesay (AZ),365,Whiteriver Alchesay (AZ)
Wickenburg (AZ),613,Wickenburg (AZ)
Willcox (AZ),631,Willcox (AZ)
Williams (AZ),400,Williams (AZ)
Window Rock (AZ),106,Window Rock (AZ)
Winkelman Hayden (AZ),533,Winkelman Hayden (AZ)
Winslow (AZ),769,Winslow (AZ)
Yuma (AZ),636,Yuma (AZ)
Yuma Union (AZ),17,Yuma (AZ)
Yuma Catholic (AZ),303,Yuma Catholic (AZ)
Yuma Cibola (AZ),363,Yuma Cibola (AZ)
Yuma Gila Ridge (AZ),176,Yuma Gila Ridge (AZ)
Yuma Harvest Prep (AZ),12,Yuma Harvest Prep Academy (AZ)
Yuma Harvest Prep Academy (AZ),90,Yuma Harvest Prep Academy (AZ)
Yuma Kofa (AZ),642,Yuma Kofa (AZ)
