Alias_Name,GameCount,Standardized_Name
Aguilar (CO),165,Aguilar (CO)
Akron (CO),450,Akron (CO)
Alamosa (CO),505,Alamosa (CO)
Anton Arickaree (CO),236,Anton Arickaree (CO)
Antonito (CO),276,Antonito (CO)
Arvada (CO),497,Arvada (CO)
Arvada Faith Christian (CO),264,Arvada Faith Christian (CO)
Arvada Maranatha Christian Center (CO),21,Arvada Maranatha Christian Center (CO)
Arvada Maranatha ChristianCenter (CO),39,Arvada Maranatha Christian Center (CO)
Arvada Pomona (CO),595,Arvada Pomona (CO)
Arvada Ralston Valley (CO),283,Arvada Ralston Valley (CO)
Arvada West (CO),605,Arvada West (CO)
Aspen (CO),343,Aspen (CO)
Ault Highland (CO),466,Ault Highland (CO)
Aurora Central (CO),474,Aurora Central (CO)
Aurora Cherokee Trail (CO),241,Aurora Cherokee Trail (CO)
Aurora Christian (CO),33,Aurora Christian Academy (CO)
Aurora Christian Academy (CO),15,Aurora Christian Academy (CO)
Aurora Gateway (CO),430,Aurora Gateway (CO)
Aurora Grandview (CO),305,Aurora Grandview (CO)
Aurora Hinkley (CO),501,Aurora Hinkley (CO)
Aurora Overland (CO),454,Aurora Overland (CO)
Aurora Rangeview (CO),361,Aurora Rangeview (CO)
Aurora Regis Jesuit (CO),602,Aurora Regis Jesuit (CO)
Denver Regis (CO),3,Aurora Regis Jesuit (CO)
Aurora Smoky Hill (CO),465,Aurora Smoky Hill (CO)
Aurora Vista PEAK Prep (CO),138,Aurora Vista PEAK Prep (CO)
Bailey Platte Canyon (CO),344,Bailey Platte Canyon (CO)
Basalt (CO),343,Basalt (CO)
Bayfield (CO),770,Bayfield (CO)
Bennett (CO),380,Bennett (CO)
Berthoud (CO),388,Berthoud (CO)
Bethune (CO),173,Bethune (CO)
Black Hawk Gilpin (CO),16,Black Hawk Gilpin County (CO)
Black Hawk Gilpin County (CO),183,Black Hawk Gilpin County (CO)
Blanca Sierra Grande (CO),255,Blanca Sierra Grande (CO)
Boulder (CO),643,Boulder (CO)
Boulder Fairview (CO),671,Boulder Fairview (CO)
Boulder Prep (CO),2,Boulder State Prep (CO)
Boulder State Prep (CO),19,Boulder State Prep (CO)
Briggsdale (CO),190,Briggsdale (CO)
Brighton (CO),564,Brighton (CO)
Broomfield (CO),568,Broomfield (CO)
Broomfield Holy Family (CO),402,Broomfield Holy Family (CO)
Broomfield Legacy (CO),256,Broomfield Legacy (CO)
Broomfield Prospect Ridge (CO),16,Broomfield Prospect Ridge Academy (CO)
Broomfield Prospect Ridge Academy (CO),58,Broomfield Prospect Ridge Academy (CO)
Brush (CO),504,Brush (CO)
Buena Vista (CO),728,Buena Vista (CO)
Burlington (CO),490,Burlington (CO)
Byers (CO),366,Byers (CO)
Calhan (CO),356,Calhan (CO)
Calhan Ellicott (CO),347,Calhan Ellicott (CO)
Canon City (CO),531,Canon City (CO)
Abbey (CO),1,Canon City Abbey (CO)
Canon Abbey (CO),1,Canon City Abbey (CO)
Canon City Abbey (CO),116,Canon City Abbey (CO)
Carbondale Roaring Fork (CO),372,Carbondale Roaring Fork (CO)
Castle Rock (CO),3,Castle Rock Castle View (CO)
Castle Rock Castle View (CO),141,Castle Rock Castle View (CO)
Castle Rock Douglas County (CO),486,Castle Rock Douglas County (CO)
Cedaredge (CO),422,Cedaredge (CO)
Centennial Arapahoe (CO),242,Centennial Arapahoe (CO)
Centennial Eaglecrest (CO),334,Centennial Eaglecrest (CO)
Center (CO),372,Center (CO)
Cheraw (CO),318,Cheraw (CO)
Cheyenne Wells (CO),328,Cheyenne Wells (CO)
Collbran Plateau Valley (CO),319,Collbran Plateau Valley (CO)
Colorado School for the Deaf & Blind (CO),197,Colorado School for the Deaf & Blind (CO)
Colorado School for the Deaf (CO),3,Colorado School for the Deaf & Blind (CO)
Colorado Springs Colorado School for the Deaf Blind (CO),9,Colorado School for the Deaf & Blind (CO)
Colorado Springs (CO),107,Colorado Springs (CO)
Colorado Springs Colorado Springs (CO),18,Colorado Springs (CO)
Colorado Springs Banning Lewis (CO),16,Colorado Springs Banning Lewis Academy (CO)
Colorado Springs Banning Lewis Academy (CO),23,Colorado Springs Banning Lewis Academy (CO)
Colorado Springs Cheyenne Mountain (CO),405,Colorado Springs Cheyenne Mountain (CO)
Colorado Springs Christian (CO),181,Colorado Springs Christian (CO)
Colorado Springs Colorado Springs Christian (CO),2,Colorado Springs Christian (CO)
Colorado Springs Coronado (CO),371,Colorado Springs Coronado (CO)
Colorado Springs Discovery Canyon (CO),140,Colorado Springs Discovery Canyon (CO)
Colorado Springs Doherty (CO),431,Colorado Springs Doherty (CO)
Colorado Springs Fountain Valley (CO),157,Colorado Springs Fountain Valley (CO)
Colorado Springs Hanover (CO),113,Colorado Springs Hanover (CO)
Colorado Springs Harrison (CO),391,Colorado Springs Harrison (CO)
Colorado Springs Hilltop Baptist (CO),126,Colorado Springs Hilltop Baptist (CO)
Colorado Springs Liberty (CO),184,Colorado Springs Liberty (CO)
Colorado Springs Mesa Ridge (CO),164,Colorado Springs Mesa Ridge (CO)
Colorado Springs Mitchell (CO),414,Colorado Springs Mitchell (CO)
Colorado Springs Palmer (CO),418,Colorado Springs Palmer (CO)
Colorado Springs Pikes Peak Christian (CO),128,Colorado Springs Pikes Peak Christian (CO)
Colorado Springs Pine Creek (CO),261,Colorado Springs Pine Creek (CO)
Colorado Springs Rampart (CO),336,Colorado Springs Rampart (CO)
Colorado Springs Sand Creek (CO),168,Colorado Springs Sand Creek (CO)
Colorado Springs Sierra (CO),278,Colorado Springs Sierra (CO)
Colorado Springs Saint Mary's (CO),17,Colorado Springs St. Mary's (CO)
Colorado Springs St. Marys (CO),16,Colorado Springs St. Mary's (CO)
Colorado Springs St. Mary's (CO),289,Colorado Springs St. Mary's (CO)
Colorado Springs The Classical (CO),21,Colorado Springs The Classical Academy (CO)
Colorado Springs The Classical Academy (CO),142,Colorado Springs The Classical Academy (CO)
Colorado Springs Vista Ridge (CO),130,Colorado Springs Vista Ridge (CO)
Colorado Springs Wasson (CO),395,Colorado Springs Wasson (CO)
Colorado Springs Widefield (CO),376,Colorado Springs Widefield (CO)
Commerce City Adams City (CO),438,Commerce City Adams City (CO)
Conifer (CO),282,Conifer (CO)
Cortez Montezuma Cortez (CO),17,Cortez Montezuma County (CO)
Cortez Montezuma County (CO),509,Cortez Montezuma County (CO)
"Cortez Montezuma """"B"""" (CO)",2,Cortez Montezuma County JV (CO)
Cortez Montezuma County JV (CO),17,Cortez Montezuma County JV (CO)
Cotopaxi (CO),267,Cotopaxi (CO)
Craig Moffat County (CO),473,Craig Moffat County (CO)
Cripple Creek-Victor (CO),277,Cripple Creek-Victor (CO)
Deer Trail (CO),208,Deer Trail (CO)
Del Norte (CO),345,Del Norte (CO)
Del Notre (CO),1,Del Norte (CO)
Delta (CO),682,Delta (CO)
Denver Bishop Machebeuf (CO),163,Denver Bishop Machebeuf (CO)
Denver Christian (CO),339,Denver Christian (CO)
Denver Develyn (CO),18,Denver D'Evelyn (CO)
Denver D'Evelyn (CO),219,Denver D'Evelyn (CO)
Denver East (CO),483,Denver East (CO)
Denver George Washington (CO),477,Denver George Washington (CO)
Denver Kennedy (CO),435,Denver Kennedy (CO)
Denver Kennedy JV (CO),1,Denver Kennedy JV (CO)
Denver Kennedy Sophs (CO),2,Denver Kennedy JV (CO)
Denver Lincoln (CO),399,Denver Lincoln (CO)
Denver Lutheran (CO),238,Denver Lutheran (CO)
Denver Machebeuf (CO),135,Denver Machebeuf (CO)
Denver Manual (CO),403,Denver Manual (CO)
Denver Mapleton (CO),118,Denver Mapleton (CO)
Denver Montbello (CO),345,Denver Montbello (CO)
Denver Mullen (CO),634,Denver Mullen (CO)
Denver North (CO),454,Denver North (CO)
Denver Ranum (CO),280,Denver Ranum (CO)
Denver Rocky Mountain Lutheran (CO),104,Denver Rocky Mountain Lutheran (CO)
Denver Sheridan (CO),398,Denver Sheridan (CO)
Denver South (CO),500,Denver South (CO)
Denver St. Francis (CO),11,Denver St. Francis de Sales (CO)
Denver St. Francis de Sales (CO),14,Denver St. Francis de Sales (CO)
Denver St. Joseph (CO),17,Denver St. Joseph's (CO)
Denver St. Josephs (CO),14,Denver St. Joseph's (CO)
Denver St. Joseph's (CO),4,Denver St. Joseph's (CO)
Denver Thomas Jefferson (CO),499,Denver Thomas Jefferson (CO)
Denver West (CO),447,Denver West (CO)
Denver Westland Christian Academy (CO),2,Denver Westland Christian Academy (CO)
Denver WestlandChristianAcademy (CO),2,Denver Westland Christian Academy (CO)
Dolores (CO),447,Dolores (CO)
Dove Creek (CO),178,Dove Creek (CO)
Dove Creek Dolores County (CO),248,Dove Creek Dolores County (CO)
Durango (CO),1153,Durango (CO)
Eads (CO),389,Eads (CO)
Eaton (CO),448,Eaton (CO)
Edgewater Jefferson (CO),425,Edgewater Jefferson (CO)
Edwards Battle Mountain (CO),321,Edwards Battle Mountain (CO)
Edwards Vail Christian (CO),216,Edwards Vail Christian (CO)
Elbert (CO),245,Elbert (CO)
Elizabeth (CO),373,Elizabeth (CO)
Englewood (CO),765,Englewood (CO)
Englewood Kent Denver (CO),378,Englewood Kent Denver (CO)
Erie (CO),407,Erie (CO)
Estes Park (CO),330,Estes Park (CO)
Evergreen (CO),459,Evergreen (CO)
Evergreen Clear Creek (CO),353,Evergreen Clear Creek (CO)
Fairplay South Park (CO),292,Fairplay South Park (CO)
Falcon (CO),404,Falcon (CO)
Federal Heights The Pinnacle (CO),141,Federal Heights The Pinnacle (CO)
Flagler (CO),316,Flagler (CO)
Fleming (CO),354,Fleming (CO)
Florence (CO),552,Florence (CO)
Fort Collins (CO),836,Fort Collins (CO)
Ft. Collins (CO),5,Fort Collins (CO)
Fort Collins Fossil Ridge (CO),168,Fort Collins Fossil Ridge (CO)
Fort Collins Poudre (CO),480,Fort Collins Poudre (CO)
Ft. Collins Poudre (CO),1,Fort Collins Poudre (CO)
Fort Collins Rocky Mountain (CO),415,Fort Collins Rocky Mountain (CO)
Fort Lupton (CO),353,Fort Lupton (CO)
Fort Morgan (CO),561,Fort Morgan (CO)
Fountain-Fort Carson (CO),368,Fountain-Fort Carson (CO)
Fowler (CO),459,Fowler (CO)
Frederick (CO),330,Frederick (CO)
Frisco Summit (CO),283,Frisco Summit (CO)
Frisco Summit County (CO),1,Frisco Summit (CO)
Fruita Monument (CO),646,Fruita Monument (CO)
Fruta (CO),1,Fruita Monument (CO)
Genoa Hugo (CO),111,Genoa-Hugo (CO)
Hugo Genoa Hugo (CO),16,Genoa-Hugo (CO)
Genoa-Hugo-Karval (CO),115,Genoa-Hugo-Karval (CO)
Gilchrist Valley (CO),1,Gilcrest Valley (CO)
Gilcrest Valley (CO),409,Gilcrest Valley (CO)
Glenwood Springs (CO),475,Glenwood Springs (CO)
Golden (CO),463,Golden (CO)
Granada (CO),394,Granada (CO)
Granby Middle Park (CO),321,Granby Middle Park (CO)
Grand Junction (CO),1203,Grand Junction (CO)
Grand Junction Central (CO),650,Grand Junction Central (CO)
Grand Junction Central JV (CO),15,Grand Junction Central JV (CO)
Grand Junction Central Sophs (CO),1,Grand Junction Central JV (CO)
"Grand junction """"B"""" (CO)",3,Grand Junction JV (CO)
"Grand Junction """"JV"""" (CO)",1,Grand Junction JV (CO)
Grand Junction Sophs (CO),1,Grand Junction JV (CO)
Grand Junction Life Academy (CO),20,Grand Junction Life Academy Christian (CO)
Grand Junction Life Academy Christian (CO),16,Grand Junction Life Academy Christian (CO)
Greeley Central (CO),819,Greeley Central (CO)
Greeley Dayspring Christian (CO),18,Greeley Dayspring Christian Academy (CO)
Greeley Dayspring Christian Academy (CO),1,Greeley Dayspring Christian Academy (CO)
Greeley Dayspring ChristianAcademy (CO),263,Greeley Dayspring Christian Academy (CO)
Greeley Northridge (CO),240,Greeley Northridge (CO)
Greeley University (CO),205,Greeley University (CO)
Greeley University High (CO),152,Greeley University High (CO)
Greeley West (CO),497,Greeley West (CO)
Greenwood Village Cherry Creek (CO),716,Greenwood Village Cherry Creek (CO)
Grover Pawnee (CO),119,Grover Pawnee (CO)
Gunnison (CO),465,Gunnison (CO)
Gypsum Eagle Valley (CO),427,Gypsum Eagle Valley (CO)
Haxtun (CO),442,Haxtun (CO)
Hayden (CO),367,Hayden (CO)
Henderson Prairie View (CO),201,Henderson Prairie View (CO)
Highlands Ranch (CO),365,Highlands Ranch (CO)
Highlands Ranch Mountain Vista (CO),200,Highlands Ranch Mountain Vista (CO)
Highlands Ranch Rock Canyon (CO),161,Highlands Ranch Rock Canyon (CO)
Highlands Ranch Thunder Ridge (CO),17,Highlands Ranch ThunderRidge (CO)
Highlands Ranch ThunderRidge (CO),248,Highlands Ranch ThunderRidge (CO)
Highlands Ranch Valor Christian (CO),188,Highlands Ranch Valor Christian (CO)
Hoehne (CO),359,Hoehne (CO)
Holly (CO),334,Holly (CO)
Holyoke (CO),408,Holyoke (CO)
Hotchkiss (CO),410,Hotchkiss (CO)
"Hotchkiss """"B"""" (CO)",1,Hotchkiss JV (CO)
Hotchkiss JV (CO),1,Hotchkiss JV (CO)
Hugo (CO),105,Hugo (CO)
Idalia (CO),338,Idalia (CO)
Ignacio (CO),1246,Ignacio (CO)
Iliff (CO),11,Iliff Caliche (CO)
Iliff Caliche (CO),375,Iliff Caliche (CO)
Joes Liberty (CO),202,Joes Liberty (CO)
Joes Liberty-Stratton (CO),15,Joes Liberty-Stratton (CO)
Joes Stratton-Liberty (CO),51,Joes Liberty-Stratton (CO)
Johnstown Roosevelt (CO),387,Johnstown Roosevelt (CO)
Julesburg (CO),211,Julesburg (CO)
Julesburg Sedgwick County (CO),234,Julesburg Sedgwick County (CO)
Keenesburg Weld Central (CO),360,Keenesburg Weld Central (CO)
Kersey Platte Valley (CO),387,Kersey Platte Valley (CO)
Kiowa (CO),254,Kiowa (CO)
Kit Carson (CO),279,Kit Carson (CO)
Kremmling West Grand (CO),380,Kremmling West Grand (CO)
La Jara Centauri (CO),375,La Jara Centauri (CO)
La Junta (CO),466,La Junta (CO)
La Junta La Junta (CO),17,La Junta (CO)
La Veta (CO),300,La Veta (CO)
La Veta La Veta (CO),14,La Veta (CO)
Lafayette Centaurus (CO),469,Lafayette Centaurus (CO)
Lafayette Justice (CO),141,Lafayette Justice (CO)
Lakewood (CO),526,Lakewood (CO)
Lakewood Alameda (CO),441,Lakewood Alameda (CO)
Lakewood Bear Creek (CO),502,Lakewood Bear Creek (CO)
Lakewood Green Mountain (CO),448,Lakewood Green Mountain (CO)
Denver Silver State Baptist (CO),1,Lakewood Silver State Baptist (CO)
Lakewood Silver State Baptist (CO),126,Lakewood Silver State Baptist (CO)
Lakewood Silver StateBaptist (CO),37,Lakewood Silver State Baptist (CO)
Morrison Silver State Christian (CO),6,Lakewood Silver State Baptist (CO)
Silver State (CO),1,Lakewood Silver State Baptist (CO)
Lakewood Silver StateBaptist JV (CO),1,Lakewood Silver State Baptist JV (CO)
Lakewood Westland Christian (CO),8,Lakewood Westland Christian (CO)
Lakewood WestlandChristian (CO),40,Lakewood Westland Christian (CO)
Lakewood WestlandChristian Academy (CO),1,Lakewood Westland Christian (CO)
Lamar (CO),486,Lamar (CO)
Las Animas (CO),400,Las Animas (CO)
Leadville Lake County (CO),340,Leadville Lake County (CO)
Limon (CO),553,Limon (CO)
Littleton (CO),503,Littleton (CO)
Littleton Arapahoe (CO),286,Littleton Arapahoe (CO)
Littleton Chatfield (CO),410,Littleton Chatfield (CO)
Littleton Columbine (CO),509,Littleton Columbine (CO)
Littleton Dakota Ridge (CO),313,Littleton Dakota Ridge (CO)
Littleton Front Range (CO),17,Littleton Front Range Christian (CO)
Littleton Front Range Christian (CO),177,Littleton Front Range Christian (CO)
Littleton Heritage (CO),516,Littleton Heritage (CO)
Longmont (CO),672,Longmont (CO)
Longmont Christian (CO),116,Longmont Christian (CO)
Longmont Mead (CO),169,Longmont Mead (CO)
Longmont Niwot (CO),425,Longmont Niwot (CO)
Longmont Silver Creek (CO),241,Longmont Silver Creek (CO)
Longmont Skyline (CO),400,Longmont Skyline (CO)
Louisville Monarch (CO),294,Louisville Monarch (CO)
Loveland (CO),688,Loveland (CO)
Loveland Mountain View (CO),248,Loveland Mountain View (CO)
Loveland Resurrection Christian (CO),214,Loveland Resurrection Christian (CO)
Loveland Thompson Valley (CO),426,Loveland Thompson Valley (CO)
Lyons (CO),409,Lyons (CO)
Mancos (CO),432,Mancos (CO)
Manitou Springs (CO),397,Manitou Springs (CO)
Manitou Springs Manitou Springs (CO),16,Manitou Springs (CO)
Manzanola (CO),302,Manzanola (CO)
McClave (CO),320,McClave (CO)
Meeker (CO),443,Meeker (CO)
Merino (CO),380,Merino (CO)
Monte Vista (CO),423,Monte Vista (CO)
Monte Vista Monte Vista (CO),17,Monte Vista (CO)
Monte Vista Sargent (CO),352,Monte Vista Sargent (CO)
Montezuma Cortez (CO),1,Montezuma-Cortez (CO)
Montezuma-Cortez (CO),223,Montezuma-Cortez (CO)
Montrose (CO),820,Montrose (CO)
Monument Lewis Palmer (CO),17,Monument Lewis-Palmer (CO)
Monument Lewis-Palmer (CO),434,Monument Lewis-Palmer (CO)
Monument Palmer Ridge (CO),202,Monument Palmer Ridge (CO)
Mosca Sangre De (CO),16,Mosca Sangre de Cristo (CO)
Mosca Sangre de Cristo (CO),1,Mosca Sangre de Cristo (CO)
Mosca Sangre deCristo (CO),299,Mosca Sangre de Cristo (CO)
Nederland (CO),254,Nederland (CO)
New Castle Coal Ridge (CO),169,New Castle Coal Ridge (CO)
New Raymer Prairie (CO),263,New Raymer Prairie (CO)
Northglenn (CO),495,Northglenn (CO)
Norwood (CO),385,Norwood (CO)
Nucla (CO),297,Nucla (CO)
Oak Creek (CO),4,Oak Creek Soroco (CO)
Oak Creek Soroco (CO),285,Oak Creek Soroco (CO)
Oak CreekUnion (CO),2,Oak Creek Soroco (CO)
Olathe (CO),465,Olathe (CO)
Ordway Crowley County (CO),395,Ordway Crowley County (CO)
Otis (CO),352,Otis (CO)
Ovid Revere (CO),181,Ovid Revere (CO)
Pagosa (CO),151,Pagosa (CO)
Pagosa Springs (CO),425,Pagosa Springs (CO)
Pagosa Springs Pagosa Springs (CO),17,Pagosa Springs (CO)
Palisade (CO),549,Palisade (CO)
Paonia (CO),425,Paonia (CO)
Parachute Grand Valley (CO),329,Parachute Grand Valley (CO)
Parker Chaparral (CO),267,Parker Chaparral (CO)
Parker Legend (CO),178,Parker Legend (CO)
Parker Lutheran (CO),201,Parker Lutheran (CO)
Parker Ponderosa (CO),386,Parker Ponderosa (CO)
Peetz (CO),366,Peetz (CO)
Peyton (CO),317,Peyton (CO)
Plateau Valley-De Beque (CO),1,Platte Valley-De Beque (CO)
Platte Valley-De Beque (CO),13,Platte Valley-De Beque (CO)
Pueblo Parochial (CO),1,Pueblo Catholic (CO)
Pueblo Centennial (CO),657,Pueblo Centennial (CO)
Pueblo Central (CO),893,Pueblo Central (CO)
Pueblo County (CO),495,Pueblo County (CO)
Pueblo Dolores Huerta (CO),7,Pueblo Dolores Huerta Prep (CO)
Pueblo Dolores Huerta Prep (CO),131,Pueblo Dolores Huerta Prep (CO)
Pueblo East (CO),512,Pueblo East (CO)
Pueblo South (CO),525,Pueblo South (CO)
Pueblo West (CO),203,Pueblo West (CO)
Pueblo West Pueblo West (CO),21,Pueblo West (CO)
Rangely (CO),400,Rangely (CO)
Rifle (CO),508,Rifle (CO)
Rocky Ford (CO),390,Rocky Ford (CO)
Rush Miami Yoder (CO),15,Rush Miami-Yoder (CO)
Rush Miami-Yoder (CO),225,Rush Miami-Yoder (CO)
Rye (CO),428,Rye (CO)
Saguache Mountain Valley (CO),251,Saguache Mountain Valley (CO)
Salida (CO),727,Salida (CO)
"Salida """"B"""" (CO)",3,Salida JV (CO)
Salida JV (CO),1,Salida JV (CO)
Sanford (CO),388,Sanford (CO)
Seibert Hi Plains (CO),9,Seibert Hi-Plains (CO)
Seibert Hi-Plains (CO),249,Seibert Hi-Plains (CO)
Simla (CO),408,Simla (CO)
Springfield (CO),376,Springfield (CO)
Steamboat Springs (CO),420,Steamboat Springs (CO)
Sterling (CO),503,Sterling (CO)
Strasburg (CO),389,Strasburg (CO)
Stratton (CO),387,Stratton (CO)
Swink (CO),358,Swink (CO)
Thornton (CO),463,Thornton (CO)
Thornton Horizon (CO),323,Thornton Horizon (CO)
Mountain States (CO),2,Thornton Mountain States Baptist Academy (CO)
Thornton Skyview (CO),292,Thornton Skyview (CO)
Trinidad (CO),565,Trinidad (CO)
Trinidad Catholic (CO),108,Trinidad Catholic (CO)
Trinidad Holy Trinity (CO),1,Trinidad Holy Trinity Academy (CO)
Trinidad Holy Trinity Academy (CO),12,Trinidad Holy Trinity Academy (CO)
US Air Force Academy (CO),19,US Air Force Academy (CO)
US Air Force Academy Air Academy (CO),390,US Air Force Academy (CO)
US Air Force Air Academy (CO),7,US Air Force Academy (CO)
US Air Force Academy JV (CO),1,US Air Force Academy JV (CO)
Walden North Park (CO),291,Walden North Park (CO)
Walsenburg (CO),139,Walsenburg (CO)
Walsenburg John Mall (CO),274,Walsenburg John Mall (CO)
Walsenburg St. Marys (CO),8,Walsenburg St. Mary's (CO)
Walsenburg St. Mary's (CO),3,Walsenburg St. Mary's (CO)
Walsh (CO),388,Walsh (CO)
Watkins Ridge View Academy (CO),158,Watkins Ridge View Academy (CO)
Weldona Weldon Valley (CO),14,Weldona Weldon Valley (CO)
Weldona WeldonValley (CO),251,Weldona Weldon Valley (CO)
Westcliffe Custer County (CO),345,Westcliffe Custer County (CO)
Westminster (CO),469,Westminster (CO)
Westminster Cornerstone Christian Academy (CO),119,Westminster Cornerstone Christian Academy (CO)
Westminster Mountain Range (CO),195,Westminster Mountain Range (CO)
Westminster Standley Lake (CO),298,Westminster Standley Lake (CO)
Westminster The Academy (CO),201,Westminster The Academy of Charter Schools (CO)
Westminster TheAcademy of Charter Schools (CO),16,Westminster The Academy of Charter Schools (CO)
Weston Primero (CO),210,Weston Primero (CO)
Wheat Ridge (CO),483,Wheat Ridge (CO)
Wiggins (CO),372,Wiggins (CO)
Wiley (CO),366,Wiley (CO)
Windsor (CO),456,Windsor (CO)
Woodland Park (CO),386,Woodland Park (CO)
Woodrow Woodlin (CO),178,Woodrow Woodlin (CO)
Wray (CO),467,Wray (CO)
Yuma (CO),440,Yuma (CO)
