Alias_Name,GameCount,Standardized_Name
Bear Caravel (DE),421,Bear Caravel (DE)
Bear Caravel Academy (DE),11,Bear Caravel (DE)
Caravell Academy (DE),1,Bear Caravel (DE)
Bear Red Lion Christian Academy (DE),171,Bear Red Lion Christian Academy (DE)
Bear Red Lion (DE),19,Bear Red Lion Christian Academy (DE)
Bridgeville Woodbridge (DE),430,Bridgeville Woodbridge (DE)
Camden Caesar Rodney (DE),616,Camden Caesar Rodney (DE)
Claymont (DE),280,Claymont (DE)
Claymont Archmere Academy (DE),677,Claymont Archmere Academy (DE)
Clayton First State Military Academy (DE),58,Clayton First State Military Academy (DE)
Clayton First St. ate (DE),19,Clayton First State Military Academy (DE)
West Nott (DE),1,Colora West Nottingham Academy (MD)
Dagsboro Indian River (DE),432,Dagsboro Indian River (DE)
Delaware City Gunning Bedford (DE),21,Delaware City Gunning Bedford (DE)
Delaware City Bedford (DE),11,Delaware City Gunning Bedford (DE)
Delaware City (DE),1,Delaware City Gunning Bedford (DE)
Delmar (DE),468,Delmar (DE)
Dover (DE),609,Dover (DE)
Dover Air Force Base (DE),29,Dover Air Force Base (DE)
Dover Air Base (DE),2,Dover Air Force Base (DE)
Felton Lake Forest (DE),435,Felton Lake Forest (DE)
Georgetown (DE),62,Georgetown (DE)
Georgetown Sussex Central (DE),496,Georgetown Sussex Central (DE)
Georgetown Sussex Tech (DE),359,Georgetown Sussex Tech (DE)
Hockessin Sanford Prep (DE),95,Hockessin Sanford Prep (DE)
Laurel (DE),574,Laurel (DE)
Lewes (DE),73,Lewes (DE)
Lewes Cape Henlopen (DE),447,Lewes Cape Henlopen (DE)
Middletown (DE),610,Middletown (DE)
Middletown St. Andrew's (DE),493,Middletown St. Andrew's (DE)
Middletown Saint Andrew's (DE),36,Middletown St. Andrew's (DE)
Middletown St. Andrews (DE),21,Middletown St. Andrew's (DE)
Middletown St. Andrew's ( (DE),1,Middletown St. Andrew's (DE)
"Middletown St. Andrew's, DE (DE)",1,Middletown St. Andrew's (DE)
Middletown St. Georges Tech (DE),160,Middletown St. Georges Tech (DE)
Middletown Saint Georges Tech (DE),33,Middletown St. Georges Tech (DE)
Middletown St. Georges (DE),21,Middletown St. Georges Tech (DE)
Milford (DE),588,Milford (DE)
Millsboro (DE),74,Millsboro (DE)
Milton (DE),62,Milton (DE)
New Castle DeLaWarr (DE),66,New Castle DeLaWarr (DE)
New Castle St. Peter Catholic (DE),5,New Castle St. Peter Catholic (DE)
New Castle St. Peter's (DE),3,New Castle St. Peter Catholic (DE)
New Castle William Penn (DE),543,New Castle William Penn (DE)
Newark (DE),603,Newark (DE)
Newark Christiana (DE),518,Newark Christiana (DE)
Newark Glasgow (DE),453,Newark Glasgow (DE)
Newark Hodgson Vo-Tech (DE),353,Newark Hodgson Vo-Tech (DE)
Newark Hodgson Vo (DE),19,Newark Hodgson Vo-Tech (DE)
Newark Hodgson Voc-Tech (DE),9,Newark Hodgson Vo-Tech (DE)
Seaford (DE),660,Seaford (DE)
Smyrna (DE),498,Smyrna (DE)
Unicersity of Delaware Frosh (DE),6,Unicersity of Delaware Frosh (DE)
University of Delaware Frosh (DE),1,Unicersity of Delaware Frosh (DE)
West Middletown Appoquinimink (DE),175,West Middletown Appoquinimink (DE)
Wilmington (DE),477,Wilmington (DE)
Wilmington Alexis I. DuPont (DE),13,Wilmington Alexis I. DuPont (DE)
Wilmington A.I. DuPont (DE),7,Wilmington Alexis I. DuPont (DE)
Wilmington Brandywine (DE),532,Wilmington Brandywine (DE)
Wilmington Brown Vo-Tech (DE),49,Wilmington Brown Vo-Tech (DE)
Wilmington Brown Voc-Tech (DE),9,Wilmington Brown Vo-Tech (DE)
Wilmington H. Fletcher Brown Vocational (DE),9,Wilmington Brown Vo-Tech (DE)
Wilmington Charter (DE),243,Wilmington Charter (DE)
Wilmington Concord (DE),466,Wilmington Concord (DE)
Wilmington Conf. Academy (DE),1,Wilmington Conference Academy (DE)
Wilmington Conference Academy (DE),1,Wilmington Conference Academy (DE)
Wilmington Conrad (DE),180,Wilmington Conrad (DE)
Wilmington Conrad Science (DE),159,Wilmington Conrad Science (DE)
Wilmington Delaware Military Academy (DE),189,Wilmington Delaware Military Academy (DE)
Wilmington Delaware Military (DE),17,Wilmington Delaware Military Academy (DE)
Wilmington Delcastle Technical (DE),418,Wilmington Delcastle Technical (DE)
Wilmington Dickinson (DE),504,Wilmington Dickinson (DE)
Wilmington DuPont (DE),448,Wilmington DuPont (DE)
Wilmington DuPont Academy (DE),1,Wilmington DuPont (DE)
Wilmington Friends (DE),518,Wilmington Friends (DE)
Wilmington Howard (DE),458,Wilmington Howard (DE)
Wilmington Howard Career Center (DE),1,Wilmington Howard (DE)
Wilmington McKean (DE),495,Wilmington McKean (DE)
Wilmington Moyer Academy (DE),47,Wilmington Moyer Academy (DE)
Wilmington The Maurice J. Moyer Academic Institute (DE),9,Wilmington Moyer Academy (DE)
Wilmington Mount Pleasant (DE),428,Wilmington Mt. Pleasant (DE)
Wilmington Mt. Pleasant (DE),329,Wilmington Mt. Pleasant (DE)
Wilmington P.S. DuPont (DE),148,Wilmington P.S. DuPont (DE)
Wilmington Salesianum (DE),822,Wilmington Salesianum (DE)
Wilmington St. Elizabeth (DE),445,Wilmington St. Elizabeth (DE)
Wilmington Saint Elizabeth (DE),36,Wilmington St. Elizabeth (DE)
Wilmington St. Elizabeth's (DE),1,Wilmington St. Elizabeth (DE)
Wilmington St. Johns (DE),4,Wilmington St. Johns (DE)
Wilmington Saint John the Beloved School (DE),1,Wilmington St. Johns (DE)
Wilmington St. Mark's (DE),439,Wilmington St. Mark's (DE)
Wilmington Saint Mark's (DE),34,Wilmington St. Mark's (DE)
Wilmington St. Marks (DE),17,Wilmington St. Mark's (DE)
Wilmington Saint Matthew (DE),4,Wilmington St. Matthew (DE)
Wilmington Saint Paul (DE),1,Wilmington St. Paul (DE)
Wilmington Tatnall (DE),477,Wilmington Tatnall (DE)
Wilmington Tatnall School (DE),11,Wilmington Tatnall (DE)
Wilmington Tower Hill (DE),527,Wilmington Tower Hill (DE)
Woodside Polytech (DE),309,Woodside Polytech (DE)
Woodside Poly (DE),19,Woodside Polytech (DE)
