Alias_Name,GameCount,Standardized_Name
Alachua Santa Fe (FL),483,Alachua Santa Fe (FL)
Altamonte Springs Lake Brantley (FL),10,Altamonte Springs Lake Brantley (FL)
Altamonte Springs LakeBrantley (FL),518,Altamonte Springs Lake Brantley (FL)
Apopka (FL),572,Apopka (FL)
Apopka Wekiva (FL),201,Apopka Wekiva (FL)
Arcadia DeSoto County (FL),494,Arcadia DeSoto County (FL)
Auburndale (FL),591,Auburndale (FL)
Auburndale Jordan Christian (FL),7,Auburndale Jordan Christian Prep (FL)
Auburndale Jordan Christian Prep (FL),40,Auburndale Jordan Christian Prep (FL)
Avon Park (FL),403,Avon Park (FL)
Baker (FL),499,Baker (FL)
Baldwin (FL),375,Baldwin (FL)
Bartow (FL),762,Bartow (FL)
Bartow Yellow (FL),19,Bartow (FL)
Bell (FL),351,Bell (FL)
Belle Glade (FL),8,Belle Glade Glades Day (FL)
Belle Glade Glades Day (FL),440,Belle Glade Glades Day (FL)
Belle Glades Central (FL),559,Belle Glades Central (FL)
Belleview (FL),297,Belleview (FL)
Blountstown (FL),412,Blountstown (FL)
Boca Raton Christian (FL),194,Boca Raton Christian (FL)
Boca Raton Olympic Heights (FL),319,Boca Raton Olympic Heights (FL)
Boca Raton Saint Andrews (FL),21,Boca Raton Saint Andrew's (FL)
Boca Raton Saint Andrew's (FL),241,Boca Raton Saint Andrew's (FL)
Boca Raton Spanish River (FL),332,Boca Raton Spanish River (FL)
Boca Raton St. John Paul II Academy (FL),277,Boca Raton St. John Paul II Academy (FL)
Boca Raton West (FL),192,Boca Raton West (FL)
Boca Raton West Boca (FL),23,Boca Raton West (FL)
BocaRaton (FL),477,BocaRaton (FL)
Bonifay Holmes County (FL),359,Bonifay Holmes County (FL)
Boynton Beach (FL),222,Boynton Beach (FL)
Bradenton Bayshore (FL),419,Bradenton Bayshore (FL)
Bradenton Braden River (FL),203,Bradenton Braden River (FL)
Bradenton Lakewood Ranch (FL),259,Bradenton Lakewood Ranch (FL)
Bradenton Manatee (FL),857,Bradenton Manatee (FL)
Bradenton Saint St. ephens (FL),19,Bradenton Saint Stephen's Episcopal (FL)
Bradenton Saint Stephen's Episcopal (FL),180,Bradenton Saint Stephen's Episcopal (FL)
Bradenton Southeast (FL),582,Bradenton Southeast (FL)
Brandon (FL),559,Brandon (FL)
Branford (FL),329,Branford (FL)
Bratt Northview (FL),303,Bratt Northview (FL)
Bristol Liberty County (FL),353,Bristol Liberty County (FL)
Bronson (FL),344,Bronson (FL)
Brooksville Central (FL),290,Brooksville Central (FL)
Brooksville Hernando (FL),427,Brooksville Hernando (FL)
Brooksville Hernando Christian Academy (FL),200,Brooksville Hernando Christian Academy (FL)
Brooksville Nature Coast (FL),21,Brooksville Nature Coast Tech (FL)
Brooksville Nature Coast Tech (FL),215,Brooksville Nature Coast Tech (FL)
Bunnell Flagler (FL),1,Bunnell Flagler-Palm Coast (FL)
Bunnell Flagler Palm Coast (FL),2,Bunnell Flagler-Palm Coast (FL)
Bunnell Flagler-Palm Coast (FL),73,Bunnell Flagler-Palm Coast (FL)
Bunnell Palm Coast (FL),1,Bunnell Flagler-Palm Coast (FL)
Bushnell South Sumter (FL),10,Bushnell South Sumter (FL)
Bushnell SouthSumter (FL),480,Bushnell South Sumter (FL)
Callahan West Nassau (FL),373,Callahan West Nassau (FL)
Cantonment Tate (FL),516,Cantonment Tate (FL)
Cape Coral (FL),380,Cape Coral (FL)
Cape Coral Ida Baker (FL),204,Cape Coral Ida Baker (FL)
Cape Coral Mariner (FL),337,Cape Coral Mariner (FL)
Celebration (FL),227,Celebration (FL)
Century (FL),213,Century (FL)
Chiefland (FL),404,Chiefland (FL)
Chipley (FL),422,Chipley (FL)
Citra North Marion (FL),423,Citra North Marion (FL)
Clearwater (FL),557,Clearwater (FL)
Clearwater Calvary Christian (FL),231,Clearwater Calvary Christian (FL)
Clearwater Central (FL),24,Clearwater Central Catholic (FL)
Clearwater Central Catholic (FL),423,Clearwater Central Catholic (FL)
Clearwater Countryside (FL),446,Clearwater Countryside (FL)
Clearwater Lakeside Christian (FL),204,Clearwater Lakeside Christian (FL)
Clermont East Ridge (FL),243,Clermont East Ridge (FL)
Clermont Real Life (FL),17,Clermont Real Life Christian Academy (FL)
Clermont Real Life Christian Academy (FL),32,Clermont Real Life Christian Academy (FL)
Clewiston (FL),723,Clewiston (FL)
Cocoa (FL),626,Cocoa (FL)
Cocoa Beach (FL),429,Cocoa Beach (FL)
Cocoa Space Coast (FL),233,Cocoa Space Coast (FL)
Coconut Creek (FL),373,Coconut Creek (FL)
Coconut Creek Monarch (FL),217,Coconut Creek Monarch (FL)
Coconut Creek North Broward Prep (FL),236,Coconut Creek North Broward Prep (FL)
Cooper City (FL),361,Cooper City (FL)
Coral Gables (FL),658,Coral Gables (FL)
Coral Gables Saint Theresa (FL),2,Coral Gables St. Theresa Catholic (FL)
Coral Springs (FL),351,Coral Springs (FL)
Coral Springs Charter (FL),225,Coral Springs Charter (FL)
Coral Springs Christian (FL),108,Coral Springs Christian (FL)
Coral Springs Christian Academy (FL),1,Coral Springs Christian (FL)
Coral Springs Coral Glades (FL),197,Coral Springs Coral Glades (FL)
Coral Springs Taravella (FL),337,Coral Springs Taravella (FL)
Cottondale (FL),327,Cottondale (FL)
County (FL),1,Crawfordville Wakulla (FL)
Crawfordville (FL),3,Crawfordville Wakulla (FL)
Crawfordville Wakulla (FL),432,Crawfordville Wakulla (FL)
Crescent City (FL),403,Crescent City (FL)
Crestview (FL),445,Crestview (FL)
Cross City (FL),1,Cross City Dixie County (FL)
Cross City Dixie County (FL),359,Cross City Dixie County (FL)
Crystal River (FL),425,Crystal River (FL)
Dade City Pasco (FL),513,Dade City Pasco (FL)
Davenport Ridge (FL),19,Davenport Ridge Community (FL)
Davenport Ridge Community (FL),198,Davenport Ridge Community (FL)
Davie Nova (FL),355,Davie Nova (FL)
Davie Western (FL),359,Davie Western (FL)
Daytona Beach Father Lopez (FL),392,Daytona Beach Father Lopez (FL)
Daytona Beach Mainland (FL),693,Daytona Beach Mainland (FL)
Daytona Beach Seabreeze (FL),478,Daytona Beach Seabreeze (FL)
Deerfield Beach (FL),518,Deerfield Beach (FL)
Deerfield Beach Somerset Academy (FL),20,Deerfield Beach Somerset Academy (FL)
Deerfield Beach Somerset Academy Key (FL),16,Deerfield Beach Somerset Academy (FL)
Deerfield Beach Zion Lutheran (FL),159,Deerfield Beach Zion Lutheran (FL)
Deerfield Beach Zion Lutheran Christian (FL),2,Deerfield Beach Zion Lutheran (FL)
DeFuniak Springs (FL),53,DeFuniak Springs Walton (FL)
DeFuniak Springs Walton (FL),389,DeFuniak Springs Walton (FL)
Defuniak Springs Walton County (FL),1,DeFuniak Springs Walton (FL)
Defunkia Springs (FL),1,DeFuniak Springs Walton (FL)
DeLand (FL),471,DeLand (FL)
Delray Beach American Heritage (FL),277,Delray Beach American Heritage (FL)
Delray Beach Atlantic Community (FL),545,Delray Beach Atlantic Community (FL)
Deltona (FL),312,Deltona (FL)
Deltona Pine Ridge (FL),259,Deltona Pine Ridge (FL)
Deltona Trinity Christian Academy (FL),220,Deltona Trinity Christian Academy (FL)
Doral Academy (FL),213,Doral Academy (FL)
Dover Specially Fit Academy (FL),5,Dover Specially Fit Academy (FL)
Dover Strawberry Crest (FL),168,Dover Specially Fit Academy (FL)
Dugallie (FL),1,Dunedin (FL)
Dunedin (FL),467,Dunedin (FL)
Dunnellon (FL),442,Dunnellon (FL)
Eagle Lake Lake Region (FL),280,Eagle Lake Lake Region (FL)
Eastpoint Franklin County (FL),185,Eastpoint Franklin County (FL)
Eatonville Waymore Tech (FL),1,Eatonville Wymore Tech (FL)
Eatonville Wymore (FL),1,Eatonville Wymore Tech (FL)
Eatonville Wymore Tech (FL),1,Eatonville Wymore Tech (FL)
Eatonville WymoreTech (FL),115,Eatonville Wymore Tech (FL)
Englewood Lemon Bay (FL),407,Englewood Lemon Bay (FL)
Estero (FL),349,Estero (FL)
Eustis (FL),484,Eustis (FL)
Fernandina Beach (FL),394,Fernandina Beach (FL)
Florida School for the Deaf & Blind (FL),15,Florida School for the Deaf (FL)
Florida School for the Deaf (FL),233,Florida School for the Deaf (FL)
Saint Augustine Florida School (FL),18,Florida School for the Deaf (FL)
Saint Augustine Florida School for the Deaf (FL),29,Florida School for the Deaf (FL)
St. Augustine Florida School for the Deaf and Blind (FL),7,Florida School for the Deaf (FL)
Fort Lauderdale (FL),447,Fort Lauderdale (FL)
Fort Lauderdale Archbishop McCarthy (FL),238,Fort Lauderdale Archbishop McCarthy (FL)
Fort Lauderdale Calvary Christian Academy (FL),221,Fort Lauderdale Calvary Christian Academy (FL)
Fort Lauderdale Cardinal Gibbons (FL),432,Fort Lauderdale Cardinal Gibbons (FL)
"Fort Lauderdale Cardinal Gibbons""""B"""" (FL)",1,Fort Lauderdale Cardinal Gibbons B (FL)
Fort Lauderdale Dillard (FL),422,Fort Lauderdale Dillard (FL)
Fort Lauderdale Pine Crest (FL),360,Fort Lauderdale Pine Crest (FL)
Fort Lauderdale Saint Thomas Aquinas (FL),605,Fort Lauderdale Saint Thomas Aquinas (FL)
Fort Lauderdale St. ranahan Mighty (FL),18,Fort Lauderdale Stranahan (FL)
Fort Lauderdale Stranahan (FL),434,Fort Lauderdale Stranahan (FL)
Fort Lauderdale Westminster Academy (FL),276,Fort Lauderdale Westminster Academy (FL)
Fort Meade (FL),10,Fort Meade (FL)
FortMeade (FL),479,Fort Meade (FL)
Fort Meyers (FL),2,Fort Myers (FL)
Fort Myers (FL),642,Fort Myers (FL)
Fort Myers Bishop Verot (FL),425,Fort Myers Bishop Verot (FL)
Fort Myers Cypress Lake (FL),413,Fort Myers Cypress Lake (FL)
Fort Myers Cypress Lakes (FL),5,Fort Myers Cypress Lake (FL)
Fort Myers Dunbar (FL),266,Fort Myers Dunbar (FL)
Fort Myers Evangelical Christian (FL),283,Fort Myers Evangelical Christian (FL)
Fort Myers Gateway (FL),19,Fort Myers Gateway Charter (FL)
Fort Myers Gateway Charter (FL),190,Fort Myers Gateway Charter (FL)
Fort Myers Riverdale (FL),393,Fort Myers Riverdale (FL)
Fort Myers Southwest Florida (FL),19,Fort Myers Southwest Florida Christian (FL)
Fort Myers Southwest Florida Christian (FL),140,Fort Myers Southwest Florida Christian (FL)
Fort Pierce Central (FL),534,Fort Pierce Central (FL)
Fort Pierce John Carroll (FL),106,Fort Pierce John Carroll Catholic (FL)
Fort Pierce John Carroll Catholic (FL),239,Fort Pierce John Carroll Catholic (FL)
Fort Pierce St.AnastasiaCatholic (FL),2,Fort Pierce St. Anastasia Catholic (FL)
Fort Pierce St. Lucie Christian (FL),12,Fort Pierce St. Lucie Christian (FL)
Fort Pierce St. Lucie County (FL),1,Fort Pierce St. Lucie Christian (FL)
Fort Pierce Westwood (FL),415,Fort Pierce Westwood (FL)
Fort Walton Beach (FL),488,Fort Walton Beach (FL)
Ft. Walton (FL),5,Fort Walton Beach (FL)
Ft. Walton Beach (FL),17,Fort Walton Beach (FL)
Fort Walton Beach Choctawhatchee (FL),585,Fort Walton Beach Choctawhatchee (FL)
Fort White (FL),256,Fort White (FL)
Freeport (FL),335,Freeport (FL)
Frostproof (FL),478,Frostproof (FL)
Gainesville (FL),774,Gainesville (FL)
GainesvilleBuchholz (FL),552,Gainesville Buchholz (FL)
Gainesville Eastside (FL),439,Gainesville Eastside (FL)
Gainesville Oak Hall (FL),268,Gainesville Oak Hall (FL)
Gainesville P.K. Yonge (FL),382,Gainesville P.K. Yonge (FL)
Gainesville P.K. Younge (FL),1,Gainesville P.K. Yonge (FL)
Gainesville Saint Francis (FL),16,Gainesville Saint Francis Catholic (FL)
Gainesville Saint Francis Catholic (FL),167,Gainesville Saint Francis Catholic (FL)
Gainesville Yonge (FL),25,Gainesville Saint Francis Catholic (FL)
Gibsonton East Bay (FL),485,Gibsonton East Bay (FL)
Glen Saint Mary Baker County (FL),65,Glen St. Mary Baker County (FL)
Glen St. Mary Baker County (FL),327,Glen St. Mary Baker County (FL)
Graceville (FL),440,Graceville (FL)
Green Cove Springs Clay (FL),424,Green Cove Springs Clay (FL)
Green Cove Springs Clay County (FL),5,Green Cove Springs Clay (FL)
Greenacres Leonard (FL),324,Greenacres Leonard (FL)
Groveland South Lake (FL),281,Groveland South Lake (FL)
Gulf Breeze (FL),424,Gulf Breeze (FL)
Gulfport Boca Ciega (FL),9,Gulfport Boca Ciega (FL)
Gulfport BocaCiega (FL),469,Gulfport Boca Ciega (FL)
Haines City (FL),510,Haines City (FL)
Hallandale (FL),341,Hallandale (FL)
Harmony (FL),224,Harmony (FL)
Hastings Harris (FL),2,Hastings Walter E. Harris (FL)
Hastings Walter E. Harris (FL),2,Hastings Walter E. Harris (FL)
Havana Gadsden County (FL),226,Havana Gadsden County (FL)
Hawthorne (FL),390,Hawthorne (FL)
Hialeah (FL),418,Hialeah (FL)
Hialeah American (FL),347,Hialeah American (FL)
Hialeah Gardens Mater Academy Charter (FL),211,Hialeah Gardens Mater Academy Charter (FL)
Hialeah Miami (FL),17,Hialeah-Miami Lakes (FL)
Hialeah Miami-Lakes (FL),12,Hialeah-Miami Lakes (FL)
Hialeah-Miami Lakes (FL),415,Hialeah-Miami Lakes (FL)
Hilliard (FL),384,Hilliard (FL)
Hollywood Avant Garde (FL),10,Hollywood Avant Garde Academy (FL)
Hollywood Avant Garde Academy (FL),26,Hollywood Avant Garde Academy (FL)
Hollywood Chaminade Madonna (FL),22,Hollywood Chaminade-Madonna (FL)
Hollywood Chaminade-Madonna (FL),420,Hollywood Chaminade-Madonna (FL)
Hollywood Hills (FL),456,Hollywood Hills (FL)
Hollywood MacArthur (FL),42,Hollywood McArthur (FL)
Hollywood McArthur (FL),372,Hollywood McArthur (FL)
Hollywood South Broward (FL),453,Hollywood South Broward (FL)
Homestead (FL),342,Homestead (FL)
Homestead Everglades Prep (FL),10,Homestead Everglades Prep Academy (FL)
Homestead Everglades Prep Academy (FL),61,Homestead Everglades Prep Academy (FL)
Homestead South Dade (FL),452,Homestead South Dade (FL)
Hudson (FL),379,Hudson (FL)
Immokalee (FL),434,Immokalee (FL)
Interlachen (FL),380,Interlachen (FL)
Inverness Citrus (FL),418,Inverness Citrus (FL)
Jacksonville Andrew Jackson (FL),645,Jacksonville Andrew Jackson (FL)
Jacksonville Bishop Kenny (FL),440,Jacksonville Bishop Kenny (FL)
Jacksonville Bishop Snyder (FL),209,Jacksonville Bishop Snyder (FL)
Jacksonville Bolles (FL),718,Jacksonville Bolles (FL)
Jacksonville Bolles School (FL),1,Jacksonville Bolles (FL)
Jacksonville Cedar Creek (FL),19,Jacksonville Cedar Creek Christian (FL)
Jacksonville Cedar Creek Christian (FL),163,Jacksonville Cedar Creek Christian (FL)
Jacksonville Christs Church (FL),20,Jacksonville Christ's Church Academy (FL)
Jacksonville Christ's Church Academy (FL),160,Jacksonville Christ's Church Academy (FL)
Jacksonville Duval (FL),33,Jacksonville Duval Charter (FL)
Jacksonville Duval Charter (FL),133,Jacksonville Duval Charter (FL)
Jacksonville Duval Voc (FL),1,Jacksonville Duval Charter (FL)
Jacksonville Eagles View (FL),20,Jacksonville Eagle's View (FL)
Jacksonville Eagle's View (FL),205,Jacksonville Eagle's View (FL)
Jacksonville Eagle's View Academy (FL),1,Jacksonville Eagle's View (FL)
Jacksonville ED White (FL),441,Jacksonville ED White (FL)
Jacksonville White (FL),20,Jacksonville ED White (FL)
Jacksonville Englewood (FL),407,Jacksonville Englewood (FL)
Episcopal School of Jacksonville (FL),39,Jacksonville Episcopal School (FL)
EpiscopalSchool ofJacksonville (FL),2,Jacksonville Episcopal School (FL)
Jacksonville Episcopal School (FL),18,Jacksonville Episcopal School (FL)
Jacksonville Episcopal School of Jacksonville (FL),301,Jacksonville Episcopal School (FL)
Jacksonville First Coast (FL),302,Jacksonville First Coast (FL)
Jacksonville First Coast Christian (FL),141,Jacksonville First Coast (FL)
Jacksonville Forrest (FL),348,Jacksonville Forrest (FL)
Jacksonville Hollis Christian (FL),9,Jacksonville Hollis Christian Academy (FL)
Jacksonville Hollis Christian Academy (FL),14,Jacksonville Hollis Christian Academy (FL)
Jacksonville I.C. (FL),3,Jacksonville Impact Christian Academy (FL)
Jacksonville Impact Christian (FL),19,Jacksonville Impact Christian Academy (FL)
Jacksonville Impact Christian Academy (FL),21,Jacksonville Impact Christian Academy (FL)
Jacksonville Joshua Christian (FL),12,Jacksonville Joshua Christian Academy (FL)
Jacksonville Joshua Christian Academy (FL),12,Jacksonville Joshua Christian Academy (FL)
Jacksonville Lee (FL),760,Jacksonville Lee (FL)
Jacksonville Mandarin (FL),311,Jacksonville Mandarin (FL)
Jacksonville MaranathaChristian (FL),4,Jacksonville Mandarin (FL)
Jacksonville Old Plank (FL),21,Jacksonville Old Plank Christian Academy (FL)
Jacksonville Old Plank Christian Academy (FL),122,Jacksonville Old Plank Christian Academy (FL)
Jacksonville Parker (FL),430,Jacksonville Parker (FL)
Jacksonville Paxon (FL),386,Jacksonville Paxon (FL)
Jacksonville Paxon School (FL),20,Jacksonville Paxon (FL)
Jacksonville Potter's House Christian (FL),116,Jacksonville Potter's House Christian (FL)
Jacksonville Potter's House Christian Academy (FL),1,Jacksonville Potter's House Christian (FL)
Jacksonville Providence School (FL),236,Jacksonville Providence School (FL)
Jacksonville Raines (FL),464,Jacksonville Raines (FL)
Jacksonville Ribault (FL),431,Jacksonville Ribault (FL)
Jacksonville Sandalwood (FL),428,Jacksonville Sandalwood (FL)
Jacksonville St. Paul (FL),3,jacksonville St. Paul's Catholic (FL)
jacksonville St. Paul's Catholic (FL),1,jacksonville St. Paul's Catholic (FL)
Jacksonville St. anton (FL),20,Jacksonville Stanton College Prep (FL)
Jacksonville Stanton College Prep (FL),252,Jacksonville Stanton College Prep (FL)
Jacksonville Temple Christian (FL),44,Jacksonville Temple Christian Academy (FL)
Jacksonville Temple Christian Academy (FL),80,Jacksonville Temple Christian Academy (FL)
Jacksonville Trinity Christian Academy (FL),452,Jacksonville Trinity Christian Academy (FL)
Jacksonville University Christian (FL),453,Jacksonville University Christian (FL)
Jacksonville Victory Christian (FL),4,Jacksonville Victory Christian Academy (FL)
Jacksonville Victory Christian Academy (FL),2,Jacksonville Victory Christian Academy (FL)
Jacksonville VictoryChristian Academy (FL),25,Jacksonville Victory Christian Academy (FL)
Jacksonville Wolfson (FL),394,Jacksonville Wolfson (FL)
Jacksonville Young Kids (FL),16,Jacksonville Young Kids In Motion (FL)
Jacksonville Young Kids In Motion (FL),6,Jacksonville Young Kids In Motion (FL)
Jasper Hamilton County (FL),385,Jasper Hamilton County (FL)
Jay (FL),476,Jay (FL)
Jensen Beach (FL),220,Jensen Beach (FL)
Jupiter (FL),379,Jupiter (FL)
Jupiter Christian (FL),237,Jupiter Christian (FL)
KeyColony Beach (FL),1,Key Colony Beach (FL)
Key West (FL),410,Key West (FL)
"Key West """"B"""" (FL)",1,Key West B (FL)
Key West Mary Immaculate (FL),7,Key West Mary Immaculate Star of The Sea (FL)
Key West Mary Immaculate Star Of The Sea (FL),3,Key West Mary Immaculate Star of The Sea (FL)
Keystone Heights (FL),392,Keystone Heights (FL)
Kissimmee City Of (FL),20,Kissimmee City of Life Christian Academy (FL)
Kissimmee City of Life Christian Academy (FL),132,Kissimmee City of Life Christian Academy (FL)
Kissimmee Gateway (FL),357,Kissimmee Gateway (FL)
Kissimmee Liberty (FL),205,Kissimmee Liberty (FL)
KissimmeeOsceola (FL),519,Kissimmee Osceola (FL)
Kissimmee Poinciana (FL),270,Kissimmee Poinciana (FL)
La Belle (FL),367,La Belle (FL)
LaBelle (FL),19,La Belle (FL)
Lake Butler Union County (FL),442,Lake Butler Union County (FL)
Lake City Columbia (FL),622,Lake City Columbia (FL)
Lake Mary (FL),420,Lake Mary (FL)
Lake Mary Prep (FL),185,Lake Mary Prep (FL)
Lake Placid (FL),350,Lake Placid (FL)
LakeWales (FL),612,Lake Wales (FL)
Lake Worth (FL),400,Lake Worth (FL)
Lake Worth Dr Joaquin (FL),20,Lake Worth Dr. Joaquin Garcia (FL)
Lake Worth Dr. Joaquin Garcia (FL),7,Lake Worth Dr. Joaquin Garcia (FL)
Lake Worth John I. Leonard (FL),2,Lake Worth John L. Leonard (FL)
Lake Worth John L. Leonard (FL),66,Lake Worth John L. Leonard (FL)
Lake Worth JohnLeonard (FL),2,Lake Worth John L. Leonard (FL)
Lake Worth Park Vista (FL),219,Lake Worth Park Vista (FL)
Lakeland (FL),884,Lakeland (FL)
Lakeland Christian (FL),218,Lakeland Christian (FL)
Lakeland Geneva Classical (FL),20,Lakeland Geneva Classical Academy (FL)
Lakeland Geneva Classical Academy (FL),137,Lakeland Geneva Classical Academy (FL)
Lakeland George Jenkins (FL),279,Lakeland George Jenkins (FL)
Lakeland Kathleen (FL),613,Lakeland Kathleen (FL)
Lakeland Lake Gibson (FL),499,Lakeland Lake Gibson (FL)
Lakeland Santa Fe Catholic (FL),309,Lakeland Santa Fe Catholic (FL)
Lakeland Sante Fe Catholic (FL),2,Lakeland Santa Fe Catholic (FL)
Lakeland Victory Christian Academy (FL),267,Lakeland Victory Christian Academy (FL)
Land O Lakes Land O (FL),18,Land O'Lakes (FL)
Land O'Lakes (FL),399,Land O'Lakes (FL)
Land O'Lakes Sunlake (FL),192,Land O'Lakes Sunlake (FL)
Lantana Santaluces (FL),338,Lantana Santaluces (FL)
Lantana SantalucesCommunity (FL),1,Lantana Santaluces (FL)
Largo (FL),623,Largo (FL)
Largo Indian Rocks Christian (FL),280,Largo Indian Rocks Christian (FL)
Largo Pinellas Park (FL),452,Largo Pinellas Park (FL)
Lauderdale Lakes Boyd Anderson (FL),391,Lauderdale Lakes Boyd Anderson (FL)
Lecanto (FL),373,Lecanto (FL)
Lecanto Seven Rivers (FL),22,Lecanto Seven Rivers Christian (FL)
Lecanto Seven Rivers Christian (FL),147,Lecanto Seven Rivers Christian (FL)
Leesburg (FL),466,Leesburg (FL)
Leesburg Yellow (FL),19,Leesburg (FL)
Leesburg First Academy (FL),193,Leesburg First Academy (FL)
Lehigh Acres (FL),252,Lehigh Acres (FL)
Lehigh Acres East Lee (FL),19,Lehigh Acres East Lee County (FL)
Lehigh Acres East Lee County (FL),167,Lehigh Acres East Lee County (FL)
Lithia Newsome (FL),233,Lithia Newsome (FL)
Live Oak Suwannee (FL),725,Live Oak Suwannee (FL)
Longwood Lyman (FL),436,Longwood Lyman (FL)
Loxahatchee Seminole Ridge (FL),211,Loxahatchee Seminole Ridge (FL)
Lynn Haven Mosley (FL),368,Lynn Haven Mosley (FL)
Macclenny (FL),14,Macclenny Baker County (FL)
Macclenny Baker County (FL),33,Macclenny Baker County (FL)
Macclenny-Baker (FL),5,Macclenny Baker County (FL)
Madison County (FL),485,Madison County (FL)
Maitland Orangewood Christian (FL),219,Maitland Orangewood Christian (FL)
Marathon (FL),268,Marathon (FL)
Marianna (FL),410,Marianna (FL)
Mayo Lafayette (FL),399,Mayo Lafayette (FL)
Melbourne (FL),539,Melbourne (FL)
Melbourne Central (FL),19,Melbourne Central Catholic (FL)
Melbourne Central Catholic (FL),376,Melbourne Central Catholic (FL)
Melbourne Eau Gallie (FL),434,Melbourne Eau Gallie (FL)
Melbourne Florida Air Academy (FL),1,Melbourne Florida Air Academy (FL)
Melbourne Florida AirAcademy (FL),131,Melbourne Florida Air Academy (FL)
Melbourne Holy Trinity (FL),18,Melbourne Holy Trinity Episcopal Academy (FL)
Melbourne Holy Trinity Episcopal Academy (FL),219,Melbourne Holy Trinity Episcopal Academy (FL)
Melbourne Palm Bay (FL),472,Melbourne Palm Bay (FL)
Merritt Island (FL),604,Merritt Island (FL)
MerrittIsland Christian (FL),221,Merritt Island Christian (FL)
Miami Archbishop Curley (FL),228,Miami Archbishop Curley (FL)
Miami Beach (FL),378,Miami Beach (FL)
"Miami Beach """"B"""" (FL)",1,Miami Beach B (FL)
Belen Jesuit Prep (FL),18,Miami Belen Jesuit Prep School (FL)
Miami Belen Jesuit Prep (FL),8,Miami Belen Jesuit Prep School (FL)
Miami Belen Jesuit Prep School (FL),298,Miami Belen Jesuit Prep School (FL)
Miami Booker T. Washington (FL),289,Miami Booker T. Washington (FL)
Miami Braddock (FL),250,Miami Braddock (FL)
Miami BridgePrep Village Green (FL),4,Miami BridgePrep Village (FL)
Miami Carol City (FL),495,Miami Carol City (FL)
"Miami Carol City """"B"""" (FL)",1,Miami Carol City B (FL)
Miami Central (FL),502,Miami Central (FL)
Miami Columbus (FL),476,Miami Columbus (FL)
Miami Coral Park (FL),344,Miami Coral Park (FL)
Miami Coral Reef (FL),230,Miami Coral Reef (FL)
Miami Country (FL),10,Miami Country Day (FL)
Miami Country Day (FL),213,Miami Country Day (FL)
Miami Dade Christian (FL),240,Miami Dade Christian (FL)
Miami Dr Krop (FL),18,Miami Dr. Krop (FL)
Miami Dr. Krop (FL),214,Miami Dr. Krop (FL)
Miami Edison (FL),570,Miami Edison (FL)
Miami Ferguson (FL),200,Miami Ferguson (FL)
Miami Florida Christian (FL),259,Miami Florida Christian (FL)
Miami Gardens Tru Prep (FL),11,Miami Gardens Tru Prep Academy (FL)
Miami Gardens TRU Prep Academy (FL),19,Miami Gardens Tru Prep Academy (FL)
Miami Gesu (FL),2,Miami Gesu Catholic (FL)
Miami Gesu Catholic (FL),1,Miami Gesu Catholic (FL)
Miami Goleman (FL),227,Miami Goleman (FL)
Miami Gulliver Prep (FL),304,Miami Gulliver Prep (FL)
Miami Immaculata La (FL),22,Miami Immaculata-Lasalle (FL)
Miami Immaculata-Lasalle (FL),3,Miami Immaculata-Lasalle (FL)
Miami Jackson (FL),633,Miami Jackson (FL)
Miami Killian (FL),461,Miami Killian (FL)
Miami La Progresiva Presbyterian (FL),2,Miami La Progresiva Presbyterian (FL)
Miami La ProgresivaPresbyterian (FL),16,Miami La Progresiva Presbyterian (FL)
Miami LaSalle (FL),220,Miami LaSalle (FL)
"Miami Military Academy""""B"""" (FL)",1,Miami Military Academy B (FL)
Miami Monsignor Pace (FL),392,Miami Monsignor Pace (FL)
Miami Norland (FL),540,Miami Norland (FL)
Miami Northwest Christian (FL),130,Miami Northwest Christian (FL)
Miami Northwest ChristianAcademy (FL),1,Miami Northwest Christian (FL)
Miami Northwestern (FL),483,Miami Northwestern (FL)
Miami Palm Glades Academy (FL),10,Miami Palm Glades Academy (FL)
Miami Palm Glades Prep Academy (FL),45,Miami Palm Glades Academy (FL)
Miami Palmer Trinity (FL),262,Miami Palmer Trinity (FL)
Miami Palmer-Trinity (FL),12,Miami Palmer Trinity (FL)
Miami Palmetto (FL),420,Miami Palmetto (FL)
Miami Ransom Everglades (FL),239,Miami Ransom Everglades (FL)
Miami Ransom-Everglades (FL),3,Miami Ransom Everglades (FL)
Miami (FL),618,Miami Senior (FL)
Miami Senior (FL),4,Miami Senior (FL)
Miami Smarten Sports (FL),15,Miami Smarten Sports (FL)
Miami SmartEn Sports Academy (FL),5,Miami Smarten Sports (FL)
Miami Somerset Academy (FL),18,Miami Somerset Academy Silver Palms (FL)
Miami Somerset Academy (Silver Palms) (FL),2,Miami Somerset Academy Silver Palms (FL)
Miami Somerset Academy Silver Palms (FL),95,Miami Somerset Academy Silver Palms (FL)
Miami Southridge (FL),411,Miami Southridge (FL)
Miami Southwest (FL),372,Miami Southwest (FL)
Miami Springs (FL),369,Miami Springs (FL)
Miami Saints Peter & Paul (FL),2,Miami St. Peter & Paul (FL)
Miami St. Peter & Paul (FL),3,Miami St. Peter & Paul (FL)
Miami Sunset (FL),296,Miami Sunset (FL)
Miami True North (FL),19,Miami True North Classical Academy (FL)
Miami True North Classical Academy (FL),31,Miami True North Classical Academy (FL)
Miami Varela (FL),210,Miami Varela (FL)
Miami Westminster Christian (FL),286,Miami Westminster Christian (FL)
Middleburg (FL),382,Middleburg (FL)
Milton (FL),517,Milton (FL)
Miramar (FL),418,Miramar (FL)
Miramar Everglades (FL),222,Miramar Everglades (FL)
Monticello Aucilla Christian (FL),299,Monticello Aucilla Christian Academy (FL)
Monticello Aucilla Christian Academy (FL),1,Monticello Aucilla Christian Academy (FL)
Monticello Aucilla ChristianAcademy (FL),25,Monticello Aucilla Christian Academy (FL)
Monticello Jefferson County (FL),9,Monticello Jefferson County (FL)
Monticello JeffersonCounty (FL),385,Monticello Jefferson County (FL)
Moore Haven (FL),382,Moore Haven (FL)
Mount Dora (FL),387,Mount Dora (FL)
Mt. Dora (FL),33,Mount Dora (FL)
Mount Dora Christian Academy (FL),204,Mount Dora Christian Academy (FL)
Mulberry (FL),424,Mulberry (FL)
Naples (FL),835,Naples (FL)
Naples Barron Collier (FL),411,Naples Barron Collier (FL)
Naples Barron G. Collier (FL),2,Naples Barron Collier (FL)
Naples First Baptist Academy (FL),188,Naples First Baptist Academy (FL)
Naples Golden Gate (FL),217,Naples Golden Gate (FL)
Naples Golden Gate? (FL),7,Naples Golden Gate (FL)
Naples Gulf Coast (FL),255,Naples Gulf Coast (FL)
Naples Lely (FL),391,Naples Lely (FL)
Naples Neumann (FL),223,Naples Neumann (FL)
Naples Palmetto Ridge (FL),216,Naples Palmetto Ridge (FL)
Navarre (FL),281,Navarre (FL)
Neptune Beach Fletcher (FL),609,Neptune Beach Fletcher (FL)
New Port Richey Gulf (FL),411,New Port Richey Gulf (FL)
New Port Richey Mitchell (FL),255,New Port Richey Mitchell (FL)
New Port Richey Ridgewood (FL),278,New Port Richey Ridgewood (FL)
New Port Richey River Ridge (FL),334,New Port Richey River Ridge (FL)
NewSmyrnaBeach (FL),449,New Smyrna Beach (FL)
Newberry (FL),430,Newberry (FL)
Niceville (FL),486,Niceville (FL)
North Fort Myers (FL),424,North Fort Myers (FL)
North Ft. Myers Mariner (FL),2,North Fort Myers Mariner (FL)
North Lauderdale Somerset (FL),18,North Lauderdale Somerset Prep (FL)
North Lauderdale Somerset Prep (FL),9,North Lauderdale Somerset Prep (FL)
North Miami (FL),612,North Miami (FL)
North Miami Beach (FL),414,North Miami Beach (FL)
North Palm Beach Benjamin (FL),168,North Palm Beach Benjamin (FL)
North Port (FL),221,North Port (FL)
Oakland Park Northeast (FL),343,Oakland Park Northeast (FL)
"Oakland Park Northeast""""B"""" (FL)",1,Oakland Park Northeast B (FL)
Ocala Christian (FL),21,Ocala Christian Academy (FL)
Ocala Christian Academy (FL),241,Ocala Christian Academy (FL)
Ocala Forest (FL),492,Ocala Forest (FL)
Ocala Lake Weir (FL),428,Ocala Lake Weir (FL)
Ocala Marion Academy (FL),2,Ocala Marion Academy (FL)
Ocala Marion Charter (FL),1,Ocala Marion Academy (FL)
Ocala Saint John Lutheran (FL),4,Ocala St. John Lutheran (FL)
Ocala St. John (FL),8,Ocala St. John Lutheran (FL)
Ocala St. John Lutheran (FL),270,Ocala St. John Lutheran (FL)
Ocala St.John Lutheran (FL),29,Ocala St. John Lutheran (FL)
Ocala Trinity Catholic (FL),267,Ocala Trinity Catholic (FL)
Ocala Vanguard (FL),556,Ocala Vanguard (FL)
Ocala West Port (FL),239,Ocala West Port (FL)
Ocoee (FL),225,Ocoee (FL)
Ocoee Central Florida (FL),17,Ocoee Central Florida Christian Academy (FL)
Ocoee Central Florida Christian Academy (FL),183,Ocoee Central Florida Christian Academy (FL)
Okeechobee (FL),420,Okeechobee (FL)
Orange Park (FL),402,Orange Park (FL)
Orange Park Fleming Island (FL),246,Orange Park Fleming Island (FL)
Orange Park Ridgeview (FL),258,Orange Park Ridgeview (FL)
Orange Park Saint Johns Country Day (FL),19,Orange Park St. Johns Country Day (FL)
Orange Park St. Johns Country Day (FL),142,Orange Park St. Johns Country Day (FL)
Orlando Bishop Moore (FL),490,Orlando Bishop Moore (FL)
Orlando Boone (FL),546,Orlando Boone (FL)
Orlando Colonial (FL),458,Orlando Colonial (FL)
Orlando Cypress Creek (FL),290,Orlando Cypress Creek (FL)
Orlando Dr Phillips (FL),23,Orlando Dr. Phillips (FL)
Orlando Dr. Phillips (FL),374,Orlando Dr. Phillips (FL)
Orlando Eastland Christian (FL),10,Orlando Eastland Christian (FL)
Orlando EastlandChristian (FL),207,Orlando Eastland Christian (FL)
Orlando Edgewater (FL),757,Orlando Edgewater (FL)
Orlando Evans (FL),555,Orlando Evans (FL)
Orlando Faith Christian (FL),128,Orlando Faith Christian (FL)
Orlando Faith Christian University (FL),1,Orlando Faith Christian (FL)
Orlando Freedom (FL),219,Orlando Freedom (FL)
Orlando Heritage Christian (FL),2,Orlando Heritage Prep (FL)
Orlando Heritage Prep (FL),58,Orlando Heritage Prep (FL)
Orlando Heritage Prep Christian (FL),1,Orlando Heritage Prep (FL)
Orlando Jones (FL),523,Orlando Jones (FL)
Orlando Lake Buena (FL),18,Orlando Lake Buena Vista (FL)
Orlando Lake Buena Vista (FL),23,Orlando Lake Buena Vista (FL)
Orlando Lake HighlandPrep (FL),395,Orlando Lake HighlandPrep (FL)
Orlando Lutheran Academy (FL),3,Orlando Lutheran Academy (FL)
Orlando LutheranAcademy (FL),22,Orlando Lutheran Academy (FL)
Orlando Oak Ridge (FL),8,Orlando Oakridge (FL)
Orlando Oakridge (FL),461,Orlando Oakridge (FL)
Orlando Olympia (FL),241,Orlando Olympia (FL)
Orlando The First (FL),17,Orlando The First Academy (FL)
Orlando The First Academy (FL),287,Orlando The First Academy (FL)
Orlando Timber Creek (FL),246,Orlando Timber Creek (FL)
Orlando University (FL),307,Orlando University (FL)
Orlando West Oaks (FL),59,Orlando West Oaks Academy (FL)
Orlando West Oaks Academy (FL),51,Orlando West Oaks Academy (FL)
Oviedo (FL),577,Oviedo (FL)
Oviedo Hagerty (FL),193,Oviedo Hagerty (FL)
Oviedo Masters Academy (FL),22,Oviedo Master's Academy (FL)
Oviedo Master's Academy (FL),221,Oviedo Master's Academy (FL)
Pace (FL),480,Pace (FL)
Pahokee (FL),580,Pahokee (FL)
Palatka (FL),502,Palatka (FL)
Palatka South (FL),1,Palatka South (FL)
PalatkaSouth (FL),10,Palatka South (FL)
Palm Bay Bayside (FL),254,Palm Bay Bayside (FL)
Palm Bay Heritage (FL),190,Palm Bay Heritage (FL)
Palm Beach Gardens (FL),402,Palm Beach Gardens (FL)
Palm Beach Gardens Benjamin (FL),231,Palm Beach Gardens Benjamin (FL)
Palm Beach Gardens Dwyer (FL),323,Palm Beach Gardens Dwyer (FL)
Palm Coast Flagler (FL),357,Palm Coast Flagler (FL)
Palm Coast Flagler Palm (FL),19,Palm Coast Flagler (FL)
Palm Coast Matanzas (FL),197,Palm Coast Matanzas (FL)
Palm Harbor University (FL),238,Palm Harbor University (FL)
Palmetto (FL),580,Palmetto (FL)
Panama City Bay (FL),516,Panama City Bay (FL)
Panama City Bay County (FL),15,Panama City Bay (FL)
Panama City Arnold (FL),3,Panama City Beach Arnold (FL)
Panama City Beach Arnold (FL),229,Panama City Beach Arnold (FL)
Panama City Bozeman (FL),210,Panama City Bozeman (FL)
Panama City North Bay Academy (FL),18,Panama City North Bay Haven Academy (FL)
Panama City North Bay Haven Academy (FL),108,Panama City North Bay Haven Academy (FL)
Panama City Rosenwald (FL),22,Panama City Rosenwald (FL)
Panama City Rosewald (FL),1,Panama City Rosenwald (FL)
Rosenwald Panama City (FL),1,Panama City Rosenwald (FL)
Panama City Rutherford (FL),519,Panama City Rutherford (FL)
Parkland St. oneman Douglas (FL),18,Parkland Stoneman Douglas (FL)
Parkland Stoneman Douglas (FL),263,Parkland Stoneman Douglas (FL)
Pembroke Pines Charter (FL),210,Pembroke Pines Charter (FL)
Pembroke Pines Flanagan (FL),264,Pembroke Pines Flanagan (FL)
Pensacola (FL),871,Pensacola (FL)
Pensacola B-Team (FL),9,Pensacola B (FL)
Pensacola Booker T. Washington (FL),435,Pensacola Booker T. Washington (FL)
Pensacola Catholic (FL),427,Pensacola Catholic (FL)
PensacolaCentral Catholic (FL),3,Pensacola Central Catholic (FL)
Pensacola Escambia (FL),644,Pensacola Escambia (FL)
Pensacola Escambia County (FL),1,Pensacola Escambia (FL)
Pensacola Lighthouse Private (FL),21,Pensacola Lighthouse Private Christian Academy (FL)
Pensacola Lighthouse Private Christian Academy (FL),46,Pensacola Lighthouse Private Christian Academy (FL)
Pensacola Pine Forest (FL),469,Pensacola Pine Forest (FL)
Pensacola West Florida (FL),230,Pensacola West Florida (FL)
Pensacola Woodham (FL),259,Pensacola Woodham (FL)
"Perry """"B"""" (FL)",2,Perry B (FL)
Perry Taylor County (FL),384,Perry Taylor County (FL)
Pierson Taylor (FL),396,Pierson Taylor (FL)
Plant City (FL),692,Plant City (FL)
Plant City Durant (FL),335,Plant City Durant (FL)
Plantation (FL),466,Plantation (FL)
Plantation American Heritage (FL),454,Plantation American Heritage (FL)
Pompano Beach (FL),317,Pompano Beach (FL)
Pompano Beach Blanche Ely (FL),428,Pompano Beach Blanche Ely (FL)
Pompano Beach Highlands Christian (FL),1,Pompano Beach Highlands Christian Academy (FL)
Pompano Beach Highlands Christian Academy (FL),129,Pompano Beach Highlands Christian Academy (FL)
Ponce de Leon (FL),5,Ponce de Leon (FL)
Poncede Leon (FL),2,Ponce de Leon (FL)
Ponte Vedra (FL),201,Ponte Vedra (FL)
Ponte Vedra Nease (FL),378,Ponte Vedra Nease (FL)
Port Charlotte (FL),392,Port Charlotte (FL)
Port Orange Atlantic (FL),220,Port Orange Atlantic (FL)
Port Orange Spruce Creek (FL),454,Port Orange Spruce Creek (FL)
Port Saint Joe (FL),33,Port St. Joe (FL)
Port Saint Joe Port St. (FL),18,Port St. Joe (FL)
Port St. Joe (FL),379,Port St. Joe (FL)
Port Saint Lucie (FL),34,Port St. Lucie (FL)
Port St. Lucie (FL),10,Port St. Lucie (FL)
Port St.Lucie (FL),246,Port St. Lucie (FL)
Port Saint Lucie Centennial (FL),29,Port St. Lucie Centennial (FL)
Port St. Lucie Centennial (FL),203,Port St. Lucie Centennial (FL)
Port Saint Lucie Tradition Prep (FL),19,Port St. Lucie Tradition Prep (FL)
Port St. Lucie Tradition Prep (FL),17,Port St. Lucie Tradition Prep (FL)
Port Saint Lucie Treasure Coast (FL),44,Port St. Lucie Treasure Coast (FL)
Port St. Lucie Treasure Coast (FL),176,Port St. Lucie Treasure Coast (FL)
Punta Gorda Charlotte (FL),583,Punta Gorda Charlotte (FL)
Punta Gorda Charlotte County (FL),2,Punta Gorda Charlotte (FL)
Quincy Carter-Paramore (FL),1,Quincy Carter-Paramore (FL)
Quincy Carter-Parramore (FL),1,Quincy Carter-Paramore (FL)
Quincy Munroe (FL),272,Quincy Munroe (FL)
Quincy Shanks (FL),242,Quincy Shanks (FL)
Riverview (FL),236,Riverview (FL)
Riverview Spoto (FL),193,Riverview Spoto (FL)
Riviera Beach Inlet Grove (FL),197,Riviera Beach Inlet Grove (FL)
Riviera Beach Suncoast (FL),378,Riviera Beach Suncoast (FL)
Rockledge (FL),499,Rockledge (FL)
Royal Palm Beach (FL),251,Royal Palm Beach (FL)
Ruskin Lennard (FL),191,Ruskin Lennard (FL)
Saint Augustine (FL),503,Saint Augustine (FL)
Saint Augustine St. Augustine (FL),22,Saint Augustine (FL)
Saint Cloud (FL),473,Saint Cloud (FL)
Saint Johns Bartram Trail (FL),280,Saint Johns Bartram Trail (FL)
St. Johns Bartram Trail (FL),4,Saint Johns Bartram Trail (FL)
St. Johns Beachside (FL),14,Saint Johns Beachside (FL)
St. Johns Creekside (FL),158,Saint Johns Creekside (FL)
Saint Petersburg Dixie Hollins (FL),430,Saint Petersburg Dixie Hollins (FL)
Sanford Seminole (FL),410,Sanford Seminole (FL)
Sanford Seminole County (FL),1,Sanford Seminole (FL)
Santa Rosa Beach South Walton (FL),233,Santa Rosa Beach South Walton (FL)
Sarasota (FL),610,Sarasota (FL)
"Sarasota """"B"""" (FL)",2,Sarasota B (FL)
Sarasota Booker (FL),421,Sarasota Booker (FL)
Sarasota Cardinal Mooney (FL),426,Sarasota Cardinal Mooney (FL)
Sarasota Out Of Academy (FL),17,Sarasota Out-of-Door Academy (FL)
Sarasota Out-of-Door Academy (FL),166,Sarasota Out-of-Door Academy (FL)
Sarasota Ridgeview (FL),1,Sarasota Riverview (FL)
Sarasota Riverview (FL),684,Sarasota Riverview (FL)
Sarasota The Classical (FL),18,Sarasota The Classical (FL)
The Classical Academy of Sarasota (FL),15,Sarasota The Classical (FL)
Satellite Beach Satellite (FL),438,Satellite Beach Satellite (FL)
SatelliteBeach (FL),10,Satellite Beach Satellite (FL)
Sebastian River (FL),275,Sebastian River (FL)
Sebring (FL),413,Sebring (FL)
Seffner Armwood (FL),474,Seffner Armwood (FL)
Seminole (FL),534,Seminole (FL)
Seminole Osceola (FL),502,Seminole Osceola (FL)
Sneades (FL),2,Sneads (FL)
Sneads (FL),303,Sneads (FL)
South Daytona Warner Christian Academy (FL),237,South Daytona Warner Christian Academy (FL)
South Fort Myers (FL),208,South Fort Myers (FL)
South Miami (FL),360,South Miami (FL)
South Plantation (FL),414,South Plantation (FL)
Spring Hill Bishop McLaughlin Catholic (FL),186,Spring Hill Bishop McLaughlin Catholic (FL)
Spring Hill Christian Academy (FL),26,Spring Hill Christian Academy (FL)
Spring Hill Classical Prep (FL),5,Spring Hill Christian Academy (FL)
Spring Hill Springstead (FL),397,Spring Hill Springstead (FL)
St. Augustine Ketterlinu (FL),1,St. Augustine Ketterlinus (FL)
St. Augustine Ketterlinus (FL),10,St. Augustine Ketterlinus (FL)
St. Augustine Menendez (FL),208,St. Augustine Menendez (FL)
St. Augustine St. Joseph Academy (FL),235,St. Augustine St. Joseph Academy (FL)
Saint Petersburg (FL),57,St. Petersburg (FL)
St. Petersburg (FL),475,St. Petersburg (FL)
Saint Petersburg Admiral Farragut (FL),6,St. Petersburg Admiral Farragut (FL)
St. Petersburg Admiral Farragut (FL),457,St. Petersburg Admiral Farragut (FL)
St. Petersburg Bay Point (FL),1,St. Petersburg Baypoint (FL)
St. Petersburg Baypoint (FL),4,St. Petersburg Baypoint (FL)
Saint Petersburg Canterbury (FL),37,St. Petersburg Canterbury (FL)
St. Petersburg Canterbury (FL),141,St. Petersburg Canterbury (FL)
Saint Petersburg Catholic (FL),46,St. Petersburg Catholic (FL)
St. Petersburg Catholic (FL),362,St. Petersburg Catholic (FL)
Florida Military Academy (FL),10,St. Petersburg Florida Military Academy (FL)
Florida Military College (FL),3,St. Petersburg Florida Military Academy (FL)
Florida Military Colloge (FL),2,St. Petersburg Florida Military Academy (FL)
Florida Military Institute (FL),2,St. Petersburg Florida Military Academy (FL)
St. Petersburg Florida Military Academy (FL),1,St. Petersburg Florida Military Academy (FL)
Saint Petersburg Gibbs (FL),48,St. Petersburg Gibbs (FL)
St. Petersburg Gibbs (FL),384,St. Petersburg Gibbs (FL)
Saint Petersburg Keswick Christian (FL),48,St. Petersburg Keswick Christian (FL)
St. Petersburg Keswick Christian (FL),218,St. Petersburg Keswick Christian (FL)
Saint Petersburg Lakewood (FL),59,St. Petersburg Lakewood (FL)
St. Petersburg Lakewood (FL),495,St. Petersburg Lakewood (FL)
Saint Petersburg Northeast (FL),53,St. Petersburg Northeast (FL)
St. Petersburg Northeast (FL),495,St. Petersburg Northeast (FL)
Saint Petersburg Northside Christian (FL),50,St. Petersburg Northside Christian (FL)
St. Pertersburg NorthsideChristian (FL),3,St. Petersburg Northside Christian (FL)
St. Petersburg Northside Christian (FL),330,St. Petersburg Northside Christian (FL)
Saint Petersburg Shorecrest Prep (FL),51,St. Petersburg Shorecrest Prep (FL)
St. Petersburg Shorecrest Prep (FL),333,St. Petersburg Shorecrest Prep (FL)
Starke Bradford (FL),480,Starke Bradford (FL)
Stuart Martin County (FL),462,Stuart Martin County (FL)
Stuart South Fork (FL),356,Stuart South Fork (FL)
Sunrise Piper (FL),370,Sunrise Piper (FL)
Tallahassee Chiles (FL),240,Tallahassee Chiles (FL)
Tallahassee Florida A&M (FL),325,Tallahassee Florida A&M University High (FL)
Tallahassee Florida A&M University High (FL),22,Tallahassee Florida A&M University High (FL)
Tallahassee Florida St. ate (FL),20,Tallahassee Florida State University High (FL)
Tallahassee Florida State University (FL),363,Tallahassee Florida State University High (FL)
Tallahassee Godby (FL),468,Tallahassee Godby (FL)
Leon Tallahassee (FL),4,Tallahassee Leon (FL)
Tallahassee Leon (FL),640,Tallahassee Leon (FL)
Tallahassee Lincoln (FL),500,Tallahassee Lincoln (FL)
Tallahassee Maclay (FL),199,Tallahassee Maclay (FL)
Tallahassee Maranatha Christian (FL),16,Tallahassee Maranatha Christian Academy (FL)
Tallahassee Maranatha Christian Academy (FL),2,Tallahassee Maranatha Christian Academy (FL)
Tallahassee North Florida (FL),17,Tallahassee North Florida Christian (FL)
Tallahassee North Florida Christian (FL),482,Tallahassee North Florida Christian (FL)
Tallahassee Richards (FL),63,Tallahassee Richards (FL)
Tallahassee Rickards (FL),410,Tallahassee Richards (FL)
Tampa Alonso (FL),242,Tampa Alonso (FL)
Tampa Bay Tech (FL),519,Tampa Bay Tech (FL)
Tampa Berkeley Prep (FL),394,Tampa Berkeley Prep (FL)
Tampa Blake (FL),296,Tampa Blake (FL)
Tampa Blake Yellow (FL),19,Tampa Blake (FL)
Tampa Brewster (FL),3,Tampa Brewster Tech (FL)
Tampa Brewster Tech (FL),4,Tampa Brewster Tech (FL)
Tampa Cambridge Christian (FL),227,Tampa Cambridge Christian (FL)
Tampa Catholic (FL),555,Tampa Catholic (FL)
Tampa Chamberlain (FL),683,Tampa Chamberlain (FL)
Tampa Freedom (FL),222,Tampa Freedom (FL)
Tampa Gaither (FL),428,Tampa Gaither (FL)
Tampa Good Shepard (FL),2,Tampa Good Shepherd (FL)
Tampa Good Shepherd (FL),5,Tampa Good Shepherd (FL)
"Tampa Hillsboro """"B"""" (FL)",1,Tampa Hillsboro B (FL)
Tampa Hillsborough (FL),777,Tampa Hillsborough (FL)
Tampa Jefferson (FL),739,Tampa Jefferson (FL)
Tampa Jesuit (FL),576,Tampa Jesuit (FL)
Tampa King (FL),537,Tampa King (FL)
Tampa Leto (FL),486,Tampa Leto (FL)
Tampa Middleton (FL),264,Tampa Middleton (FL)
Tampa Plant (FL),893,Tampa Plant (FL)
Tampa Providence (FL),1,Tampa Providence Christian (FL)
Tampa Providence Christian (FL),1,Tampa Providence Christian (FL)
Tampa Robinson (FL),615,Tampa Robinson (FL)
Tampa Sickles (FL),300,Tampa Sickles (FL)
Tampa Temple Heights Christian (FL),61,Tampa Temple Heights Christian (FL)
Tampa Temple HeightsChristian (FL),109,Tampa Temple Heights Christian (FL)
Tampa Wharton (FL),294,Tampa Wharton (FL)
Tarpon Springs (FL),472,Tarpon Springs (FL)
Tarpon Springs East Lake (FL),374,Tarpon Springs East Lake (FL)
Tavares (FL),405,Tavares (FL)
Tavares Liberty Christian (FL),19,Tavares Liberty Christian Prep (FL)
Tavares Liberty Christian Prep (FL),7,Tavares Liberty Christian Prep (FL)
Tavernier Coral Shores (FL),266,Tavernier Coral Shores (FL)
The Villages Charter (FL),222,The Villages Charter (FL)
Thomas Industrial Institute (FL),2,Thomas Industrial Institute (FL)
Thomas Institute (FL),1,Thomas Industrial Institute (FL)
Titusville (FL),470,Titusville (FL)
Titusville Astronaut (FL),490,Titusville Astronaut (FL)
Trenton (FL),400,Trenton (FL)
Tuscaloosa Paul W. Bryant (FL),1,Tuscaloosa Paul W. Bryant (AL)
Umatilla (FL),408,Umatilla (FL)
Valrico Bloomingdale (FL),393,Valrico Bloomingdale (FL)
Valrico Foundation Christian (FL),21,Valrico Foundation Christian Academy (FL)
Valrico Foundation Christian Academy (FL),14,Valrico Foundation Christian Academy (FL)
Venice (FL),751,Venice (FL)
Vernon (FL),350,Vernon (FL)
Vero Beach (FL),769,Vero Beach (FL)
Vero Beach Masters Academy (FL),20,Vero Beach Master's Academy (FL)
Vero Beach Master's Academy (FL),118,Vero Beach Master's Academy (FL)
Vero Beach Saint Edward's (FL),26,Vero Beach St. Edward's (FL)
Vero Beach St. Edwards (FL),18,Vero Beach St. Edward's (FL)
Vero Beach St. Edward's (FL),315,Vero Beach St. Edward's (FL)
Viera (FL),198,Viera (FL)
Ernest Ward (FL),88,Walnut Hill Ernest Ward (FL)
McDavid Ernest Ward (FL),1,Walnut Hill Ernest Ward (FL)
Walnut Hill Ernest Ward (FL),59,Walnut Hill Ernest Ward (FL)
Walnut Hill Ward (FL),4,Walnut Hill Ernest Ward (FL)
Wauchula Hardee (FL),458,Wauchula Hardee (FL)
Wellington (FL),321,Wellington (FL)
Wellington Palm Beach (FL),20,Wellington Palm Beach Central (FL)
Wellington Palm Beach Central (FL),217,Wellington Palm Beach Central (FL)
Wesley Chapel (FL),255,Wesley Chapel (FL)
Wesley Chapel Wiregrass Ranch (FL),196,Wesley Chapel Wiregrass Ranch (FL)
West Melbourne Calvary Chapel (FL),20,West Melbourne Calvary Chapel Academy (FL)
West Melbourne Calvary Chapel Academy (FL),25,West Melbourne Calvary Chapel Academy (FL)
West Palm Beach Berean Christian (FL),2,West Palm Beach Berean Christian (FL)
West Palm Beach BereanChristian (FL),162,West Palm Beach Berean Christian (FL)
West Palm Beach Brenean (FL),1,West Palm Beach Berean Christian (FL)
West Palm Beach Cardinal Newman (FL),428,West Palm Beach Cardinal Newman (FL)
West Palm Beach Forest Hill (FL),374,West Palm Beach Forest Hill (FL)
West Palm Beach Forest Hills (FL),3,West Palm Beach Forest Hill (FL)
West Palm Beach Kings Academy (FL),20,West Palm Beach King's Academy (FL)
West Palm Beach King's Academy (FL),333,West Palm Beach King's Academy (FL)
West Palm Beach Palm Beach (FL),18,West Palm Beach Palm Beach Lakes (FL)
West Palm Beach Palm Beach Lakes (FL),300,West Palm Beach Palm Beach Lakes (FL)
Weston Cypress Bay (FL),233,Weston Cypress Bay (FL)
Wewahitchka (FL),327,Wewahitchka (FL)
Wildwood (FL),462,Wildwood (FL)
Williston (FL),430,Williston (FL)
Winter Garden Foundation Academy (FL),187,Winter Garden Foundation Academy (FL)
Winter Garden West Orange (FL),455,Winter Garden West Orange (FL)
Winter Haven (FL),891,Winter Haven (FL)
Winter Haven All Saints Academy (FL),1,Winter Haven All Saints' Academy (FL)
Winter Haven All Saints' Academy (FL),224,Winter Haven All Saints' Academy (FL)
Winter Have Ambassadors Christian Academyn (FL),10,Winter Haven Ambassadors Christian (FL)
Winter Haven Ambassadors Christian (FL),12,Winter Haven Ambassadors Christian (FL)
Winter Park (FL),651,Winter Park (FL)
Winter Park Lake Howell (FL),431,Winter Park Lake Howell (FL)
Winter Park Trinity Prep (FL),343,Winter Park Trinity Prep (FL)
Winter Springs (FL),247,Winter Springs (FL)
Yulee (FL),211,Yulee (FL)
Zephyrhills (FL),436,Zephyrhills (FL)
Zephyrhills Christian (FL),18,Zephyrhills Christian Academy (FL)
Zephyrhills Christian Academy (FL),130,Zephyrhills Christian Academy (FL)
