Alias_Name,GameCount,Standardized_Name
Acworth Allatoona (GA),211,Acworth Allatoona (GA)
Adairsville (GA),750,Adairsville (GA)
Adel Cook (GA),834,Adel Cook (GA)
Alamo Wheeler County (GA),587,Alamo Wheeler County (GA)
Albany (GA),1043,Albany (GA)
Albany Deerfield-Windsor (GA),607,Albany Deerfield-Windsor (GA)
Albany Deerfield Windsor (GA),22,Albany Deerfield-Windsor (GA)
Albany Dougherty (GA),656,Albany Dougherty (GA)
Albany Monroe (GA),746,Albany Monroe (GA)
Albany Sherwood Christian Academy (GA),340,Albany Sherwood Christian Academy (GA)
Albany Westover (GA),551,Albany Westover (GA)
SC Fairfax (GA),1,Allendale-Fairfax (SC)
Alma Bacon County (GA),754,Alma Bacon County (GA)
Alpharetta (GA),233,Alpharetta (GA)
Alpharetta Chattahoochee (GA),378,Alpharetta Chattahoochee (GA)
Alpharetta King's Ridge Christian (GA),141,Alpharetta King's Ridge Christian (GA)
Alpharetta Kings Ridge (GA),21,Alpharetta King's Ridge Christian (GA)
Alpharetta St. Francis (GA),140,Alpharetta St. Francis (GA)
Alpharetta Saint Francis (GA),34,Alpharetta St. Francis (GA)
Americus (GA),650,Americus (GA)
Americus Southland Academy (GA),639,Americus Southland Academy (GA)
Americus-Sumter (GA),205,Americus-Sumter (GA)
Arnold (GA),108,Arnold (GA)
Ashburn Turner County (GA),739,Ashburn Turner County (GA)
Athens (GA),410,Athens (GA)
Athens Academy (GA),539,Athens Academy (GA)
"Athens """"B"""" (GA)",2,Athens B (GA)
Athens B-Team (GA),1,Athens B (GA)
Athens Cedar Shoals (GA),582,Athens Cedar Shoals (GA)
Cedar Shoals14 (GA),1,Athens Cedar Shoals (GA)
Athens Christian (GA),521,Athens Christian (GA)
Athens Clarke Central (GA),660,Athens Clarke Central (GA)
Athens Monsignor Donovan Catholic (GA),212,Athens Monsignor Donovan Catholic (GA)
Athens Prince Avenue Christian (GA),226,Athens Prince Avenue Christian (GA)
Athens Prince Avenue (GA),22,Athens Prince Avenue Christian (GA)
Atlanta Boys (GA),430,Atlanta Boys (GA)
"Atlanta Boys """"B"""" (GA)",3,Atlanta Boys B (GA)
Atlanta Business Engineering Science Tech (GA),120,Atlanta Business Engineering Science Tech (GA)
Atlanta Business Engineering (GA),19,Atlanta Business Engineering Science Tech (GA)
Atlanta Carver (GA),840,Atlanta Carver (GA)
Atlanta Crim (GA),172,Atlanta Crim (GA)
Atlanta Cross Keys (GA),689,Atlanta Cross Keys (GA)
Atlanta Douglass (GA),630,Atlanta Douglass (GA)
Atlanta Druid Hills (GA),825,Atlanta Druid Hills (GA)
Atlanta Grady (GA),825,Atlanta Grady (GA)
Atlanta Hapeville Charter (GA),370,Atlanta Hapeville Charter (GA)
Atlanta Holy Innocents Episcopal (GA),206,Atlanta Holy Innocents Episcopal (GA)
Atlanta Holy Innocents (GA),19,Atlanta Holy Innocents Episcopal (GA)
Atlanta Holy Spirit Prep (GA),195,Atlanta Holy Spirit Prep (GA)
Atlanta Holy Spirit (GA),18,Atlanta Holy Spirit Prep (GA)
Atlanta Howard (GA),320,Atlanta Howard (GA)
Atlanta Jackson (GA),240,Atlanta Jackson (GA)
Atlanta KIPP Collegiate (GA),114,Atlanta KIPP Collegiate (GA)
Atlanta Lakeshore (GA),290,Atlanta Lakeshore (GA)
Atlanta Lakeside (GA),698,Atlanta Lakeside (GA)
Atlanta Lovett (GA),784,Atlanta Lovett (GA)
Atlanta Marist (GA),1226,Atlanta Marist (GA)
Atlanta Marsit (GA),1,Atlanta Marist (GA)
Atlanta Mays (GA),451,Atlanta Mays (GA)
Atlanta McNair (GA),415,Atlanta McNair (GA)
Atlanta Mount Vernon Presbyterian (GA),216,Atlanta Mount Vernon Presbyterian (GA)
Atlanta North Atlanta (GA),337,Atlanta North Atlanta (GA)
Atlanta North Springs (GA),663,Atlanta North Springs (GA)
Atlanta Northside (GA),181,Atlanta Northside (GA)
Atlanta Pace Academy (GA),189,Atlanta Pace Academy (GA)
Atlanta Peachtree (GA),214,Atlanta Peachtree (GA)
Atlanta Price (GA),195,Atlanta Price (GA)
Atlanta Riverwood (GA),555,Atlanta Riverwood (GA)
Atlanta Roosevelt (GA),113,Atlanta Roosevelt (GA)
Atlanta Southside (GA),128,Atlanta Southside (GA)
Atlanta St. Pius X Catholic (GA),708,Atlanta St. Pius X Catholic (GA)
Atlanta Saint Pius X Catholic (GA),35,Atlanta St. Pius X Catholic (GA)
Atlanta St. Pius (GA),20,Atlanta St. Pius X Catholic (GA)
Atlanta Tech (GA),429,Atlanta Tech (GA)
"Atlanta Tech """"B"""" (GA)",5,Atlanta Tech B (GA)
Atlanta Therrell (GA),684,Atlanta Therrell (GA)
Atlanta Walker (GA),181,Atlanta Walker (GA)
Atlanta Washington (GA),902,Atlanta Washington (GA)
"Atlanta Washington """"B"""" (GA)",1,Atlanta Washington B (GA)
Atlanta Westlake (GA),434,Atlanta Westlake (GA)
Atlanta Westminster (GA),725,Atlanta Westminster (GA)
Atlanta) J Westminster (GA),2,Atlanta Westminster (GA)
Augusta Academy of Richmond County (GA),1116,Augusta Academy of Richmond County (GA)
Augusta Academy Of (GA),18,Augusta Academy of Richmond County (GA)
"Augusta Academy of Richmond County """"B"""" (GA)",1,Augusta Academy of Richmond County B (GA)
Augusta Aquinas (GA),635,Augusta Aquinas (GA)
Augusta Boy's Catholic (GA),15,Augusta Boy's Catholic (GA)
Augusta Boys Catholic (GA),5,Augusta Boy's Catholic (GA)
Augusta Butler (GA),602,Augusta Butler (GA)
Augusta Christian (GA),121,Augusta Christian (GA)
Augusta Cross Creek (GA),262,Augusta Cross Creek (GA)
Augusta Curtis Baptist (GA),247,Augusta Curtis Baptist (GA)
Augusta Glenn Hills (GA),595,Augusta Glenn Hills (GA)
Augusta Josey (GA),616,Augusta Josey (GA)
Augusta Laney (GA),809,Augusta Laney (GA)
Augusta Prep Day (GA),158,Augusta Prep Day (GA)
Augusta Westminster Schools of Augusta (GA),212,Augusta Westminster Schools of Augusta (GA)
Augusta Westminster Schools (GA),17,Augusta Westminster Schools of Augusta (GA)
Augusta Westside (GA),607,Augusta Westside (GA)
Austell South Cobb (GA),759,Austell South Cobb (GA)
Avondale (GA),592,Avondale (GA)
Avondale Estates Avondale (GA),662,Avondale Estates Avondale (GA)
Baconton Charter (GA),151,Baconton Charter (GA)
Bainbridge (GA),1092,Bainbridge (GA)
Bainbridge Grace Christian (GA),18,Bainbridge Grace Christian Academy (GA)
Bainbridge Grace Christian Academy (GA),18,Bainbridge Grace Christian Academy (GA)
SC Carlisle (GA),1,Bamberg Carlisle Military (SC)
"Barnesville Gordon Institute """"B"""" (GA)",1,Barnesville Gordon Military College B (GA)
Barnesville Lamar County (GA),615,Barnesville Lamar County (GA)
Bass (GA),114,Bass (GA)
Baxley Appling County (GA),758,Baxley Appling County (GA)
FL Glades Day (GA),1,Belle Glade Glades Day (FL)
Bellville Pinewood Christian (GA),619,Bellville Pinewood Christian (GA)
Bethlehem Christian Academy (GA),133,Bethlehem Christian Academy (GA)
Bethlehem Christian (GA),21,Bethlehem Christian Academy (GA)
FL Notre Dame (GA),1,Biloxi Notre Dame (MS)
Blackshear (GA),249,Blackshear (GA)
Blackshear Pierce County (GA),503,Blackshear Pierce County (GA)
SC Jefferson Davis Academy (GA),1,Blackville Jefferson Davis Academy (SC)
Blairsville Union County (GA),695,Blairsville Union County (GA)
Blakely Early County (GA),694,Blakely Early County (GA)
Blakely-Union (GA),115,Blakely-Union (GA)
Blue Ridge Fannin County (GA),519,Blue Ridge Fannin County (GA)
Bogart North Oconee (GA),252,Bogart North Oconee (GA)
Bowdon (GA),852,Bowdon (GA)
FL Branford (GA),1,Branford (FL)
Bremen (GA),967,Bremen (GA)
Briarcliff (GA),182,Briarcliff (GA)
Brooklet Southeast Bulloch (GA),636,Brooklet Southeast Bulloch (GA)
Brown (GA),124,Brown (GA)
Brunswick (GA),623,Brunswick (GA)
Brunswick Glynn Academy (GA),1072,Brunswick Glynn Academy (GA)
Brunswick Risley (GA),220,Brunswick Risley (GA)
Buchanan (GA),103,Buchanan (GA)
Buena Vista Marion County (GA),214,Buena Vista Marion County (GA)
Buena Vista Tri-County (GA),317,Buena Vista Tri-County (GA)
Buford (GA),968,Buford (GA)
Butler Taylor County (GA),557,Butler Taylor County (GA)
Cairo (GA),1118,Cairo (GA)
Calhoun (GA),970,Calhoun (GA)
Calhoun Gordon Central (GA),459,Calhoun Gordon Central (GA)
Calhoun Sonoraville (GA),207,Calhoun Sonoraville (GA)
Camilla Mitchell County (GA),548,Camilla Mitchell County (GA)
Camilla Mitchell (GA),19,Camilla Mitchell County (GA)
Camilla Westwood (GA),600,Camilla Westwood (GA)
Canton (GA),119,Canton (GA)
Canton Cherokee (GA),637,Canton Cherokee (GA)
Canton Creekview (GA),210,Canton Creekview (GA)
Canton North Georgia (GA),202,Canton North Georgia (GA)
Canton Sequoyah (GA),362,Canton Sequoyah (GA)
Carnesville Franklin County (GA),666,Carnesville Franklin County (GA)
Carroll Mount Zion (GA),486,Carroll Mount Zion (GA)
Carrol Mount Zion (GA),15,Carroll Mount Zion (GA)
Carrollton (GA),1052,Carrollton (GA)
Carrollton Central (GA),637,Carrollton Central (GA)
Cartersville (GA),1147,Cartersville (GA)
Cartersville Cass (GA),552,Cartersville Cass (GA)
Cartersville Woodland (GA),277,Cartersville Woodland (GA)
Cedartown (GA),1085,Cedartown (GA)
Cedartown Cedar Hill (GA),164,Cedartown Cedar Hill (GA)
Chamblee (GA),829,Chamblee (GA)
Chatsworth Murray County (GA),775,Chatsworth Murray County (GA)
Chatsworth North Murray (GA),172,Chatsworth North Murray (GA)
FL Chattahoochee (GA),1,Chattahoochee (FL)
T Baylor (GA),3,Chattanooga Baylor (TN)
TN Kirkman (GA),3,Chattanooga Kirkman (TN)
Chattanooga Valley (GA),222,Chattanooga Valley (GA)
Chickamauga Gordon Lee (GA),911,Chickamauga Gordon Lee (GA)
Chula Tiftarea Academy (GA),562,Chula Tiftarea Academy (GA)
Clarkston (GA),823,Clarkston (GA)
Claxton (GA),910,Claxton (GA)
Cleveland White County (GA),707,Cleveland White County (GA)
Cochran (GA),220,Cochran (GA)
Cochran Bleckley County (GA),523,Cochran Bleckley County (GA)
Coffee County (GA),119,Coffee County (GA)
College Park (GA),205,College Park (GA)
College Park Banneker (GA),380,College Park Banneker (GA)
College Park North Clayton (GA),787,College Park North Clayton (GA)
College Park Woodward Academy (GA),1273,College Park Woodward Academy (GA)
Colquitt Miller County (GA),849,Colquitt Miller County (GA)
TN Columbia Military Academy (GA),1,Columbia Military Academy (TN)
SC Olympia (GA),2,Columbia Olympia (SC)
Columbus (GA),1088,Columbus (GA)
Columbus Baker (GA),345,Columbus Baker (GA)
Columbus Brookstone (GA),596,Columbus Brookstone (GA)
Columbus Calvary Christian (GA),165,Columbus Calvary Christian (GA)
Columbus Carver (GA),723,Columbus Carver (GA)
Columbus Hardaway (GA),628,Columbus Hardaway (GA)
Columbus Jordan (GA),722,Columbus Jordan (GA)
Columbus Kendrick (GA),598,Columbus Kendrick (GA)
Columbus Northside (GA),231,Columbus Northside (GA)
Columbus Pacelli (GA),577,Columbus Pacelli (GA)
Columbus Shaw (GA),521,Columbus Shaw (GA)
Columbus Spencer (GA),892,Columbus Spencer (GA)
Commerce (GA),1021,Commerce (GA)
Commerce East Jackson (GA),189,Commerce East Jackson (GA)
Conyers East Atlanta (GA),389,Conyers East Atlanta (GA)
Conyers Heritage (GA),500,Conyers Heritage (GA)
Conyers Rockdale County (GA),727,Conyers Rockdale County (GA)
Conyers Salem (GA),341,Conyers Salem (GA)
Conyers Young Americans Christian (GA),163,Conyers Young Americans Christian (GA)
Conyers Young Americans (GA),19,Conyers Young Americans Christian (GA)
SC Victory Baptist (GA),2,Cope Harvest Christian Academy (SC)
TN) J Copper Basin (GA),1,Copperhill Copper Basin (TN)
Cordele (GA),139,Cordele (GA)
Cordele Crisp Academy (GA),422,Cordele Crisp Academy (GA)
Cordele Crisp County (GA),753,Cordele Crisp County (GA)
Cornelia (GA),134,Cornelia (GA)
Covington Alcovy (GA),195,Covington Alcovy (GA)
Covington Eastside (GA),325,Covington Eastside (GA)
Covington Newton (GA),807,Covington Newton (GA)
Crestwood (GA),123,Crestwood (GA)
Cumming Forsyth Central (GA),561,Cumming Forsyth Central (GA)
Cumming Horizon Christian Academy (GA),120,Cumming Horizon Christian Academy (GA)
Cumming North Forsyth (GA),339,Cumming North Forsyth (GA)
Cumming Pinecrest Academy (GA),235,Cumming Pinecrest Academy (GA)
Cumming South Forsyth (GA),388,Cumming South Forsyth (GA)
Cumming West Forsyth (GA),200,Cumming West Forsyth (GA)
Cusseta Chattahoochee County (GA),209,Cusseta Chattahoochee County (GA)
Cuthbert Randolph-Clay (GA),442,Cuthbert Randolph-Clay (GA)
Cuthbert Randolph Clay (GA),16,Cuthbert Randolph-Clay (GA)
Dacula (GA),686,Dacula (GA)
Dacula Hebron Christian Academy (GA),191,Dacula Hebron Christian Academy (GA)
Dade (GA),113,Dade (GA)
Dahlonega Lumpkin County (GA),662,Dahlonega Lumpkin County (GA)
Dallas (GA),218,Dallas (GA)
Dallas East Paulding (GA),376,Dallas East Paulding (GA)
Dallas North Paulding (GA),195,Dallas North Paulding (GA)
Dallas Paulding County (GA),591,Dallas Paulding County (GA)
Dalton (GA),1002,Dalton (GA)
Dalton Christian Heritage (GA),202,Dalton Christian Heritage (GA)
Dalton Coahulla Creek (GA),141,Dalton Coahulla Creek (GA)
Dalton Southeast Whitfield County (GA),508,Dalton Southeast Whitfield County (GA)
Dalton Northwest Whitfield (GA),5,Dalton Southeast Whitfield County (GA)
Damascus Southwest Georgia Academy (GA),612,Damascus Southwest Georgia Academy (GA)
Damascus Southwest Georgia (GA),21,Damascus Southwest Georgia Academy (GA)
Danielsville Madison County (GA),694,Danielsville Madison County (GA)
Darien McIntosh County Academy (GA),447,Darien McIntosh County Academy (GA)
Darien Mcintosh County (GA),19,Darien McIntosh County Academy (GA)
Davis (GA),108,Davis (GA)
Dawson Terrell Academy (GA),633,Dawson Terrell Academy (GA)
Dawson Terrell County (GA),799,Dawson Terrell County (GA)
Dawsonville Dawson County (GA),527,Dawsonville Dawson County (GA)
T Dayton (GA),1,Dayton (TN)
Decatur (GA),1139,Decatur (GA)
Decatur Columbia (GA),661,Decatur Columbia (GA)
Decatur Shamrock (GA),289,Decatur Shamrock (GA)
Decatur Southwest DeKalb (GA),911,Decatur Southwest DeKalb (GA)
Decatur Towers (GA),676,Decatur Towers (GA)
FL Deland (GA),1,DeLand (FL)
Dexter West Laurens (GA),565,Dexter West Laurens (GA)
Donalsonville Seminole County (GA),793,Donalsonville Seminole County (GA)
Donalsonville SeminoleCountyTraining (GA),10,Donalsonville Seminole County Training (GA)
Donalsonville Seminole County Training (GA),1,Donalsonville Seminole County Training (GA)
Doraville North Atlanta Saints (GA),140,Doraville North Atlanta Saints (GA)
Doraville Sequoyah (GA),178,Doraville Sequoyah (GA)
Douglas Coffee (GA),590,Douglas Coffee (GA)
Douglasville Alexander (GA),422,Douglasville Alexander (GA)
Douglasville Chapel Hill (GA),268,Douglasville Chapel Hill (GA)
Douglasville Douglas County (GA),941,Douglasville Douglas County (GA)
Douglasville Harvester Christian Academy (GA),182,Douglasville Harvester Christian Academy (GA)
Douglasville Harvester Christian (GA),19,Douglasville Harvester Christian Academy (GA)
Douglasville Kings Way Christian School (GA),163,Douglasville Kings Way Christian School (GA)
Douglasville New Manchester (GA),143,Douglasville New Manchester (GA)
Douglasville South Paulding (GA),199,Douglasville South Paulding (GA)
Dublin (GA),1022,Dublin (GA)
Dublin Trinity Christian (GA),399,Dublin Trinity Christian (GA)
Duluth (GA),690,Duluth (GA)
Duluth Notre Dame Academy (GA),45,Duluth Notre Dame Academy (GA)
Duluth Notre Dame (GA),9,Duluth Notre Dame Academy (GA)
Dunwoody (GA),580,Dunwoody (GA)
East Dublin East Laurens (GA),635,East Dublin East Laurens (GA)
East Point Tri-Cities (GA),373,East Point Tri-Cities (GA)
East Point Tri Cities (GA),19,East Point Tri-Cities (GA)
East Point-South Fulton (GA),140,East Point-South Fulton (GA)
East Rome (GA),319,East Rome (GA)
Eastman (GA),104,Eastman (GA)
Eastman Dodge County (GA),730,Eastman Dodge County (GA)
Eatonton Gatewood (GA),262,Eatonton Gatewood (GA)
Eatonton Putnam County (GA),812,Eatonton Putnam County (GA)
Edison Calhoun County (GA),544,Edison Calhoun County (GA)
Edison Pataula Charter Academy (GA),61,Edison Pataula Charter Academy (GA)
Edison Pataula Charter (GA),15,Edison Pataula Charter Academy (GA)
Elberton (GA),376,Elberton (GA)
Elberton Elbert County (GA),759,Elberton Elbert County (GA)
Ellaville Schley County (GA),281,Ellaville Schley County (GA)
Ellenwood Cedar Grove (GA),615,Ellenwood Cedar Grove (GA)
Ellijay Gilmer (GA),724,Ellijay Gilmer (GA)
Ellijay Gilmer County (GA),3,Ellijay Gilmer (GA)
Evans (GA),714,Evans (GA)
Evans Greenbrier (GA),309,Evans Greenbrier (GA)
Evans Lakeside (GA),389,Evans Lakeside (GA)
Fairburn Campbell (GA),224,Fairburn Campbell (GA)
Fairburn Creekside (GA),420,Fairburn Creekside (GA)
Fairburn Landmark Christian (GA),374,Fairburn Landmark Christian (GA)
Fairburn Landmark Christian Academy (GA),1,Fairburn Landmark Christian (GA)
Fairburn Langston Hughes (GA),201,Fairburn Langston Hughes (GA)
Fairburn Our Lady of Mercy (GA),207,Fairburn Our Lady of Mercy (GA)
Fairburn St. Marys (GA),15,Fairburn St. Marys (GA)
Fairburn St. Mary's (GA),8,Fairburn St. Marys (GA)
Fayetteville Fayette County (GA),698,Fayetteville Fayette County (GA)
Fayetteville Starr's Mill (GA),303,Fayetteville Starr's Mill (GA)
Fayetteville St. arrs Mill (GA),21,Fayetteville Starr's Mill (GA)
Fayetteville Whitewater (GA),236,Fayetteville Whitewater (GA)
Fitzgerald (GA),1150,Fitzgerald (GA)
Fitzgerald Purple (GA),23,Fitzgerald (GA)
Flowery Branch (GA),272,Flowery Branch (GA)
Flowery Branch Lanier Christian Academy (GA),59,Flowery Branch Lanier Christian Academy (GA)
Folkston (GA),45,Flowery Branch Lanier Christian Academy (GA)
Folkston Charlton County (GA),737,Folkston Charlton County (GA)
Forest Park (GA),792,Forest Park (GA)
Forsyth County (GA),118,Forsyth County (GA)
Forsyth Mary Persons (GA),977,Forsyth Mary Persons (GA)
Mary Persons JV (GA),1,Forsyth Mary Persons JV (GA)
Forsyth Monroe Academy (GA),407,Forsyth Monroe Academy (GA)
Fort Valley (GA),177,Fort Valley (GA)
Fort Valley High & Industrial (GA),3,Fort Valley High - Industrial (GA)
Fort Valley High - Industrial (GA),1,Fort Valley High - Industrial (GA)
Ft. Valley Hunt (GA),76,Fort Valley Hunt (GA)
Fort Valley Peach County (GA),603,Fort Valley Peach County (GA)
Franklin Heard County (GA),589,Franklin Heard County (GA)
Fulton (GA),226,Fulton (GA)
Gainesville (GA),1204,Gainesville (GA)
Gainesville Chestatee (GA),246,Gainesville Chestatee (GA)
Gainesville East Hall (GA),708,Gainesville East Hall (GA)
Gainesville Fair Street (GA),110,Gainesville Fair Street (GA)
Gainesville Johnson (GA),589,Gainesville Johnson (GA)
Gainesville) J Johnson (GA),1,Gainesville Johnson (GA)
Gainesville Lakeview Academy (GA),173,Gainesville Lakeview Academy (GA)
Gainesville North Hall (GA),716,Gainesville North Hall (GA)
Gainesville Riverside Military Academy (GA),964,Gainesville Riverside Military Academy (GA)
Gainesville Riverside Military (GA),19,Gainesville Riverside Military Academy (GA)
Riverside Military (GA),8,Gainesville Riverside Military Academy (GA)
Riverside Military Academy B-Team (GA),8,Gainesville Riverside Military Academy B (GA)
"Gainesville Riverside Military Academy """"B"""" (GA)",5,Gainesville Riverside Military Academy B (GA)
Riverside Military Academy JV (GA),1,Gainesville Riverside Military Academy JV (GA)
Garden City Groves (GA),773,Garden City Groves (GA)
Gatewood School (GA),164,Gatewood School (GA)
George (GA),108,George (GA)
Georgia Industrial Institute (GA),115,Georgia Industrial Institute (GA)
Georgia School for the Deaf (GA),519,Georgia School for the Deaf (GA)
Georgia School for Deaf (GA),11,Georgia School for the Deaf (GA)
Gibson Glascock County (GA),382,Gibson Glascock County (GA)
Glennville (GA),331,Glennville (GA)
Gordon (GA),214,Gordon (GA)
Gordon Military College (GA),148,Gordon Military College (GA)
SC Graniteville (GA),1,Graniteville Midland Valley (SC)
Gray Jones County (GA),851,Gray Jones County (GA)
FL Clay (GA),1,Green Cove Springs Clay (FL)
FL Greene Cove Spring (GA),1,Green Cove Springs Clay (FL)
Greensboro (GA),398,Greensboro (GA)
Greensboro Greene County (GA),674,Greensboro Greene County (GA)
Greensboro Lake Oconee Academy (GA),20,Greensboro Lake Oconee Academy (GA)
Greensboro Lake Oconee (GA),19,Greensboro Lake Oconee Academy (GA)
Greenville (GA),549,Greenville (GA)
Griffin (GA),1151,Griffin (GA)
Griffin Christian (GA),150,Griffin Christian (GA)
Griffin Skipstone Academy (GA),153,Griffin Skipstone Academy (GA)
Griffin Spalding (GA),273,Griffin Spalding (GA)
Grovetown (GA),173,Grovetown (GA)
Guyton South Effingham (GA),307,Guyton South Effingham (GA)
Hamilton Harris County (GA),728,Hamilton Harris County (GA)
Hampton (GA),118,Hampton (GA)
Hampton Dutchtown (GA),235,Hampton Dutchtown (GA)
Harlem (GA),701,Harlem (GA)
Harper (GA),164,Harper (GA)
Hartwell (GA),233,Hartwell (GA)
Hartwell Hart County (GA),910,Hartwell Hart County (GA)
Hawkinsville (GA),913,Hawkinsville (GA)
Hazlehurst Jeff Davis (GA),788,Hazlehurst Jeff Davis (GA)
Headland (GA),104,Headland (GA)
Henderson (GA),212,Henderson (GA)
Hephzibah (GA),718,Hephzibah (GA)
Hephzibah Georgia School (GA),20,Hephzibah Georgia School (GA)
Hephzibah Georgia School for Innovation & Classics (GA),10,Hephzibah Georgia School (GA)
Hiawassee Towns County (GA),496,Hiawassee Towns County (GA)
Towns County (GA) (TN),4,Hiawassee Towns County (GA)
SC Hilton Head Prep (GA),1,Hilton Head Island Prep (SC)
Hinesville Bradwell Institute (GA),782,Hinesville Bradwell Institute (GA)
Hinesville Liberty County (GA),420,Hinesville Liberty County (GA)
Hiram (GA),275,Hiram (GA)
Hogansville (GA),386,Hogansville (GA)
Hogansville Callaway (GA),350,Hogansville Callaway (GA)
Homer Banks County (GA),596,Homer Banks County (GA)
Homerville Clinch County (GA),843,Homerville Clinch County (GA)
Hoschton Mill Creek (GA),256,Hoschton Mill Creek (GA)
Irwinton Wilkinson County (GA),721,Irwinton Wilkinson County (GA)
Jackson (GA),885,Jackson (GA)
FL Kenny (GA),1,Jacksonville Bishop Kenny (FL)
TN Jasper (GA),1,Jasper Marion County (TN)
Jasper Pickens (GA),705,Jasper Pickens (GA)
Jefferson (GA),862,Jefferson (GA)
Jefferson Jackson County (GA),466,Jefferson Jackson County (GA)
Jeffersonville Twiggs Academy (GA),298,Jeffersonville Twiggs Academy (GA)
Twiggs Academy (GA),81,Jeffersonville Twiggs Academy (GA)
Jeffersonville Twiggs County (GA),303,Jeffersonville Twiggs County (GA)
Jesup (GA),204,Jesup (GA)
Jesup Wayne County (GA),671,Jesup Wayne County (GA)
John Hancock Academy (GA),121,John Hancock Academy (GA)
Johns Creek (GA),172,Johns Creek (GA)
Johns Creek Mount Pisgah Christian (GA),230,Johns Creek Mount Pisgah Christian (GA)
Johns Creek Northview (GA),237,Johns Creek Northview (GA)
Jonesboro (GA),839,Jonesboro (GA)
Jonesboro Mount Zion (GA),547,Jonesboro Mount Zion (GA)
Jonesboro Mundy's Mill (GA),222,Jonesboro Mundy's Mill (GA)
Jonesboro Mundys Mill (GA),18,Jonesboro Mundy's Mill (GA)
Kathleen Veterans (GA),170,Kathleen Veterans (GA)
Kennesaw Harrison (GA),383,Kennesaw Harrison (GA)
Kennesaw Mount Paran Christian (GA),180,Kennesaw Mount Paran Christian (GA)
Kennesaw Mount Paran (GA),20,Kennesaw Mount Paran Christian (GA)
Kennesaw Mountain (GA),254,Kennesaw Mountain (GA)
Kennesaw North Cobb (GA),715,Kennesaw North Cobb (GA)
Kennesaw North Cobb Christian (GA),192,Kennesaw North Cobb Christian (GA)
Kennesaw Shiloh Hills Christian (GA),115,Kennesaw Shiloh Hills Christian (GA)
Kingsland Camden County (GA),829,Kingsland Camden County (GA)
T Kingsport (GA),1,Kingsport Dobyns-Bennett (TN)
T Knoxville Central (GA),1,Knoxville Central (TN)
LaFayette (GA),1004,LaFayette (GA)
LaGrange (GA),1155,LaGrange (GA)
LaGrange Dawson Street Christian (GA),127,LaGrange Dawson Street Christian (GA)
Lagrange East Depot (GA),167,Lagrange East Depot (GA)
LaGrange Ethel Kight (GA),33,Lagrange Ethel W. Kight (GA)
Lagrange Ethel W. Kight (GA),5,Lagrange Ethel W. Kight (GA)
LaGrange Lafayette Christian (GA),145,LaGrange Lafayette Christian (GA)
LaGrange Troup County (GA),609,LaGrange Troup County (GA)
LaGrange Troup County Training (GA),1,LaGrange Troup County (GA)
Lakeland Lanier County (GA),294,Lakeland Lanier County (GA)
Lakeview-Fort Oglethorpe (GA),761,Lakeview-Fort Oglethorpe (GA)
SC Langley-Bath-Clearwater (GA),1,Langley Bath Clearwater (SC)
Lavonia (GA),359,Lavonia (GA)
Lawrenceville Archer (GA),579,Lawrenceville Archer (GA)
Lawrenceville Central Gwinnett (GA),726,Lawrenceville Central Gwinnett (GA)
Lawrenceville Mountain View (GA),169,Lawrenceville Mountain View (GA)
Leesburg Lee County (GA),593,Leesburg Lee County (GA)
Lexington Oglethorpe County (GA),751,Lexington Oglethorpe County (GA)
Lilburn Berkmar (GA),574,Lilburn Berkmar (GA)
Lilburn Parkview (GA),571,Lilburn Parkview (GA)
Lilburn Providence Christian Academy (GA),127,Lilburn Providence Christian Academy (GA)
Lincoln County (GA),1113,Lincoln County (GA)
Lincolnton West Side (GA),1,Lincolnton West Side (GA)
Lincolnton Westside (GA),1,Lincolnton West Side (GA)
Lindale Pepperell (GA),826,Lindale Pepperell (GA)
Lithia Springs (GA),509,Lithia Springs (GA)
Lithia Springs Colonial Hills Christian (GA),148,Lithia Springs Colonial Hills Christian (GA)
Lithonia (GA),831,Lithonia (GA)
Lithonia Arabia Mountain (GA),169,Lithonia Arabia Mountain (GA)
Lithonia M.L. King (GA),251,Lithonia M.L. King (GA)
Lithonia Ml King (GA),19,Lithonia M.L. King (GA)
Lithonia Miller Grove (GA),208,Lithonia Miller Grove (GA)
Locust Grove (GA),164,Locust Grove (GA)
Locust Grove Strong Rock Christian (GA),167,Locust Grove Strong Rock Christian (GA)
Locust Grove St. rong Rock (GA),21,Locust Grove Strong Rock Christian (GA)
Loganville (GA),622,Loganville (GA)
Loganville Christian Academy (GA),178,Loganville Christian Academy (GA)
Loganville Covenant Christian Academy (GA),106,Loganville Covenant Christian Academy (GA)
Loganville Grayson (GA),318,Loganville Grayson (GA)
Louisville (GA),353,Louisville (GA)
Louisville Jefferson County (GA),350,Louisville Jefferson County (GA)
Louisville Thomas Jefferson Academy (GA),361,Louisville Thomas Jefferson Academy (GA)
Lovejoy (GA),398,Lovejoy (GA)
Ludowici Long County (GA),262,Ludowici Long County (GA)
Luella (GA),233,Luella (GA)
Lumpkin Stewart County (GA),190,Lumpkin Stewart County (GA)
Lyons (GA),355,Lyons (GA)
Lyons Robert Toombs Christian Academy (GA),405,Lyons Robert Toombs Christian Academy (GA)
Lyons Toombs County (GA),425,Lyons Toombs County (GA)
Mableton Pebblebrook (GA),633,Mableton Pebblebrook (GA)
Mableton Whitefield Academy (GA),260,Mableton Whitefield Academy (GA)
Macon Academy for Classical Education (GA),50,Macon Academy for Classical Education (GA)
Macon Academy For (GA),20,Macon Academy for Classical Education (GA)
Macon Ballard-Hudson (GA),113,Macon Ballard-Hudson (GA)
Macon Central (GA),577,Macon Central (GA)
Macon Central Fellowship Christian Academy (GA),251,Macon Central Fellowship Christian Academy (GA)
Macon Covenant Academy (GA),190,Macon Covenant Academy (GA)
Macon First Presbyterian Day (GA),615,Macon First Presbyterian Day (GA)
Macon Howard (GA),246,Macon Howard (GA)
Macon Lanier Boys (GA),149,Macon Lanier Boys (GA)
Mark Smith (GA),24,Macon Mark Smith (GA)
Macon Mount de Sales Academy (GA),718,Macon Mount de Sales Academy (GA)
Macon Mount De Academy (GA),21,Macon Mount de Sales Academy (GA)
Macon Northeast (GA),588,Macon Northeast (GA)
Macon Rutland (GA),227,Macon Rutland (GA)
Macon Southeast (GA),116,Macon Southeast (GA)
Macon Southwest (GA),559,Macon Southwest (GA)
Macon Stratford Academy (GA),643,Macon Stratford Academy (GA)
Macon Tattnall Square Academy (GA),651,Macon Tattnall Square Academy (GA)
Macon Westside (GA),310,Macon Westside (GA)
Macon Windsor Academy (GA),558,Macon Windsor Academy (GA)
Madison (GA),156,Madison (GA)
Madison Morgan County (GA),836,Madison Morgan County (GA)
Manchester (GA),938,Manchester (GA)
Marietta (GA),1101,Marietta (GA)
Marietta Dominion Christian (GA),149,Marietta Dominion Christian (GA)
Marietta Johnson Ferry Christian Academy (GA),109,Marietta Johnson Ferry Christian Academy (GA)
Marietta Johnson Ferry (GA),19,Marietta Johnson Ferry Christian Academy (GA)
Marietta Kell (GA),263,Marietta Kell (GA)
Marietta Lassiter (GA),457,Marietta Lassiter (GA)
Marietta Lemon Street (GA),158,Marietta Lemon Street (GA)
Marietta Osborne (GA),690,Marietta Osborne (GA)
Marietta Pope (GA),367,Marietta Pope (GA)
Marietta Sprayberry (GA),696,Marietta Sprayberry (GA)
Marietta Sprayberry Yellow (GA),21,Marietta Sprayberry (GA)
Marietta Walker (GA),241,Marietta Walker (GA)
Marietta Walton (GA),565,Marietta Walton (GA)
Marietta Wheeler (GA),656,Marietta Wheeler (GA)
Martinez Augusta Christian (GA),254,Martinez Augusta Christian (GA)
Martinez Augusta (GA),19,Martinez Augusta Christian (GA)
McDonough Creekside Christian Academy (GA),128,McDonough Creekside Christian Academy (GA)
McDonough Eagle's Landing (GA),330,McDonough Eagle's Landing (GA)
Mcdonough Eagles Landing (GA),19,McDonough Eagle's Landing (GA)
McDonough Eagle's Landing Christian Academy (GA),370,McDonough Eagle's Landing Christian Academy (GA)
Mcdonough Eagles Landing Christian Academy (GA),18,McDonough Eagle's Landing Christian Academy (GA)
McDonough Henry County (GA),763,McDonough Henry County (GA)
McDonough New Creation Christian (GA),171,McDonough New Creation Christian (GA)
Mcdonough New Creation (GA),16,McDonough New Creation Christian (GA)
McDonough Ola (GA),205,McDonough Ola (GA)
McDonough Peoples Baptist Academy (GA),169,McDonough Peoples Baptist Academy (GA)
Mcdonough Peoples Baptist (GA),14,McDonough Peoples Baptist Academy (GA)
McDonough Union Grove (GA),271,McDonough Union Grove (GA)
McDonough West Side (GA),3,McDonough West Side (GA)
McDonough Westside (GA),1,McDonough West Side (GA)
McRae Telfair County (GA),596,McRae Telfair County (GA)
Metter (GA),932,Metter (GA)
Milledgeville Baldwin (GA),730,Milledgeville Baldwin (GA)
GeorgiaMilitaryAcademy (GA),74,Milledgeville Georgia Military Academy (GA)
Georgia Military Academy (GA),2,Milledgeville Georgia Military Academy (GA)
Georgia Military Academy B-Team (GA),7,Milledgeville Georgia Military Academy B (GA)
Georgia Military Academy JV (GA),1,Milledgeville Georgia Military Academy JV (GA)
Milledgeville Georgia Military College (GA),870,Milledgeville Georgia Military College (GA)
"Georgia Military College """"B"""" (GA)",7,Milledgeville Georgia Military College B (GA)
Georgia Military College B-Team (GA),6,Milledgeville Georgia Military College B (GA)
"Milledgeville Georgia Military College """"B"""" (GA)",1,Milledgeville Georgia Military College B (GA)
Georgia Military College JV (GA),3,Milledgeville Georgia Military College JV (GA)
Milledgeville John Milledge Academy (GA),425,Milledgeville John Milledge Academy (GA)
Milledgeville Milledge Academy (GA),21,Milledgeville John Milledge Academy (GA)
Millen Jenkins County (GA),762,Millen Jenkins County (GA)
Milner Rock Springs Christian Academy (GA),53,Milner Rock Springs Christian Academy (GA)
Milner Rock Springs Academy (GA),17,Milner Rock Springs Christian Academy (GA)
FL Milton (GA),2,Milton (FL)
Milton (GA),812,Milton (GA)
Milton Cambridge (GA),146,Milton Cambridge (GA)
Mitchell-Baker (GA),232,Mitchell-Baker (GA)
Monroe Area (GA),907,Monroe Area (GA)
Monroe George Walton Academy (GA),578,Monroe George Walton Academy (GA)
Montezuma Douglass (GA),218,Montezuma Douglass (GA)
Montezuma Macon County (GA),712,Montezuma Macon County (GA)
Monticello Jasper County (GA),920,Monticello Jasper County (GA)
Monticello Piedmont Academy (GA),619,Monticello Piedmont Academy (GA)
East Fannin (GA),91,Morganton East Fannin (GA)
Morganton East Fannin (GA),6,Morganton East Fannin (GA)
NC Morganton (GA),1,Morganton Hickory Hawks (NC)
Morrow (GA),607,Morrow (GA)
Moultrie (GA),354,Moultrie (GA)
Moultrie Bryant (GA),127,Moultrie Bryant (GA)
Mount Airy Habersham Central (GA),589,Mount Airy Habersham Central (GA)
Mt. Vernon Montgomery County (GA),706,Mt. Vernon Montgomery County (GA)
Murphy (GA),144,Murphy (GA)
Nahunta Brantley County (GA),558,Nahunta Brantley County (GA)
Nashville Berrien (GA),731,Nashville Berrien (GA)
Newnan (GA),1048,Newnan (GA)
Newnan Heritage (GA),216,Newnan Heritage (GA)
Newnan Northgate (GA),300,Newnan Northgate (GA)
Norcross (GA),711,Norcross (GA)
Norcross Greater Atlanta Christian (GA),394,Norcross Greater Atlanta Christian (GA)
Norcross Greater Atlanta (GA),19,Norcross Greater Atlanta Christian (GA)
Norcross Meadowcreek (GA),389,Norcross Meadowcreek (GA)
Norcross Wesleyan (GA),327,Norcross Wesleyan (GA)
Norman Park Colquitt County (GA),605,Norman Park Colquitt County (GA)
North Fulton (GA),201,North Fulton (GA)
North Georgia Agricultural College (GA),16,North Georgia Agricultural College (GA)
North Georgia Agriculture College (GA),5,North Georgia Agricultural College (GA)
North Habersham (GA),145,North Habersham (GA)
North Whitfield (GA),124,North Whitfield (GA)
Northwest Georgia (GA),114,Northwest Georgia (GA)
NW Georgia (GA),1,Northwest Georgia (GA)
Oakwood West Hall (GA),386,Oakwood West Hall (GA)
Ocilla Irwin County (GA),835,Ocilla Irwin County (GA)
FL Oconee (GA),1,Ocoee (FL)
Oglethorpe University B-Team (GA),5,Oglethorpe University B (GA)
"Oglethorpe University """"B"""" (GA)",3,Oglethorpe University B (GA)
Old Rome (GA),118,Old Rome (GA)
Ol Rome (GA),27,Old Rome (GA)
FL Orange Park (GA),1,Orange Park (FL)
Palmetto (GA),130,Palmetto (GA)
Patterson (GA),195,Patterson (GA)
Peachtree (GA),150,Peachtree (GA)
Peachtree City McIntosh (GA),419,Peachtree City McIntosh (GA)
Pearson Atkinson County (GA),717,Pearson Atkinson County (GA)
Pelham (GA),957,Pelham (GA)
Pembroke Bryan County (GA),494,Pembroke Bryan County (GA)
Pembroke Coastal HomeSchool (GA),141,Pembroke Coastal HomeSchool (GA)
Perry (GA),763,Perry (GA)
FL Taylor County (GA),2,Perry Taylor County (FL)
Perry Westfield (GA),629,Perry Westfield (GA)
Piedment Institute (GA),7,Piedment Institute (GA)
Piedmont Institute (GA),5,Piedment Institute (GA)
Pinehurst Fullington Academy (GA),559,Pinehurst Fullington Academy (GA)
Portal (GA),498,Portal (GA)
Powder Springs Hillgrove (GA),218,Powder Springs Hillgrove (GA)
Powder Springs McEachern (GA),744,Powder Springs McEachern (GA)
Powder Springs Praise Academy (GA),168,Powder Springs Praise Academy (GA)
TN Giles County (GA),1,Pulaski Giles County (TN)
FL Carter-Parramore (GA),1,Quincy Carter Paramore Academy (FL)
Quitman Brooks County (GA),769,Quitman Brooks County (GA)
R.E. Lee (GA),430,R.E. Lee (GA)
Rabun Gap-Nacoochee (GA),168,Rabun Gap-Nacoochee (GA)
Randolph County (GA),155,Randolph County (GA)
Ravenwood Academy (GA),104,Ravenwood Academy (GA)
Redbud (GA),139,Redbud (GA)
Reidsville (GA),318,Reidsville (GA)
Reidsville Tattnall County (GA),341,Reidsville Tattnall County (GA)
Reidsville Tattnall County Industrial (GA),17,Reidsville Tattnall County (GA)
Richmond Academy (GA),4,Richmond Academy (GA)
Richmond Academy B-Team (GA),29,Richmond Academy B (GA)
"Richmond Academy """"B"""" (GA)",24,Richmond Academy B (GA)
Richmond Hill (GA),371,Richmond Hill (GA)
Richmond Hill School (GA),2,Richmond Hill (GA)
Ringgold (GA),798,Ringgold (GA)
Ringgold Heritage (GA),182,Ringgold Heritage (GA)
Riverdale (GA),513,Riverdale (GA)
Riverdale Drew (GA),166,Riverdale Drew (GA)
Riverview Academy (GA),159,Riverview Academy (GA)
Roberta Crawford County (GA),483,Roberta Crawford County (GA)
Rochelle Wilcox County (GA),727,Rochelle Wilcox County (GA)
Rockmart (GA),963,Rockmart (GA)
Rocky Face West Side (GA),70,Rocky Face West Side (GA)
Rocky Fac West Side (GA),2,Rocky Face West Side (GA)
Rome (GA),479,Rome (GA)
Rome Armuchee (GA),652,Rome Armuchee (GA)
Rome Coosa (GA),765,Rome Coosa (GA)
Rome Darlington (GA),1048,Rome Darlington (GA)
Rome Model (GA),840,Rome Model (GA)
Rome Unity Christian (GA),158,Rome Unity Christian (GA)
Rome West (GA),392,Rome West (GA)
Roopville Holy Ground Baptist Academy (GA),114,Roopville Holy Ground Baptist Academy (GA)
Roopville Holy Ground Academy (GA),14,Roopville Holy Ground Baptist Academy (GA)
Rossville (GA),338,Rossville (GA)
Rossville Ridgeland (GA),391,Rossville Ridgeland (GA)
Roswell (GA),836,Roswell (GA)
Roswell Blessed Trinity (GA),289,Roswell Blessed Trinity (GA)
Roswell Centennial (GA),290,Roswell Centennial (GA)
Roswell Fellowship Christian (GA),250,Roswell Fellowship Christian (GA)
Royston (GA),241,Royston (GA)
Russell (GA),253,Russell (GA)
Sandersville Brentwood (GA),443,Sandersville Brentwood (GA)
Sandersville Elder (GA),124,Sandersville Elder (GA)
Sandersville Washington County (GA),756,Sandersville Washington County (GA)
Savannah (GA),1092,Savannah (GA)
Savannah Beach (GA),710,Savannah Beach (GA)
Savannah Benedictine Military (GA),1023,Savannah Benedictine Military (GA)
Savannah Benedictine Military School (GA),1,Savannah Benedictine Military (GA)
Savannah Bethesda Academy (GA),220,Savannah Bethesda Academy (GA)
Savannah Bible Baptist (GA),195,Savannah Bible Baptist (GA)
Savannah Calvary Day (GA),502,Savannah Calvary Day (GA)
Savannah Christian (GA),525,Savannah Christian (GA)
Savannah Country Day (GA),541,Savannah Country Day (GA)
Savannah Country (GA),20,Savannah Country Day (GA)
Savannah Islands (GA),109,Savannah Islands (GA)
Savannah Jenkins (GA),729,Savannah Jenkins (GA)
Savannah Johnson (GA),659,Savannah Johnson (GA)
Savannah Juniors FR (GA),1,Savannah Juniors FR (GA)
Savannah Juniors Freshmen (GA),1,Savannah Juniors FR (GA)
Savannah Memorial Day (GA),240,Savannah Memorial Day (GA)
Memorial Day School (GA),140,Savannah Memorial Day (GA)
Savannah New Hampstead (GA),113,Savannah New Hampstead (GA)
Savannah St. Andrew's (GA),188,Savannah St. Andrew's (GA)
Savannah Saint Andrew's (GA),29,Savannah St. Andrew's (GA)
Savannah St. Andrews (GA),18,Savannah St. Andrew's (GA)
Savannah Tompkins (GA),326,Savannah Tompkins (GA)
Savannah Windsor Forest (GA),580,Savannah Windsor Forest (GA)
Savannah YMCA Freshmen (GA),5,Savannah YMCA Frosh (GA)
Savannah YMCA FR (GA),2,Savannah YMCA Frosh (GA)
Savannah YMCA Fresh (GA),1,Savannah YMCA Frosh (GA)
Shamrock (GA),194,Shamrock (GA)
Sharpsburg Central Christian (GA),123,Sharpsburg Central Christian (GA)
Sharpsburg East Coweta (GA),625,Sharpsburg East Coweta (GA)
Sharpsburg Trinity Christian (GA),188,Sharpsburg Trinity Christian (GA)
Shellman Southwest Georgia (GA),14,Shellman Southwest Georgia STEM Charter (GA)
Shellman Southwest Georgia STEM Charter (GA),3,Shellman Southwest Georgia STEM Charter (GA)
Siloam Nathanael Greene Academy (GA),180,Siloam Nathanael Greene Academy (GA)
Smyrna - New Campbell (GA),133,Smyrna - New Campbell (GA)
Smyrna - Old Campbell (GA),270,Smyrna - Old Campbell (GA)
Smyrna - Ol Campbell (GA),30,Smyrna - Old Campbell (GA)
Smyrna Campbell - Old (GA),8,Smyrna - Old Campbell (GA)
Smyrna Campbell (GA),219,Smyrna Campbell (GA)
Snellville Brookwood (GA),517,Snellville Brookwood (GA)
Snellville Shiloh (GA),427,Snellville Shiloh (GA)
Snellville South Gwinnett (GA),726,Snellville South Gwinnett (GA)
Social Circle (GA),495,Social Circle (GA)
Soperton Treutlen (GA),692,Soperton Treutlen (GA)
South Atlanta (GA),337,South Atlanta (GA)
South Fulton (GA),147,South Fulton (GA)
South Habersham (GA),149,South Habersham (GA)
Spalding ac. -1952 (GA),150,Spalding ac. -1952 (GA)
Sparta (GA),178,Sparta (GA)
Sparta Hancock Central (GA),641,Sparta Hancock Central (GA)
Sparta John Hancock Academy (GA),224,Sparta John Hancock Academy (GA)
Sparta Hancock Academy (GA),18,Sparta John Hancock Academy (GA)
Springfield Effingham County (GA),690,Springfield Effingham County (GA)
St. Simons Island Frederica Academy (GA),126,St. Simons Island Frederica Academy (GA)
Statesboro (GA),1030,Statesboro (GA)
Statesboro Bulloch Academy (GA),564,Statesboro Bulloch Academy (GA)
Stewart-Quitman (GA),212,Stewart-Quitman (GA)
Stillmore David Emanuel Academy (GA),517,Stillmore David Emanuel Academy (GA)
Stillmore David Emanuel (GA),18,Stillmore David Emanuel Academy (GA)
Stockbridge (GA),653,Stockbridge (GA)
Stockbridge Community Christian (GA),161,Stockbridge Community Christian (GA)
Stockbridge Community Christian Academy (GA),2,Stockbridge Community Christian (GA)
Stockbridge Woodland (GA),186,Stockbridge Woodland (GA)
Stone Mountain (GA),805,Stone Mountain (GA)
Stone Mountain Redan (GA),520,Stone Mountain Redan (GA)
Stone Mountain Stephenson (GA),349,Stone Mountain Stephenson (GA)
Sugar Hill Georgia Force Christian (GA),200,Sugar Hill Georgia Force Christian (GA)
Sugar Hill Lanier (GA),421,Sugar Hill Lanier (GA)
"Sugar Hill Lanier """"B"""" (GA)",6,Sugar Hill Lanier B (GA)
Sugar Hill Lanier JV (GA),2,Sugar Hill Lanier JV (GA)
Summerville (GA),189,Summerville (GA)
Summerville Chattooga (GA),690,Summerville Chattooga (GA)
Sumter County (GA),164,Sumter County (GA)
TN Suwanee Academy (GA),1,Suwanee Academy (TN)
Suwanee Collins Hill (GA),354,Suwanee Collins Hill (GA)
Suwanee Lambert (GA),170,Suwanee Lambert (GA)
TN Suwanee Military (GA),2,Suwanee Military (TN)
Suwanee North Gwinnett (GA),703,Suwanee North Gwinnett (GA)
Suwanee Peachtree Ridge (GA),258,Suwanee Peachtree Ridge (GA)
Swainsboro (GA),1006,Swainsboro (GA)
Sylvania Screven County (GA),813,Sylvania Screven County (GA)
Sylvester (GA),120,Sylvester (GA)
Sylvester Worth County (GA),722,Sylvester Worth County (GA)
Talbotton Central (GA),441,Talbotton Central (GA)
FL Florida High (GA),1,Tallahassee Florida High (FL)
Tallapoosa (GA),196,Tallapoosa (GA)
Tallapoosa Haralson County (GA),580,Tallapoosa Haralson County (GA)
Tallulah Falls (GA),113,Tallulah Falls (GA)
Temple (GA),384,Temple (GA)
Tennille (GA),176,Tennille (GA)
Thomaston R.E. Lee (GA),645,Thomaston R.E. Lee (GA)
Thomaston R. E. Lee Institute (GA),1,Thomaston R.E. Lee (GA)
Thomaston Robert E. Lee Institute (GA),1,Thomaston R.E. Lee (GA)
Thomaston Upson-Lee (GA),342,Thomaston Upson-Lee (GA)
Thomaston Upson Lee (GA),20,Thomaston Upson-Lee (GA)
Thomasville (GA),1210,Thomasville (GA)
Thomasville Brookwood (GA),556,Thomasville Brookwood (GA)
Thomasville Douglass (GA),341,Thomasville Douglass (GA)
Thomasville Douglas (GA),23,Thomasville Douglass (GA)
Thomasville Thomas County Central (GA),747,Thomasville Thomas County Central (GA)
Thomasville Thomas County (GA),21,Thomasville Thomas County Central (GA)
Thomson (GA),1059,Thomson (GA)
Tift County (GA),783,Tift County (GA)
Tifton (GA),230,Tifton (GA)
Tiger Rabun County (GA),820,Tiger Rabun County (GA)
Toccoa (GA),307,Toccoa (GA)
Toccoa Stephens County (GA),931,Toccoa Stephens County (GA)
Trenton Dade County (GA),356,Trenton Dade County (GA)
Trion (GA),991,Trion (GA)
Tucker (GA),894,Tucker (GA)
Tunnel Hill Northwest Whitfield (GA),539,Tunnel Hill Northwest Whitfield (GA)
Turner (GA),131,Turner (GA)
Twin City Emanuel County Institute (GA),965,Twin City Emanuel County Institute (GA)
Twin City Emanuel County (GA),19,Twin City Emanuel County Institute (GA)
Tyrone Sandy Creek (GA),387,Tyrone Sandy Creek (GA)
University School for Boys (GA),61,University School for Boys (GA)
"University of Georgia """"B"""" (GA)",3,University School for Boys B (GA)
University School for Boys B-Team (GA),1,University School for Boys B (GA)
Upson (GA),133,Upson (GA)
Valdosta (GA),1296,Valdosta (GA)
Valdosta Georgia Christian (GA),116,Valdosta Georgia Christian (GA)
Valdosta Lowndes (GA),707,Valdosta Lowndes (GA)
Valdosta Valwood (GA),390,Valdosta Valwood (GA)
Vidalia (GA),997,Vidalia (GA)
Vidalia Heritage Academy (GA),36,Vidalia Heritage Academy (GA)
Vidalia Heritage (GA),17,Vidalia Heritage Academy (GA)
Vienna (GA),165,Vienna (GA)
Vienna Dooly County (GA),503,Vienna Dooly County (GA)
Villa Rica (GA),830,Villa Rica (GA)
Wadley (GA),140,Wadley (GA)
Walnut Grove (GA),164,Walnut Grove (GA)
Warner Robins (GA),885,Warner Robins (GA)
Warner Robins Houston County (GA),389,Warner Robins Houston County (GA)
Warner Robins Houston County Training (GA),111,Warner Robins Houston County Training (GA)
Warner Robins Northside (GA),756,Warner Robins Northside (GA)
Warner Robins) J Northside (GA),5,Warner Robins Northside (GA)
Warrenton (GA),274,Warrenton (GA)
Warrenton Briarwood Academy (GA),691,Warrenton Briarwood Academy (GA)
Warrenton Warren County (GA),732,Warrenton Warren County (GA)
Washington (GA),342,Washington (GA)
Washington-Wilkes (GA),807,Washington-Wilkes (GA)
Watkinsville Oconee County (GA),640,Watkinsville Oconee County (GA)
Waycross (GA),518,Waycross (GA)
Waycross Center (GA),283,Waycross Center (GA)
Waycross Ware County (GA),755,Waycross Ware County (GA)
Waynesboro (GA),322,Waynesboro (GA)
Waynesboro Burke County (GA),448,Waynesboro Burke County (GA)
Waynesboro Edmund Burke Academy (GA),420,Waynesboro Edmund Burke Academy (GA)
West Fannin (GA),119,West Fannin (GA)
West Fulton (GA),153,West Fulton (GA)
West Point (GA),355,West Point (GA)
West Rome (GA),304,West Rome (GA)
Westbrook School (GA),160,Westbrook School (GA)
White Cass (GA),204,White Cass (GA)
Williamson CrossPointe Christian Academy (GA),92,Williamson CrossPointe Christian Academy (GA)
Willingham (GA),67,Williamson CrossPointe Christian Academy (GA)
Wills (GA),182,Wills (GA)
Winder (GA),116,Winder (GA)
Winder Apalachee (GA),265,Winder Apalachee (GA)
Winder-Barrow (GA),780,Winder-Barrow (GA)
Woodbury Flint River Academy (GA),571,Woodbury Flint River Academy (GA)
Woodstock (GA),293,Woodstock (GA)
Woodstock Etowah (GA),508,Woodstock Etowah (GA)
Woodstock Northside Christian (GA),24,Woodstock Northside Christian Academy (GA)
Woodstock Northside Christian Academy (GA),2,Woodstock Northside Christian Academy (GA)
Woodstock River Ridge (GA),161,Woodstock River Ridge (GA)
Woodstock The King's Academy (GA),163,Woodstock The King's Academy (GA)
Woodstock The Kings (GA),19,Woodstock The King's Academy (GA)
Wrens (GA),386,Wrens (GA)
Wrightsville (GA),160,Wrightsville (GA)
Wrightsville Johnson County (GA),656,Wrightsville Johnson County (GA)
Zebulon Pike County (GA),560,Zebulon Pike County (GA)
