Alias_Name,GameCount,Standardized_Name
Aberdeen (ID),392,Aberdeen (ID)
American Falls (ID),419,American Falls (ID)
Arco Butte County (ID),363,Arco Butte County (ID)
Arimo Marsh Valley (ID),562,Arimo Marsh Valley (ID)
Ashton North Fremont (ID),389,Ashton North Fremont (ID)
Baker (ID),1,Baker City (ID)
Baker City (ID),9,Baker City (ID)
Bancroft North Gem (ID),382,Bancroft North Gem (ID)
Blackfoot (ID),544,Blackfoot (ID)
Blackfoot Snake River (ID),663,Blackfoot Snake River (ID)
Boise (ID),893,Boise (ID)
Boise Bishop Kelly (ID),523,Boise Bishop Kelly (ID)
Boise Borah (ID),663,Boise Borah (ID)
Boise Capital (ID),641,Boise Capital (ID)
Boise Centennial (ID),359,Boise Centennial (ID)
Boise Timberline (ID),398,Boise Timberline (ID)
Bonners Ferry (ID),369,Bonners Ferry (ID)
Bruneau Rimrock (ID),366,Bruneau Rimrock (ID)
Buhl (ID),410,Buhl (ID)
Burley (ID),454,Burley (ID)
Caldwell (ID),603,Caldwell (ID)
Caldwell Vallivue (ID),476,Caldwell Vallivue (ID)
Cambridge Tri Valley (ID),19,Cambridge Tri-Valley (ID)
Cambridge Tri-Valley (ID),334,Cambridge Tri-Valley (ID)
Carey (ID),430,Carey (ID)
Cascade (ID),228,Cascade (ID)
Castleford (ID),363,Castleford (ID)
Challis (ID),430,Challis (ID)
Clark Fork (ID),279,Clark Fork (ID)
Coeur d'Alene (ID),623,Coeur d'Alene (ID)
Coeur d'Alene Charter Academy (ID),1,Coeur d'Alene Charter Academy (ID)
Coeur Dalene Coeur Du Academy (ID),15,Coeur d'Alene Charter Academy (ID)
Coeur d'Alene Lake City (ID),306,Coeur d'Alene Lake City (ID)
Cottonwood Prairie (ID),297,Cottonwood Prairie (ID)
Council (ID),374,Council (ID)
Craigmont Lewis County co-op [Highland-Nezperce-Culdesac] (ID),159,Craigmont Lewis County co-op [Highland-Nezperce-Culdesac] (ID)
Lewis County co-op [Highland-Nezperce] (ID),8,Craigmont Lewis County co-op [Highland-Nezperce-Culdesac] (ID)
Dayton West Side (ID),418,Dayton West Side (ID)
Deary (ID),336,Deary (ID)
Declo (ID),424,Declo (ID)
Dietrich (ID),306,Dietrich (ID)
Driggs Teton (ID),397,Driggs Teton (ID)
Dubois Clark County (ID),256,Dubois Clark County (ID)
Eagle (ID),322,Eagle (ID)
Emmett (ID),505,Emmett (ID)
Fairfield Camas County (ID),360,Fairfield Camas County (ID)
Filer (ID),348,Filer (ID)
Firth (ID),402,Firth (ID)
Fort Hall Shoshone-Bannock (ID),184,Fort Hall Shoshone-Bannock (ID)
Fruitland (ID),475,Fruitland (ID)
Garden Valley (ID),395,Garden Valley (ID)
Genesee (ID),294,Genesee (ID)
Glenns Ferry (ID),401,Glenns Ferry (ID)
Gooding (ID),400,Gooding (ID)
Grace (ID),367,Grace (ID)
Grangeville (ID),388,Grangeville (ID)
Greenleaf Friends Academy (ID),268,Greenleaf Friends Academy (ID)
Hagerman (ID),384,Hagerman (ID)
Hailey Wood River (ID),366,Hailey Wood River (ID)
Hansen (ID),291,Hansen (ID)
Harrison Kootenai (ID),265,Harrison Kootenai (ID)
Hazelton Valley (ID),276,Hazelton Valley (ID)
Homedale (ID),453,Homedale (ID)
Horseshoe Bend (ID),256,Horseshoe Bend (ID)
Idaho City (ID),230,Idaho City (ID)
Idaho Falls (ID),623,Idaho Falls (ID)
Idaho Falls Bonneville (ID),443,Idaho Falls Bonneville (ID)
Idaho Falls Hillcrest (ID),316,Idaho Falls Hillcrest (ID)
Idaho Falls Skyline (ID),546,Idaho Falls Skyline (ID)
Watersprings (ID),5,Idaho Falls Watersprings (ID)
Jerome (ID),456,Jerome (ID)
Kamiah (ID),333,Kamiah (ID)
Kellogg (ID),379,Kellogg (ID)
Kendrick (ID),362,Kendrick (ID)
Kimberly (ID),413,Kimberly (ID)
Kooskia Clearwater Valley (ID),310,Kooskia Clearwater Valley (ID)
Kuna (ID),446,Kuna (ID)
Lapwai (ID),351,Lapwai (ID)
Lewiston (ID),837,Lewiston (ID)
Mackay (ID),365,Mackay (ID)
Malad (ID),367,Malad (ID)
Malad City (ID),1,Malad (ID)
MaladCity (ID),3,Malad (ID)
Malta Raft River (ID),391,Malta Raft River (ID)
Marsing (ID),332,Marsing (ID)
Mccall Donnelly (ID),18,McCall-Donnelly (ID)
McCall-Donnelly (ID),301,McCall-Donnelly (ID)
Melba (ID),380,Melba (ID)
Meridian (ID),634,Meridian (ID)
Meridian Cole Valley Christian (ID),198,Meridian Cole Valley Christian (ID)
Meridian Mountain View (ID),236,Meridian Mountain View (ID)
Meridian Rocky Mountain (ID),190,Meridian Rocky Mountain (ID)
Middleton (ID),444,Middleton (ID)
Montpelier Bear Lake (ID),421,Montpelier Bear Lake (ID)
Moscow (ID),481,Moscow (ID)
Mountain Home (ID),459,Mountain Home (ID)
Mullan (ID),255,Mullan (ID)
Mullan (ID)-Saint Regis (MT),27,Mullan (ID)-Saint Regis (MT)
Mullan-Saint Regis MT (ID),5,Mullan (ID)-Saint Regis (MT)
Mullan-St. Regis (ID),2,Mullan (ID)-Saint Regis (MT)
Murtaugh (ID),341,Murtaugh (ID)
Nampa (ID),660,Nampa (ID)
Nampa Christian (ID),367,Nampa Christian (ID)
Nampa Columbia (ID),181,Nampa Columbia (ID)
Nampa Skyview (ID),281,Nampa Skyview (ID)
New Meadows Valley (ID),195,New Meadows Valley (ID)
New Plymouth (ID),388,New Plymouth (ID)
Notus (ID),382,Notus (ID)
Oakley (ID),404,Oakley (ID)
Orofino (ID),338,Orofino (ID)
Parma (ID),425,Parma (ID)
Payette (ID),466,Payette (ID)
Plummer Lakeside (ID),317,Plummer Lakeside (ID)
Pocatello (ID),1022,Pocatello (ID)
Pocatello Century (ID),285,Pocatello Century (ID)
Pocatello Highland (ID),787,Pocatello Highland (ID)
Pocatello Highlands (ID),10,Pocatello Highland (ID)
Post Falls (ID),427,Post Falls (ID)
Potlatch (ID),350,Potlatch (ID)
Preston (ID),466,Preston (ID)
Priest River (ID),339,Priest River (ID)
Rathdrum Lakeland (ID),415,Rathdrum Lakeland (ID)
Rexburg Madison (ID),531,Rexburg Madison (ID)
Richfield (ID),304,Richfield (ID)
Rigby (ID),444,Rigby (ID)
Riggins Salmon River (ID),363,Riggins Salmon River (ID)
Ririe (ID),341,Ririe (ID)
Rockland (ID),388,Rockland (ID)
Rupert Minico (ID),473,Rupert Minico (ID)
Saint Anthony South Fremont (ID),385,Saint Anthony South Fremont (ID)
St. Anthony (ID),20,Saint Anthony South Fremont (ID)
Saint Maries (ID),23,Saint Maries (ID)
Saint Maries St. Maries (ID),15,Saint Maries (ID)
St. Maries (ID),345,Saint Maries (ID)
Salmon (ID),345,Salmon (ID)
Sandpoint (ID),483,Sandpoint (ID)
Shelley (ID),436,Shelley (ID)
Shoshone (ID),331,Shoshone (ID)
Soda Springs (ID),384,Soda Springs (ID)
Spirit Lake Timberlake (ID),251,Spirit Lake Timberlake (ID)
Sugar City (ID),2,Sugar City Sugar-Salem (ID)
Sugar City Sugar Salem (ID),18,Sugar City Sugar-Salem (ID)
Sugar City Sugar-Salem (ID),393,Sugar City Sugar-Salem (ID)
Terreton West Jefferson (ID),350,Terreton West Jefferson (ID)
Troy (ID),357,Troy (ID)
Twin Falls (ID),608,Twin Falls (ID)
Twin Falls Canyon Ridge (ID),152,Twin Falls Canyon Ridge (ID)
Twin Falls Lighthouse Christian (ID),206,Twin Falls Lighthouse Christian (ID)
Wallace (ID),386,Wallace (ID)
Weippe Timberline (ID),180,Weippe Timberline (ID)
Weiser (ID),549,Weiser (ID)
WeiserInstitute (ID),2,Weiser Institute (ID)
WeiserInstitution (ID),3,Weiser Institute (ID)
Wendell (ID),355,Wendell (ID)
Wilder (ID),378,Wilder (ID)
