Alias_Name,GameCount,Standardized_Name
?Bushnell-Prairie City (IL),8,
Abingdon Avon (IL),18,Abingdon-Avon (IL)
Abingdon-Avon (IL),509,Abingdon-Avon (IL)
Addison Driscoll Catholic (IL),380,Addison Driscoll Catholic (IL)
Addison Trail (IL),566,Addison Trail (IL)
Alan b. Shepard HS (IL),1,
Albion (IL),20,
Albion College (IL),2,
Albion Edwards County (IL),515,Albion Edwards County (IL)
Albion Edwards County-Grayville (IL),218,Albion Edwards County-Grayville (IL)
Aldea (IL),1,
Alden (IL),1,
Alden-Hebron (IL),16,Alden-Hebron-Faith Lutheran (IL)
Alden-Hebron-Faith Lutheran (IL),311,Alden-Hebron-Faith Lutheran (IL)
Alden-Hebron-Our Lady of the Sacred Heart Academy (IL),14,
Aledo Mercer County (IL),619,Aledo Mercer County (IL)
Aledo Roosevelt Military Academy (IL),38,
Alexis United (IL),640,Alexis United (IL)
Alexis-Cambridge (IL),1,
Algonquin Jacobs (IL),464,Algonquin Jacobs (IL)
Alton (IL),643,Alton (IL)
Alton Marquette Catholic (IL),458,Alton Marquette Catholic (IL)
Alton Shurtleff College (IL),1,
Alton Western Military Academy (IL),405,Alton Western Military Academy (IL)
Amboy (IL),358,Amboy (IL)
Amboy Lamoille (IL),19,Amboy-LaMoille (IL)
Amboy-LaMoille (IL),144,Amboy-LaMoille (IL)
Amboy-LaMoille-Ohio (IL),39,Amboy-LaMoille (IL)
American Interntional (IL),1,
Anderson (IL),1,
Andres (IL),1,
Anna (IL),3,
Anna-Jonesboro (IL),520,Anna-Jonesboro (IL)
Anna-Jonesboro-Dongola (IL),10,
Annawan (IL),379,Annawan (IL)
Antioch (IL),589,Antioch (IL)
Arcola (IL),605,Arcola (IL)
Arcola Purple (IL),15,Arcola (IL)
Argenta (IL),1,
Argenta-Oreana (IL),536,Argenta-Oreana (IL)
Arlington Christian Liberty Academy-Christian Heritage Academy (IL),30,
Arlington Heights (IL),265,Arlington Heights (IL)
Arlington Heights Christian Liberty (IL),1,Arlington Heights Christian Liberty Academy (IL)
Arlington Heights Christian Liberty Academy (IL),48,Arlington Heights Christian Liberty Academy (IL)
Arlington Heights Christian Liberty Academy-Christian Heritage Academy (IL),8,Arlington Heights Christian Liberty Academy (IL)
Arlington Heights Forest View (IL),208,Arlington Heights Forest View (IL)
Arlington Heights Hersey (IL),551,Arlington Heights Hersey (IL)
Arlington Heights Saint Viator (IL),599,Arlington Heights St. Viator (IL)
Arlington Heights St Viator (IL),1,
Arlington Heights St. Viator (IL),596,
Arlington Heights St. Victor (IL),1,Arlington Heights St. Viator (IL)
Armstrong (IL),1,
Arthur Lovington (IL),27,Arthur Lovington Atwood Hammond (IL)
Arthur Lovington Atwood Hammond (IL),493,
Arthur LovingtonAtwood Hammond (IL),464,Arthur Lovington Atwood Hammond (IL)
Ashland A-C Central (IL),3,
Ashton (IL),326,Ashton (IL)
Ashton Franklin (IL),17,Ashton-Franklin Center (IL)
Ashton-Franklin Center (IL),274,Ashton-Franklin Center (IL)
Assumption (IL),249,Assumption (IL)
Aston (IL),2,
Astoria (IL),168,Astoria (IL)
Astoria South Fulton Coop (IL),26,
Astoria Vit (IL),18,Astoria-Table Grove VIT (IL)
Astoria-Table Grove VIT (IL),181,Astoria-Table Grove VIT (IL)
Astoria-VIT (IL),38,Astoria-Table Grove VIT (IL)
Athens (IL),120,Athens (IL)
Athens-Greenview (IL),74,
Atkinson (IL),186,Atkinson (IL)
Atlanta (IL),6,
Atwood (IL),70,
Atwood-Hammond (IL),148,Atwood-Hammond (IL)
Auburn (IL),566,Auburn (IL)
Aurora (IL),9,
Aurora Central Catholic (IL),514,Aurora Central Catholic (IL)
Aurora Christian (IL),300,Aurora Christian (IL)
Aurora East (IL),1305,Aurora East (IL)
Aurora Fischer (IL),1,
Aurora Marmion Academy (IL),18,Aurora Marmion Military Academy (IL)
Aurora Marmion Military Academy (IL),566,Aurora Marmion Military Academy (IL)
Aurora Mendota College (IL),2,
Aurora Metea Valley (IL),138,Aurora Metea Valley (IL)
Aurora Roncalli (IL),1,
Aurora Waubonsie Valley (IL),493,Aurora Waubonsie Valley (IL)
Aurora West (IL),21,
Aurora YMCA (IL),1,
Austin Titan Athletic Assoc. (IL),1,
Aviston (IL),1,
Aviston Central (IL),5,
Avon (IL),1530,Avon (IL)
Avon Coop (IL),18,Avon (IL)
Avon-Roseville (IL),32,
Avon-Springfield SE (IL),1,
Barrington (IL),679,Barrington (IL)
Barrington Fillies (IL),23,
Barry (IL),1,Barry Western Community (IL)
Barry Western (IL),9,Barry Western Community (IL)
Barry Western Community (IL),38,Barry Western Community (IL)
Bartlett (IL),270,Bartlett (IL)
Bartonville (IL),1,Bartonville Limestone (IL)
Bartonville Limestone (IL),561,Bartonville Limestone (IL)
Batavia (IL),610,Batavia (IL)
Batavia MarmionAcademy (IL),1,
Beardstown (IL),537,Beardstown (IL)
Beaumont (IL),4,
Bedford Park (IL),1,
Beecher City (IL),1,
Belleview Alhoff Catholic (IL),2,
Belleville (IL),284,Belleville (IL)
Belleville Althoff Catholic (IL),842,Belleville Althoff Catholic (IL)
Belleville Althoff Catholic JV (IL),2,
Belleville Alumni (IL),2,
Belleville Cathedral (IL),51,
Belleville East (IL),580,Belleville East (IL)
Belleville Township (IL),61,
Belleville Township East (IL),6,Belleville East (IL)
"Belleville Township Opp """"Cleveland"""" (IL)",1,
Belleville West (IL),623,Belleville West (IL)
Bellevue Marquette Catholic (IL),1,
Beloit (IL),12,
Beloit JV (IL),6,
Belvidere (IL),560,Belvidere (IL)
Belvidere North (IL),184,Belvidere North (IL)
Bement (IL),226,Bement (IL)
Bement South Piatt Coop (IL),78,
Bement-Atwood-Hammond (IL),34,
Benld (IL),9,
Bensenville (IL),12,Bensenville Fenton (IL)
Bensenville Fenton (IL),542,Bensenville Fenton (IL)
Bensonville (IL),1,Bensenville Fenton (IL)
Benton (IL),547,Benton (IL)
Benton-Scales Mound (IL),195,Benton-Scales Mound (IL)
Benton-Scales Mound (IL)-Shullsburg (WI),21,Benton-Scales Mound (IL)-Shullsburg (WI)
Benton-Scales Mound-Shullsburg (IL),3,Benton-Scales Mound (IL)-Shullsburg (WI)
Berwyn Morton West (IL),224,Berwyn Morton West (IL)
Bethalto (IL),1,
Bethalto Civic Memorial (IL),475,Bethalto Civic Memorial (IL)
Bethany (IL),187,Bethany (IL)
Bethany Okaw Valley (IL),20,
Big Rock Crossroads Christian (IL),53,
Big Rock Illinois Crusaders (IL),49,
Biggsville (IL),45,
Biggsville Union (IL),221,Biggsville Union (IL)
Biggsville West (IL),18,Biggsville West Central (IL)
Biggsville West Central (IL),170,Biggsville West Central (IL)
Bismarck (IL),53,
Bismarck-Deer Creek-Mackinaw (IL),1,
Bismarck-Henning (IL),391,Bismarck-Henning (IL)
Bismarck-Henning-Rossville-Alvin (IL),48,
Bismark (IL),3,
Black Hawk-South Wayne (IL),4,
Black Hawk-Warren (IL),10,
Black Hawk-Warren (IL)-South Wayne (WI),19,
Blackburn (IL),1,
Blackburn College (IL),5,
Bloomington (IL),717,Bloomington (IL)
Bloomington Central (IL),21,
Bloomington Central Catholic (IL),533,Bloomington Central Catholic (IL)
Bloomington Central Catholic JV (IL),2,
Bloomington Normal (IL),2,
Bloomington Purple (IL),20,Bloomington (IL)
Bloomington St. Mary (IL),1,
Bloomington Trinity (IL),103,Bloomington Trinity (IL)
Blue Island Blue Island (IL),17,Blue Island Community (IL)
Blue Island Community (IL),8,Blue Island Community (IL)
Blue Island Eisenhower (IL),490,Blue Island Eisenhower (IL)
Bluffs (IL),96,
Bolingbrook (IL),569,Bolingbrook (IL)
Bradford (IL),232,Bradford (IL)
Bradford Coop (IL),16,
Bradford Henry-Midland Coop (IL),27,
Bradford-Henry (IL),3,
Bradford-Tiskilwa (IL),39,
Bradley (IL),82,
Bradley-Bourbonnais (IL),214,Bradley-Bourbonnais Coummunity (IL)
Bradley-Bourbonnais Coummunity (IL),464,Bradley-Bourbonnais Coummunity (IL)
Braidwood Reed Custer (IL),17,Braidwood Reed-Custer (IL)
Braidwood Reed-Custer (IL),407,Braidwood Reed-Custer (IL)
Breese Central (IL),421,Breese Central (IL)
Breese Mater Dei (IL),521,Breese Mater Dei (IL)
Brese Mater Dei (IL),1,Breese Mater Dei (IL)
Bridgeport (IL),247,Bridgeport (IL)
Bridgeport Red Hill (IL),454,Bridgeport Red Hill (IL)
Bridgeport Township (IL),1,
Bridgeview (IL),2,
Briggsville Union (IL),4,
Brimfield (IL),1,
Broadlands ABL (IL),3,Broadlands A-B-L (IL)
Broadlands A-B-L (IL),7,Broadlands A-B-L (IL)
Broadlands Heritage (IL),200,Broadlands Heritage (IL)
Brown City (IL),1,
Brown County-Carthage (IL),1,
Brownstown (IL),1,
Bryon (IL),1,
Buckley Christ Lutheran (IL),2,
Buda (IL),5,
Buda Bureau Valley (IL),21,
Buda Bureau Valley South (IL),3,
Buda Wes-DePue-Wyanet (IL),1,
Buda Western (IL),182,Buda Western (IL)
Buda-Sheffield (IL),6,
Buda-Sheffield-Western (IL),3,
Buffalo Grove (IL),510,Buffalo Grove (IL)
Bunker Hill (IL),157,Bunker Hill (IL)
Bunker Hill-Mt. Olive (IL),14,
Burbank Reavis (IL),606,Burbank Reavis (IL)
Burbank Saint Laurence (IL),543,Burbank St. Laurence (IL)
Burbank St. Laurence (IL),540,Burbank St. Laurence (IL)
Burlington (IL),72,Burlington Central (IL)
Burlington Central (IL),486,Burlington Central (IL)
Bushnell Prairie (IL),17,Bushnell Prairie City (IL)
Bushnell Prairie City (IL),75,Bushnell Prairie City (IL)
Bushnell-Prairie City (IL),8,Bushnell Prairie City (IL)
Bushnell-Prairie City-Avon (IL),404,Bushnell-Prairie City-Avon (IL)
Butler (IL),1,
Byron (IL),765,Byron (IL)
Cahokia (IL),530,Cahokia (IL)
"Cahokia Opp """"East Side"""" (IL)",1,
Cahokia St. Catherine LaBoure (IL),1,
Cahokia St. CatherineLaBoure (IL),1,Cahokia St. Catherine LaBoure (IL)
Cairo (IL),266,Cairo (IL)
Cairo Meridian Coop (IL),25,Cairo Meridian Coop (IL)
Cairo-Meridian (IL),5,Cairo Meridian Coop (IL)
Caitlin (IL),1,
Calumet City (IL),16,
Calumet City St. Victor (IL),1,
Calumet City Thornton Fractional (IL),90,
Calumet City Thornton Fractional North (IL),579,Calumet City Thornton Fractional North (IL)
Calumet City Thornton Fractional North/Thornton Fractional South (IL),1,
"Calumet City Thorton Fraction Opp """"Catholic Central"""" (IL)",1,
Cambridge (IL),389,Cambridge (IL)
Cambridge-Princeville (IL),1,
Camp Point (IL),25,
Camp Point Central-Southeastern (IL),418,Camp Point Central-Southeastern (IL)
Canton (IL),577,Canton (IL)
Canton Little (IL),18,
Canton-East Peoria (IL),1,
Carbondale (IL),545,Carbondale (IL)
Carlinville (IL),553,Carlinville (IL)
Carlyle (IL),441,Carlyle (IL)
Carlyle Indians (IL),18,
Carmi (IL),422,Carmi (IL)
Carmi White (IL),19,
Carmine (IL),4,
Carmi-White County (IL),284,Carmi-White County (IL)
Carol Stream Glenbard North (IL),606,Carol Stream Glenbard North (IL)
Carpentersville Crown (IL),155,Carpentersville Crown (IL)
Carpentersville Dundee (IL),197,Carpentersville Dundee (IL)
Carpentersville Dundee Crown (IL),17,Carpentersville Dundee-Crown (IL)
Carpentersville Dundee-Crown (IL),362,Carpentersville Dundee-Crown (IL)
Carpentersville Irving Crown (IL),12,Carpentersville Crown (IL)
Carroll (IL),2,
Carrollton (IL),542,Carrollton (IL)
Carrolton (IL),1,Carrollton (IL)
Carterville (IL),538,Carterville (IL)
Carthage & Hancock Central (IL),33,Carthage & Hancock Central (IL)
Carthage (IL),352,Carthage (IL)
Carthage Hancock County (IL),1,Carthage & Hancock Central (IL)
Carthage Illini West (IL),194,Carthage Illini West (IL)
Cary-Grove (IL),625,Cary-Grove (IL)
Casey (IL),174,Casey (IL)
Casey-Westfield (IL),432,Casey-Westfield (IL)
Casey-Westville (IL),1,Casey-Westfield (IL)
Catlin (IL),199,Catlin (IL)
Catlin Salt Fork (IL),16,
Centralia (IL),552,Centralia (IL)
Centreville (IL),3,
Cerro Gordo-Bement (IL),14,
Cerro Gordo-DeLand-Weldon (IL),33,
Cerro Gordo-DeLand-Weldon-Bement (IL),462,Cerro Gordo-DeLand-Weldon-Bement (IL)
Champaign Centennial (IL),542,Champaign Centennial (IL)
Champaign Central (IL),641,Champaign Central (IL)
Champaign Judah Christian (IL),7,
Champaign Saint Thomas More (IL),208,Champaign St. Thomas More (IL)
Champaign St. Thomas (IL),15,Champaign St. Thomas More (IL)
Champaign St. Thomas More (IL),225,
Champaign-Urbana (IL),1,
Chapin (IL),13,
Chapin Triopia (IL),2,Chapin-Triopia (IL)
Chapin-Triopia (IL),1,Chapin-Triopia (IL)
Charleston (IL),509,Charleston (IL)
"Charleston Normal University """"B"""" Team (IL)",1,
Charleston Normal University (IL),1,
Chatham Glenwood (IL),567,Chatham Glenwood (IL)
Chatsworth (IL),133,Chatsworth (IL)
Chenoa (IL),386,Chenoa (IL)
Cherry Grove (IL),1,
Chester (IL),486,Chester (IL)
Chicago Academy (IL),129,Chicago Academy (IL)
Chicago Academy-Kelvyn Park (IL),6,
Chicago ACT Charter (IL),24,
Chicago Agricultural Science (IL),196,Chicago Agricultural Science (IL)
Chicago Al Raby (IL),62,
Chicago All-Stars (IL),1,
Chicago Amundsen (IL),431,Chicago Amundsen (IL)
Chicago Armour Institute of Technology (IL),4,
Chicago Aspira Business and Finance (IL),4,
Chicago Austin (IL),2,Chicago Austin Poly (IL)
Chicago Austin Poly (IL),11,Chicago Austin Poly (IL)
Chicago Austin Poly-Austin Business & Entrepreneurship-VOISE Academy (IL),37,
Chicago Austin Polytechnic (IL),473,Chicago Austin Poly (IL)
Chicago Back Of (IL),15,Chicago Back of the Yards College Prep (IL)
Chicago Back of the Yards College Prep (IL),55,Chicago Back of the Yards College Prep (IL)
Chicago Baker (IL),14,
Chicago Battery D (IL),1,
Chicago Benito Juarez Community Academy (IL),14,
Chicago Bogan (IL),456,Chicago Bogan (IL)
Chicago Bowen (IL),624,Chicago Bowen (IL)
Chicago Bowen Alumni (IL),2,
Chicago Bowen Baker (IL),18,Chicago Bowen-Baker College Prep (IL)
Chicago Bowen JV-Frosh (IL),1,
Chicago Bowen-Baker College Prep (IL),6,Chicago Bowen-Baker College Prep (IL)
Chicago Bronzeville (IL),16,
Chicago Brooks College Prep (IL),216,Chicago Brooks College Prep (IL)
Chicago Brother Rice (IL),680,Chicago Brother Rice (IL)
Chicago Bulls College (IL),18,Chicago Bulls College Prep (IL)
Chicago Bulls College Prep (IL),118,Chicago Bulls College Prep (IL)
Chicago Butler (IL),32,
Chicago Butler College Prep-Baker College Prep (IL),4,
Chicago Calumet (IL),515,Chicago Calumet (IL)
Chicago Caner (IL),1,
Chicago Carter Harrison Technical (IL),1,
Chicago Carver (IL),406,Chicago Carver (IL)
Chicago Carver Military Academy (IL),1,
Chicago Catalyst Maria (IL),12,Chicago Catalyst-Maria (IL)
Chicago Catalyst-Maria (IL),53,Chicago Catalyst-Maria (IL)
Chicago Charter (IL),2,
Chicago Christ The (IL),17,Chicago Christ the King (IL)
Chicago Christ the King (IL),34,Chicago Christ the King (IL)
Chicago Christ the King Jesuit (IL),1,
Chicago Christian Fenger (IL),18,Chicago Christian Fenger Academy (IL)
Chicago Christian Fenger Academy (IL),2,Chicago Christian Fenger Academy (IL)
Chicago Christian Vocational (IL),2,
Chicago CICS-Longwood (IL),9,
Chicago Clark (IL),7,
Chicago Clark Prep (IL),183,Chicago Clark Prep (IL)
Chicago Clark Prep-Austin Poly-Douglass (IL),3,
Chicago Clemente (IL),390,Chicago Clemente (IL)
Chicago Collins Academy (IL),361,Chicago Collins Academy (IL)
Chicago Collins Academy-Manley (IL),12,
Chicago Columbia (IL),1,
Chicago Columbia College (IL),2,
Chicago Comer Prep (IL),136,Chicago Comer Prep (IL)
Chicago Corliss (IL),360,Chicago Corliss (IL)
Chicago Corliss Butler (IL),10,Chicago Corliss-Butler College Prep (IL)
Chicago Corliss-Butler College Prep (IL),3,Chicago Corliss-Butler College Prep (IL)
Chicago Crane Medical (IL),77,
Chicago Crane Medical-Talent Development (IL),1,
Chicago Crane Tech (IL),25,
Chicago Crane-Talent Development (IL),372,
Chicago Curie (IL),472,Chicago Curie (IL)
Chicago De La (IL),15,Chicago De La Salle (IL)
Chicago De La Salle (IL),624,Chicago De La Salle (IL)
Chicago De La Salle Alumni (IL),1,
Chicago De La Salle JV (IL),1,
Chicago Dental (IL),1,
Chicago DePaul Academy (IL),73,
Chicago Depaul College (IL),23,
Chicago DePaul College Prep (IL),268,Chicago DePaul College Prep (IL)
Chicago Divine Word (IL),1,
Chicago Douglass Academy (IL),98,
Chicago Drw College (IL),12,Chicago DRW College Prep (IL)
Chicago DRW College Prep (IL),26,Chicago DRW College Prep (IL)
Chicago DRW Trading (IL),6,
Chicago Dunbar (IL),533,Chicago Dunbar (IL)
Chicago DuSable (IL),428,Chicago DuSable (IL)
Chicago Dyett (IL),156,Chicago Dyett (IL)
Chicago Ellison (IL),34,
Chicago Englewood (IL),498,Chicago Englewood (IL)
Chicago Englewood St. em (IL),16,Chicago Englewood Stem (IL)
Chicago Englewood Stem (IL),14,Chicago Englewood Stem (IL)
Chicago English High & Manual Training (IL),2,
Chicago Eric Solorio Academy (IL),110,Chicago Eric Solorio Academy (IL)
Chicago Evanston Academy (IL),1,
Chicago Farragut (IL),410,Chicago Farragut (IL)
Chicago Fenger (IL),564,Chicago Fenger (IL)
Chicago Fenwick (IL),1,
Chicago Fenwick JV (IL),1,
Chicago Flower Vocational (IL),42,
Chicago Foreman (IL),414,Chicago Foreman (IL)
Chicago Forestville (IL),12,Chicago Forestville (IL)
Chicago Forrestville (IL),3,Chicago Forestville (IL)
Chicago Gage Park (IL),452,Chicago Gage Park (IL)
Chicago Golder (IL),25,
Chicago Golder College Prep (IL),70,
Chicago Goode St. em (IL),18,Chicago Goode STEM Academy (IL)
Chicago Goode STEM Academy (IL),64,Chicago Goode STEM Academy (IL)
Chicago Gordon Tech (IL),331,Chicago Gordon Tech (IL)
Chicago Gordon Tech JV (IL),8,
Chicago Hales Franciscan (IL),209,Chicago Hales Franciscan (IL)
Chicago Hansberry (IL),63,
Chicago Hansberry College Prep (IL),8,
Chicago Harlan (IL),421,Chicago Harlan (IL)
Chicago Harland (IL),1,
Chicago Harper (IL),490,Chicago Harper (IL)
Chicago Harris (IL),2,Chicago Harrison Tech (IL)
Chicago Harrison (IL),3,Chicago Harrison Tech (IL)
Chicago Harrison Tech (IL),152,Chicago Harrison Tech (IL)
Chicago Heights (IL),13,
Chicago Heights Bloom (IL),16,Chicago Heights Bloom Township (IL)
Chicago Heights Bloom Township (IL),665,Chicago Heights Bloom Township (IL)
Chicago Heights Bloom Trail (IL),175,Chicago Heights Bloom Trail (IL)
Chicago Heights Bloom Twp (IL),3,Chicago Heights Bloom Township (IL)
Chicago Heights Marian Catholic (IL),667,Chicago Heights Marian Catholic (IL)
Chicago Hirsch (IL),438,Chicago Hirsch (IL)
"Chicago Hirsch Opp """"Catholic Central"""" (IL)",1,
Chicago Holy Trinity (IL),31,
Chicago Hope (IL),18,
Chicago Hope Academy (IL),192,Chicago Hope Academy (IL)
Chicago Hubbard (IL),544,Chicago Hubbard (IL)
Chicago Hyde Park (IL),803,Chicago Hyde Park (IL)
Chicago Hyde Park Alumni (IL),1,
Chicago International Charter-Ellison (IL),32,
Chicago International Charter-Hawkins (IL),24,
Chicago International Charter-Longwood Academy (IL),167,Chicago International Charter-Longwood Academy (IL)
Chicago Itw David Academy (IL),18,Chicago ITW David Speer Academy (IL)
Chicago ITW David Speer Academy (IL),45,Chicago ITW David Speer Academy (IL)
Chicago John F. Kennedy (IL),1,
Chicago John Hope College Prep (IL),115,Chicago John Hope College Prep (IL)
Chicago Johnson College Prep (IL),114,Chicago Johnson College Prep (IL)
Chicago Juarez (IL),174,Chicago Juarez (IL)
Chicago Julian (IL),421,Chicago Julian (IL)
Chicago Kelly (IL),499,Chicago Kelly (IL)
Chicago Kelvyn Park (IL),335,Chicago Kelvyn Park (IL)
Chicago Kennedy (IL),399,Chicago Kennedy (IL)
Chicago Kenwood (IL),428,Chicago Kenwood (IL)
Chicago Kenwood Academy (IL),7,Chicago Kenwood (IL)
Chicago King (IL),403,Chicago King (IL)
Chicago Lake View (IL),461,Chicago Lake View (IL)
Chicago Lane Tech (IL),683,Chicago Lane Tech (IL)
Chicago Lane Tech Reserves (IL),1,
Chicago Latin (IL),41,
Chicago Legal Prep Charter (IL),3,
Chicago Leo (IL),1034,Chicago Leo (IL)
Chicago Lewis Institute (IL),1,
Chicago Lincoln Park (IL),357,Chicago Lincoln Park (IL)
Chicago Lindblom (IL),564,Chicago Lindblom (IL)
Chicago Little Flower (IL),31,
Chicago Little Village Lawndale (IL),167,Chicago Little Village Lawndale (IL)
Chicago Longwood (IL),50,
Chicago Loyola (IL),7,
Chicago Luther Institute (IL),2,
Chicago Luther North (IL),443,Chicago Luther North (IL)
Chicago Luther North-St. Benedict (IL),10,
Chicago Luther South (IL),28,
Chicago Lutheran (IL),1,
Chicago Luthern South (IL),349,Chicago Luthern South (IL)
Chicago Manley (IL),305,Chicago Manley (IL)
Chicago Marian Catholic (IL),2,
Chicago Marine Leadership (IL),17,Chicago Marine Leadership Academy (IL)
Chicago Marine Leadership Academy (IL),39,Chicago Marine Leadership Academy (IL)
Chicago Marine Military Academy (IL),123,Chicago Marine Military Academy (IL)
Chicago Marist (IL),559,Chicago Marist (IL)
Chicago Marshall (IL),499,Chicago Marshall (IL)
Chicago Marshall Field Team (IL),2,
Chicago Marshall-Raby (IL),3,
Chicago Mather (IL),443,Chicago Mather (IL)
Chicago Maywood (IL),1,
Chicago McKinley (IL),18,
Chicago McKinley Park (IL),1,
Chicago Medill (IL),1,
Chicago Mendel Catholic (IL),3,Chicago Mendel Catholic Prep (IL)
Chicago Mendel Catholic Prep (IL),202,Chicago Mendel Catholic Prep (IL)
Chicago Military (IL),18,Chicago Military Academy (IL)
Chicago Military Academy (IL),14,Chicago Military Academy (IL)
Chicago Military Academy-Bronzeville (IL),122,Chicago Military Academy-Bronzeville (IL)
Chicago Military Academy-Bronzeville-Air Force Academy (IL),23,
Chicago Morgan Park (IL),20,Chicago Morgan Park Academy (IL)
Chicago Morgan Park Academy (IL),739,Chicago Morgan Park Academy (IL)
Chicago Morton (IL),6,
Chicago Mount Carmel (IL),866,Chicago Mt. Carmel (IL)
Chicago Mt Carmel (IL),1,Chicago Mt. Carmel (IL)
Chicago Mt. Carava (IL),28,
Chicago Mt. Carmel (IL),863,Chicago Mt. Carmel (IL)
Chicago Muchin College (IL),16,Chicago Muchin College Prep (IL)
Chicago Muchin College Prep (IL),90,Chicago Muchin College Prep (IL)
Chicago Near North Career Metropolitan (IL),101,Chicago Near North Career Metropolitan (IL)
Chicago Nicholas Senn (IL),1,
Chicago Noble Street College Prep (IL),96,
Chicago North Division (IL),1,
Chicago North Grand (IL),46,
Chicago North Lawndale College Prep (IL),152,Chicago North Lawndale College Prep (IL)
Chicago North ParkAcademy (IL),1,
"Chicago North Shore Country Day """"B"""" (IL)",1,
Chicago Northwestern Academy (IL),1,
Chicago Orr (IL),381,Chicago Orr (IL)
Chicago Parker (IL),274,Chicago Parker (IL)
Chicago Parker Alumni (IL),2,
Chicago Payton College (IL),17,Chicago Payton College Prep (IL)
Chicago Payton College Prep (IL),203,Chicago Payton College Prep (IL)
Chicago Perspectives Charter-Calumet (IL),33,
Chicago Perspectives Charter-Perspectives Leadership (IL),19,Chicago Perspectives Leadership-IIT-Joslin-Tech (IL)
Chicago Perspectives Leadership Iit-Math-And (IL),10,Chicago Perspectives Leadership-IIT-Joslin-Tech (IL)
Chicago Perspectives Leadership Jos (IL),8,Chicago Perspectives Leadership-IIT-Joslin-Tech (IL)
Chicago Perspectives Leadership-IIT-Joslin-Tech (IL),75,Chicago Perspectives Leadership-IIT-Joslin-Tech (IL)
Chicago Perspectives Leadership-Perspectives-IIT Math & Science-Joslin-Perspectives Tech (IL),8,Chicago Perspectives Leadership-IIT-Joslin-Tech (IL)
Chicago Phillips (IL),637,Chicago Phillips (IL)
Chicago Phoenix Military Academy (IL),138,Chicago Phoenix Military Academy (IL)
Chicago Phoenix Military Academy-Alcott-DeVry Advantage Academy (IL),15,
Chicago Pressler (IL),1,
Chicago Pritzker College Prep (IL),148,Chicago Pritzker College Prep (IL)
Chicago Prosser (IL),456,Chicago Prosser (IL)
Chicago Providence Catholic (IL),1,New Lenox Providence Catholic (IL)
Chicago Pullman Tech (IL),13,
Chicago Raby (IL),148,Chicago Raby (IL)
Chicago Rauner College Prep (IL),141,Chicago Rauner College Prep (IL)
Chicago Resurrection College Prep (IL),1,
Chicago Richards (IL),49,
Chicago Rickover Naval Academy (IL),16,
Chicago Robeson (IL),374,Chicago Robeson (IL)
Chicago Robeson-Amandla Charter School (IL),9,
Chicago Roosevelt (IL),400,Chicago Roosevelt (IL)
Chicago Roosevelt JV (IL),3,
Chicago Rowe Clark (IL),15,Chicago Rowe-Clark Math & Science Academy (IL)
Chicago Rowe-Clark (IL),46,Chicago Rowe-Clark Math & Science Academy (IL)
Chicago Rowe-Clark Math & Science Academy (IL),106,Chicago Rowe-Clark Math & Science Academy (IL)
Chicago Saint Francis de Sales (IL),293,Chicago St. Francis de Sales (IL)
Chicago Saint Gregory (IL),19,
Chicago Saint Ignatius (IL),20,Chicago St. Ingatius College Prep (IL)
Chicago Saint Ignatius College Prep (IL),79,Chicago St. Ingatius College Prep (IL)
Chicago Saint Ingatius College Prep (IL),242,Chicago St. Ingatius College Prep (IL)
Chicago Saint Patrick (IL),542,Chicago St. Patrick (IL)
Chicago Saint Rita (IL),902,Chicago St. Rita (IL)
Chicago Sarah E. Goode STEM Academy (IL),5,
Chicago Schurz (IL),43,Chicago Schurz (IL)
Chicago Senn (IL),485,Chicago Senn (IL)
Chicago Senn 2nds (IL),1,
Chicago Simeon (IL),532,Chicago Simeon (IL)
Chicago Solorio Sun (IL),17,
Chicago South Shore International (IL),502,Chicago South Shore International (IL)
Chicago South Shore-Hirsch (IL),6,
Chicago South Side Academy (IL),1,
Chicago Southside (IL),1,
Chicago Spalding (IL),27,
Chicago St John De La Salle Catholic Academy (IL),1,
Chicago St. Cyril (IL),2,
Chicago St. einmetz College (IL),11,Chicago Steinmetz College Prep (IL)
Chicago St. Elizabeth (IL),49,
Chicago St. Fenwick (IL),1,
Chicago St. Francis de Sales (IL),292,
Chicago St. Gregory the Great (IL),36,
Chicago St. Ingatius College Prep (IL),282,
Chicago St. Joseph (IL),62,
Chicago St. Margaret Mary (IL),1,
Chicago St. Mel (IL),71,
Chicago St. Michael Central (IL),1,
Chicago St. Patrick (IL),542,
Chicago St. Paul (IL),1,
Chicago St. Philip Basilica (IL),77,
Chicago St. Procopius (IL),19,
Chicago St. Rita (IL),905,
Chicago St. Rita JV (IL),1,
Chicago St. Thomas Aquinas Catholic (IL),3,
Chicago Steinmetz College Prep (IL),440,Chicago Steinmetz College Prep (IL)
Chicago Sullivan (IL),449,Chicago Sullivan (IL)
Chicago Tabernacle Christian (IL),2,
Chicago Taft (IL),528,Chicago Taft (IL)
Chicago TEAM Englewood (IL),62,
Chicago Tech (IL),12,
Chicago Tech College (IL),1,
Chicago The Noble (IL),15,Chicago The Noble Academy (IL)
Chicago The Noble Academy (IL),21,Chicago The Noble Academy (IL)
Chicago Tilden (IL),664,Chicago Tilden (IL)
Chicago Tilden Park (IL),1,Chicago Tilden (IL)
Chicago Tilden Tech (IL),48,Chicago Tilden (IL)
Chicago Tilden-Air Force Academy (IL),2,
Chicago Todd (IL),1,
Chicago Tuley (IL),46,
Chicago Uic College (IL),17,
Chicago University High (IL),3,
Chicago University of Illinois Prep (IL),95,
Chicago Uplift (IL),106,Chicago Uplift (IL)
Chicago Urban Prep (IL),19,
Chicago Urban Prep-Bronzeville (IL),82,
Chicago Urban Prep-Bronzeville-Urban Prep-Englewood (IL),22,
Chicago Urban Prep-South Shore (IL),26,
Chicago Urban Prep-West Campus (IL),73,
Chicago Vermilion Grove (IL),1,
Chicago Veterinary (IL),1,
Chicago Vocational (IL),585,Chicago Vocational (IL)
Chicago Von St. euben (IL),17,Chicago Von Steuben (IL)
Chicago Von Steuben (IL),55,Chicago Von Steuben (IL)
Chicago Walker (IL),1,Chicago Waller (IL)
Chicago Waller (IL),58,Chicago Waller (IL)
Chicago Washington (IL),414,Chicago Washington (IL)
Chicago Weber (IL),281,Chicago Weber (IL)
Chicago Wells (IL),196,Chicago Wells (IL)
Chicago Wendell Philips (IL),1,
Chicago Westinghouse (IL),18,Chicago Westinghouse College Prep (IL)
Chicago Westinghouse College Prep (IL),367,Chicago Westinghouse College Prep (IL)
Chicago Wheaton Academy (IL),1,
Chicago Whitney M. Young Magnet (IL),115,Chicago Whitney M. Young Magnet (IL)
Chicago Whitney Young (IL),240,Chicago Whitney M. Young Magnet (IL)
Chicago Whitney Young Magnet (IL),33,Chicago Whitney M. Young Magnet (IL)
Chicago Woodlawn (IL),65,
Chicago Young (IL),74,
ChicagoSchurz (IL),526,Chicago Schurz (IL)
Chillicothe (IL),5,
Chillicothe Illinois Valley (IL),17,Chillicothe Illinois Valley Central (IL)
Chillicothe Illinois Valley Central (IL),405,Chillicothe Illinois Valley Central (IL)
Chillicothe Township (IL),163,Chillicothe Township (IL)
Christ the King (IL),19,Chicago Christ the King (IL)
Christopher (IL),258,Christopher (IL)
Christopher Community (IL),2,
Christopher Zeigler (IL),19,
Christopher Zeigler-Royalton Coop (IL),218,Christopher Zeigler-Royalton Coop (IL)
Cicago St. Cyril (IL),1,Chicago St. Cyril (IL)
Cicero Berwyn Cicero (IL),18,
Cicero Morton (IL),9,
Cicero Morton East (IL),620,Cicero Morton East (IL)
"Cicero Morton East Opp """"St. John"""" (IL)",1,"Cicero Morton East Opp """"St. John"""" (IL)"
"Cicero Morton East Opp """"St. Johns"""" (IL)",1,"Cicero Morton East Opp """"St. John"""" (IL)"
CICS ChicagoQuest (IL),13,
Clark County (IL),1,
ClarkChicago (IL),7,Chicago Clark (IL)
Clay City (IL),1,
Clifton Central (IL),556,Clifton Central (IL)
Clinton (IL),610,Clinton (IL)
Coal City (IL),498,Coal City (IL)
Colchester (IL),1,
Colfax (IL),3,
Colfax Octavia (IL),202,Colfax Octavia (IL)
Colfax Ridgeview (IL),251,Colfax Ridgeview (IL)
Colfax Ridgeview Lexington (IL),17,Colfax Ridgeview-Lexington (IL)
Colfax Ridgeview-Blue Ridge (IL),27,
Colfax Ridgeview-Blue Ridge-Lexington (IL),10,
Colfax Ridgeview-Lexington (IL),49,Colfax Ridgeview-Lexington (IL)
Collinsville (IL),561,Collinsville (IL)
Columbia (IL),409,Columbia (IL)
Concord Triopia Meredosia (IL),18,
Concord Triopia-Meredosia-Chambersburg (IL),46,
Concord Triopia-Meredosia-Chambersburg-Virginia (IL),415,Concord Triopia-Meredosia-Chambersburg-Virginia (IL)
Cornell (IL),49,
Cortland (IL),1,
Country Club Hills Hillcrest (IL),555,Country Club Hills Hillcrest (IL)
Crane Medical-Chicago Talent Development (IL),1,Chicago Crane Medical-Talent Development (IL)
Crane-Chicago Talent Development (IL),373,Chicago Crane-Talent Development (IL)
Crescent City Crescent-Iroquois (IL),1,
Creston (IL),2,
Crete (IL),8,
Crete-Monee (IL),627,Crete-Monee (IL)
Crossville (IL),5,
Crystal Lake Central (IL),621,Crystal Lake Central (IL)
Crystal Lake Perry Grove (IL),1,
Crystal Lake Prairie Ridge (IL),323,Crystal Lake Prairie Ridge (IL)
Crystal Lake South (IL),495,Crystal Lake South (IL)
Cuba (IL),248,Cuba (IL)
Cuba North Fulton Coop (IL),50,
Cuba-Spoon River Valley (IL),130,Cuba-Spoon River Valley (IL)
Cullom (IL),21,
Cullom Tri-Point (IL),239,Cullom Tri-Point (IL)
Cullom Tri-Point-Donovan (IL),17,
Dakota (IL),458,Dakota (IL)
Danville (IL),678,Danville (IL)
"Danville Opp """"Central"""" (IL)",1,
Danville Schlarman (IL),425,Danville Schlarman (IL)
Danville Schlarman Academy (IL),2,Danville Schlarman Academy (IL)
Danville SchlarmanAcademy (IL),1,Danville Schlarman Academy (IL)
Darien Hinsdale South (IL),632,Darien Hinsdale South (IL)
Davenport Central Alumni (IL),1,
Decatur (IL),173,Decatur (IL)
Decatur Bishop McNamara (IL),1,
Decatur Eisenhower (IL),725,Decatur Eisenhower (IL)
Decatur Lakeview (IL),121,Decatur Lakeview (IL)
Decatur Lutheran (IL),23,
Decatur Lutheran/Mt. Pulaski (IL),24,
Decatur Lutheran-Decatur Christian (IL),47,
Decatur MacArthur (IL),554,Decatur MacArthur (IL)
Decatur MaranathaChristianAcademy (IL),1,
Decatur Saint Teresa (IL),603,Decatur St. Teresa (IL)
Decatur St. James Catholic (IL),3,
Decatur St. Teresa (IL),602,
Decatur Stephen Decatur (IL),237,Decatur Stephen Decatur (IL)
Decatur Unity Christian (IL),17,
Decatur Unity Christian-Mt. Pulaski (IL),8,
Deer Creek-Mackinaw (IL),549,Deer Creek-Mackinaw (IL)
Deerfield (IL),654,Deerfield (IL)
Deerfield Township-Shields (IL),37,
Deerfield-Shields (IL),1,
DeKalb (IL),711,DeKalb (IL)
Deland Weldon (IL),63,DeLand-Weldon (IL)
DeLand-Weldon (IL),98,DeLand-Weldon (IL)
DePaul Academy (IL),1,
Depaul University (IL),4,
DePue (IL),136,DePue (IL)
Des Plaines (IL),2,
Des Plaines Guardian Angel (IL),8,
Des Plaines Maine North (IL),89,
Des Plaines Maine West (IL),569,Des Plaines Maine West (IL)
Des Plaines Maryville Academy (IL),2,
Des Plaines St. Mary's (IL),1,
Des Plaines West (IL),1,
Dieterich (IL),1,
Divernon (IL),61,
Dixon (IL),590,Dixon (IL)
Dixon Dukes (IL),23,
Dolton Thornridge (IL),582,Dolton Thornridge (IL)
Downers Grove (IL),265,Downers Grove (IL)
Downers Grove Homewood-Flossmoor (IL),9,
Downers Grove North (IL),664,Downers Grove North (IL)
Downers Grove South (IL),623,Downers Grove South (IL)
Downs Tri Valley (IL),19,Downs Tri-Valley (IL)
Downs Tri-Valley (IL),235,Downs Tri-Valley (IL)
Dryer Central (IL),1,
Du Quoin (IL),21,
Dundee (IL),7,
Dunlap (IL),553,Dunlap (IL)
Dupo (IL),475,Dupo (IL)
DuPue (IL),1,
DuQuoin (IL),556,DuQuoin (IL)
DuQuoin-Elverado (IL),31,
Durand (IL),376,Durand (IL)
Durand Pecatonica (IL),20,Durand-Pecatonica (IL)
Durand-Pecatonica (IL),64,Durand-Pecatonica (IL)
Durna (IL),1,
Dwight Coop (IL),72,
Dwight Gardner (IL),12,
Dwight Township (IL),1,
Dwight-Gardner-South Wilmington (IL),462,Dwight-Gardner-South Wilmington (IL)
E.I.S.N. (IL),1,
Earlville (IL),60,
East Alton (IL),3,
East Alton-West River (IL),1,East Alton-Wood River (IL)
East Alton-Wood River (IL),436,East Alton-Wood River (IL)
East Aurora Alumni (IL),2,
East Central (IL),2,
East Central Illinois (IL),1,
East Dubuque (IL),407,East Dubuque (IL)
East Lynn (IL),1,
East Moline East Moline (IL),18,
East Moline United Township (IL),716,East Moline United Township (IL)
East Okaw-Bement (IL),1,
East Peoria (IL),548,East Peoria (IL)
East Peoria-Pontiac (IL),1,
East Richland Olney (IL),1,
East Saint Louis (IL),862,East St. Louis (IL)
East Saint Louis Assumption (IL),131,East St. Louis Assumption (IL)
East Saint Louis Lincoln (IL),174,East St. Louis Lincoln (IL)
East St. Louis (IL),868,
East St. Louis Assumption (IL),131,
East St. Louis Central Catholic (IL),19,
East St. Louis Clark (IL),2,
East St. Louis Lincoln (IL),173,
Eastland-Pearl City (IL),1,
Edwardsville (IL),591,Edwardsville (IL)
Edwardsville Metro East (IL),16,Edwardsville Metro-East Lutheran (IL)
Edwardsville Metro-East Lutheran (IL),239,Edwardsville Metro-East Lutheran (IL)
Edwardsville Metro-East Lutheran-Madison (IL),25,
Effingham (IL),540,Effingham (IL)
Effingham Flaming (IL),18,
El Paso (IL),353,El Paso (IL)
El Paso El Paso (IL),19,El Paso (IL)
El Paso-Gridley (IL),199,El Paso-Gridley (IL)
Ela Vernon-Lake Zurich (IL),7,
Elburn (IL),3,
Eldorado (IL),496,Eldorado (IL)
Eldorado Coop (IL),10,Eldorado (IL)
Eldorado-Galatia (IL),45,
Elgin (IL),1158,Elgin (IL)
Elgin Abbott School (IL),1,
Elgin Academy (IL),62,
Elgin Alumni (IL),6,
Elgin Harvest Christian Academy (IL),1,
Elgin Larkin (IL),595,Elgin Larkin (IL)
Elgin Saint Edward (IL),18,Elgin St. Edward Central Catholic (IL)
Elgin St Edward (IL),1,
Elgin St. Edward Central Catholic (IL),483,Elgin St. Edward Central Catholic (IL)
Elgin Westminster Christian (IL),67,
Elgin YMCA (IL),1,
Elizabeth Warren-River Ridge (IL),4,
Elk Grove Village (IL),551,Elk Grove Village (IL)
Elkville Elverado (IL),137,Elkville-Elverado (IL)
Elkville Elverado-Trico (IL),219,Elkville Elverado-Trico (IL)
Elkville-Elverado (IL),6,Elkville-Elverado (IL)
Elmhurst (IL),3,
Elmhurst Ic Catholic (IL),18,Elmhurst Immaculate Conception (IL)
Elmhurst Immaculate Conception (IL),575,Elmhurst Immaculate Conception (IL)
Elmhurst York (IL),736,Elmhurst York (IL)
Elmira (IL),2,
Elmwood Brimfield (IL),20,
Elmwood Coop (IL),291,Elmwood Coop (IL)
Elmwood Park (IL),528,Elmwood Park (IL)
Elmwood St. Patrick (IL),1,
Elmwood-Brimfield Coop (IL),233,Elmwood-Brimfield Coop (IL)
Elo-Vernon (IL),1,
Emerson (IL),1,
Englewood Alumni (IL),1,
Erie Community (IL),298,Erie Community (IL)
Erie Prophetstown (IL),11,Erie-Prophetstown Coop (IL)
Erie-Prophetstown Coop (IL),205,Erie-Prophetstown Coop (IL)
Eureka (IL),445,Eureka (IL)
Eureka Roanoke-Benson Coop (IL),99,
Evanston (IL),921,Evanston (IL)
Evanston Academy (IL),14,Evanston Academy (IL)
Evanston AcademyPrep (IL),1,Evanston Academy (IL)
Evanston Roycemore (IL),1,
Evanston St. George (IL),98,
Evergreen Park (IL),584,Evergreen Park (IL)
Fairbury (IL),39,Fairbury Prairie Central (IL)
Fairbury Prairie Central (IL),395,Fairbury Prairie Central (IL)
Fairbury-Cropsey (IL),149,Fairbury-Cropsey (IL)
Fairfield (IL),877,Fairfield (IL)
Fairview Valley (IL),10,
Farmer City (IL),89,Farmer City Blue Ridge (IL)
Farmer City Blue Ridge (IL),246,Farmer City Blue Ridge (IL)
Farmer City Blue Ridge-DeLand-Weldon (IL),46,
Farmer City-Mansfield (IL),99,
Farmer City-St. Thomas More (IL),1,
Farmington (IL),513,Farmington (IL)
Farmington East (IL),29,
Fawell AC JV (IL),1,
Fietshen (IL),1,
Findlay Okaw Valley (IL),2,
Fisher (IL),523,Fisher (IL)
Fithian Oakwood (IL),381,Fithian Oakwood (IL)
Fithian Oakwood-Armstrong (IL),103,Fithian Oakwood-Armstrong (IL)
Flanagan (IL),330,Flanagan (IL)
Flanagan Woodland (IL),18,Flanagan-Woodland (IL)
Flanagan-Woodland (IL),152,Flanagan-Woodland (IL)
Flanagan-Woodland-Roanoke-Benson (IL),7,
Flat Rock (IL),1,
Flora (IL),17,Flora Coop (IL)
Flora Coop (IL),65,Flora Coop (IL)
Flora-North Clay (IL),749,Flora-North Clay (IL)
Ford Central Tri-Point (IL),5,
Ford City (IL),1,
Forest (IL),1,Forrest (IL)
Forrest (IL),33,Forrest (IL)
Forreston (IL),542,Forreston (IL)
Forrest-Strawn-Wing (IL),152,Forrest-Strawn-Wing (IL)
Fox Lake Grant Community (IL),540,Fox Lake Grant Community (IL)
Frankfort Lincoln Way (IL),21,Frankfort Lincoln-Way (IL)
Frankfort Lincoln-Way (IL),4,Frankfort Lincoln-Way (IL)
Frankfort Lincoln-Way East (IL),276,Frankfort Lincoln-Way East (IL)
Frankfort Lincoln-Way North (IL),91,
Franklin (IL),4,
Franklin Center (IL),1,
Franklin Grove Ashton-Franklin Center (IL),2,
Franklin Grove Center (IL),182,Franklin Grove Center (IL)
Franklin Park East Leyden (IL),401,Franklin Park East Leyden (IL)
Franklin Park Leyden (IL),17,Franklin Park East Leyden (IL)
Franklin Park Leyden JV (IL),1,
Franklin Park-Northlake Leyden (IL),182,Franklin Park-Northlake Leyden (IL)
Freeburg (IL),409,Freeburg (IL)
Freeport (IL),687,Freeport (IL)
Freeport Aquin Catholic (IL),472,Freeport Aquin Catholic (IL)
Freeport JV (IL),2,
Fulton (IL),600,Fulton (IL)
"Fulton Opp """"St. Mary's"""" (IL)",1,
G. East (IL),1,
Galena (IL),513,Galena (IL)
Galena OPP St. Mary's IA (IL),1,
Galesburg (IL),938,Galesburg (IL)
Galesburg Corpus Christi (IL),4,
Galesburg Costa Catholic Academy (IL),44,
Galesburg Falculty (IL),1,
Galesburg Silver (IL),16,Galesburg (IL)
Galva (IL),411,Galva (IL)
Galva-Williamsfield (IL),7,
Gardner (IL),1,
Geneseo (IL),1136,Geneseo (IL)
Geneseo Darnell (IL),11,
Geneseo Hall (IL),1,
Geneseo Maple (IL),22,
Geneva (IL),608,Geneva (IL)
Geneva Town Team (IL),8,
Genoa (IL),26,
Genoa-Kingston (IL),504,Genoa-Kingston (IL)
"Genoa-Kingston Opp """"Central"""" (IL)",1,
Georgetown (IL),191,Georgetown (IL)
Georgetown Ridge (IL),18,
Georgetown-Ridge Farm (IL),326,Georgetown-Ridge Farm (IL)
Georgetown-Ridge Farm-Chrisman (IL),75,
Gibson City (IL),273,Gibson City (IL)
Gibson City DrummerTownship (IL),2,
Gibson City Gibson City (IL),23,
Gibson City-Melvin-Sibley (IL),304,Gibson City-Melvin-Sibley (IL)
Gillespie (IL),490,Gillespie (IL)
Gilman (IL),149,Gilman (IL)
Gilman Iroquois West (IL),19,
Gilman Iroquois West-Crescent-Iroquois (IL),371,Gilman Iroquois West-Crescent-Iroquois (IL)
Gilman Iroquois West-Tri-Point (IL),27,
Girard (IL),305,Girard (IL)
Girard-Lincolnwood (IL),18,
Glen Ellyn (IL),2,Glen Ellyn Glenbard (IL)
Glen Ellyn Glenbard (IL),165,Glen Ellyn Glenbard (IL)
Glen Ellyn Glenbard South (IL),525,Glen Ellyn Glenbard South (IL)
Glen Ellyn Glenbard West (IL),743,Glen Ellyn Glenbard West (IL)
Glenbard (IL),1,Glen Ellyn Glenbard (IL)
Glenbrook (IL),15,
Glenview Glenbrook South (IL),600,Glenview Glenbrook South (IL)
Glenwood Academy (IL),3,
Glenwood School for Boys (IL),59,
Glenwood-Southeast (IL),1,
Gorton Tech (IL),1,
Granite City (IL),503,Granite City (IL)
Granite City North (IL),52,
Granite City South (IL),84,
Grass Lake (IL),1,Grayslake (IL)
Grayslake (IL),364,Grayslake (IL)
Grayslake Central (IL),183,Grayslake Central (IL)
Grayslake North (IL),189,Grayslake North (IL)
Grayville (IL),28,
Green Valley (IL),1,
Greenbush A.C. (IL),1,
Greenfield Northwestern (IL),18,Greenfield-Northwestern Coop (IL)
Greenfield-Northwestern Coop (IL),535,Greenfield-Northwestern Coop (IL)
Greenview Community (IL),2,
Greenview-Lewistown (IL),1,
Greenville (IL),564,Greenville (IL)
Gridley (IL),320,Gridley (IL)
Gurnee Warren Township (IL),382,Gurnee Warren Township (IL)
Hall Township (IL),77,
Hamilton (IL),301,Hamilton (IL)
Hamilton Warsaw (IL),17,Hamilton-Warsaw West Hancock co-op (IL)
Hamilton-Warsaw (IL),80,Hamilton-Warsaw West Hancock co-op (IL)
Hamilton-Warsaw West Hancock co-op (IL),48,Hamilton-Warsaw West Hancock co-op (IL)
Hammond Whiting (IL),1,
Hampshire (IL),464,Hampshire (IL)
Hampshire Whip (IL),18,Hampshire (IL)
Hancock Central (IL),15,
Hancock-Carthage Central (IL),1,
Hanover (IL),5,
Hanover River Ridge (IL),169,Hanover River Ridge (IL)
Hardin Calhoun (IL),420,Hardin Calhoun (IL)
Hardin Calhoun Brussels (IL),21,Hardin Calhoun-Brussels (IL)
Hardin Calhoun-Brussels (IL),108,Hardin Calhoun-Brussels (IL)
Harlan Community (IL),1,
Harrisburg (IL),568,Harrisburg (IL)
Harrison (IL),1,
Harvard (IL),525,Harvard (IL)
Harvey (IL),7,Harvey Thornton Township (IL)
Harvey Thornton (IL),41,Harvey Thornton Township (IL)
"Harvey Thornton Opp """"Morton"""" (IL)",1,
Harvey Thornton Township (IL),684,Harvey Thornton Township (IL)
Havana (IL),482,Havana (IL)
Havana-Midwest Central (IL),44,
Hebron (IL),24,
Hebron Alden (IL),34,
Henning (IL),1,
Heritage (IL),14,
Herrin (IL),523,Herrin (IL)
Herscher (IL),552,Herscher (IL)
Hersher (IL),1,
Heyworth (IL),512,Heyworth (IL)
Heyworth-Wapella (IL),2,
Highland (IL),497,Highland (IL)
Highland Park (IL),661,Highland Park (IL)
Highland Park Deerfield Shields (IL),2,
Highland Park North Shore Academy (IL),2,
Highland Park Northwestern Military Academy (IL),18,
Highland St. Paul (IL),1,
Hillsboro (IL),511,Hillsboro (IL)
Hillsboro Coop (IL),9,
Hillside Proviso West (IL),556,Hillside Proviso West (IL)
Hinsdale Central (IL),857,Hinsdale Central (IL)
Hoffman Estates (IL),471,Hoffman Estates (IL)
Hoffman Estates Conant (IL),596,Hoffman Estates Conant (IL)
Homer (IL),135,Homer (IL)
Homewood-Flossmoor (IL),715,Homewood-Flossmoor (IL)
Hoopeston (IL),236,Hoopeston (IL)
Hoopeston Area (IL),87,
Hoopeston-Armstrong (IL),26,
Hoopeston-Armstrong-Schlarman (IL),22,
Hoopeston-East Lynn (IL),123,Hoopeston-East Lynn (IL)
Hoopeston-Schlarman (IL),20,
Hoopston (IL),1,
Horace Mann (IL),2,Horace Mann (IN)
Hume Shiloh (IL),97,
Hume Shiloh-Heritage (IL),27,
Huntley (IL),482,Huntley (IL)
Hutsonville (IL),2,
Hutsonville-Palestine (IL),109,Hutsonville-Palestine (IL)
Hyde Park Alumni (IL),2,
"Hyde Park Opp """"CMTS"""" (IL)",1,
Illinois School for the Deaf (IL),386,Illinois School for the Deaf (IL)
Illiopolis Coop (IL),406,Illiopolis Coop (IL)
Industry (IL),64,
Iowa City Lincoln (IL),1,
Jacksonville (IL),562,Jacksonville (IL)
Jacksonville Routt Academy (IL),1,Jacksonville Routt Catholic (IL)
Jacksonville Routt Catholic (IL),403,Jacksonville Routt Catholic (IL)
Jacksonville Routt Catholic-Lutheran (IL),28,
Jacksonville Routt Catholic-Westfair Christian (IL),21,Jacksonville Routt Catholic-Westfair Christian Academy (IL)
Jacksonville Routt Catholic-Westfair Christian Academy (IL),24,Jacksonville Routt Catholic-Westfair Christian Academy (IL)
Jamacia (IL),4,
Jersey Community (IL),1,
Jerseyville (IL),202,Jerseyville (IL)
Jerseyville Jersey (IL),341,Jerseyville Jersey (IL)
Johnsburg (IL),429,Johnsburg (IL)
Johnston City (IL),486,Johnston City (IL)
Johnston City [Coop] (IL),1,Johnston City (IL)
Johnston City Coop (IL),58,Johnston City (IL)
Joilet (IL),3,
Joilet Central (IL),1,
Joliet (IL),716,Joliet (IL)
Joliet Catholic Academy (IL),540,Joliet Catholic Academy (IL)
Joliet East (IL),166,Joliet East (IL)
Joliet St. Francis De Sales (IL),4,
Joliet Township (IL),102,Joliet Township (IL)
Joliet West (IL),411,Joliet West (IL)
Jonesboro (IL),2,
Joy Wesmer (IL),2,Joy Westmer (IL)
Joy Westmer (IL),306,Joy Westmer (IL)
Kanakee (IL),1,
Kankakee (IL),498,Kankakee (IL)
Kankakee Bishop McNamara (IL),635,Kankakee Bishop McNamara (IL)
Kankakee Bishop McNamara Catholic (IL),3,Kankakee Bishop McNamara (IL)
"Kankakee Bishop McNamara Opp """"Central"""" (IL)",1,
Kankakee Eastridge (IL),143,Kankakee Eastridge (IL)
Kankakee St. George (IL),1,
Kankakee St. Patrick (IL),1,
Kankakee Westview (IL),147,Kankakee Westview (IL)
Kansas Community (IL),1,
Kansas Tri County (IL),16,Kansas Tri-County [Kansas-Shiloh-Oakland] (IL)
Kansas Tri-County [Kansas-Shiloh-Oakland] (IL),78,Kansas Tri-County [Kansas-Shiloh-Oakland] (IL)
Keithsburg (IL),1,
Kempton-Cabery (IL),24,
Kewanee (IL),17,
Kewanee Coop (IL),694,Kewanee Coop (IL)
Kewanee Wethersfield (IL),419,Kewanee Wethersfield (IL)
Kewanee Wethersfield Annawan (IL),19,Kewanee Wethersfield-Annawan (IL)
Kewanee Wethersfield-Annawan (IL),179,Kewanee Wethersfield-Annawan (IL)
Kincaid (IL),215,Kincaid (IL)
Kincaid South Fork (IL),122,Kincaid South Fork (IL)
Kincaid South Fork-Edinburg-Morrisonville (IL),179,Kincaid South Fork-Edinburg-Morrisonville (IL)
Kinmundy South Central (IL),1,
Kirkland Hiawatha (IL),413,Kirkland Hiawatha (IL)
Knox College (IL),2,
Knoxville (IL),537,Knoxville (IL)
La Grange Park Nazareth (IL),2,
La Harpe (IL),2,
La Harpe Community (IL),1,
La Harpe-Sciota Northwestern (IL),15,
La Moille (IL),20,La Moille Community (IL)
La Moille Community (IL),146,La Moille Community (IL)
La Mollie (IL),2,
La Salle-Peru (IL),720,La Salle-Peru (IL)
LaFayette (IL),1,
LaGrange Lyons (IL),1006,LaGrange Lyons (IL)
LaGrange Park Nazareth Academy (IL),465,LaGrange Park Nazareth Academy (IL)
LaHarpe (IL),133,LaHarpe (IL)
Lake Forest (IL),644,Lake Forest (IL)
Lake Forest Academy (IL),413,Lake Forest Academy (IL)
Lake Forest College (IL),11,
Lake Forest Country Day (IL),1,
Lake Forest JV (IL),2,
Lake Geneva (IL),1,
Lake Villa Lakes (IL),204,Lake Villa Lakes (IL)
Lake Zurich (IL),607,Lake Zurich (IL)
LaMoille (IL),48,La Moille Community (IL)
LaMoille Coop (IL),48,La Moille Community (IL)
LaMoille-DePue (IL),1,
Lanark (IL),133,Lanark (IL)
Lanark Eastland (IL),107,Lanark Eastland (IL)
Lankakee Light-weights (IL),2,
Lansing South (IL),1,Lansing Thornton Fractional South (IL)
Lansing Thornton Fractional (IL),18,Lansing Thornton Fractional South (IL)
Lansing Thornton Fractional South (IL),618,Lansing Thornton Fractional South (IL)
"Lansing Thornton Fractional South Opp """"Grand Rapids"""" (IL)",1,
LaSalle (IL),1,
LaSalle-Peru (IL),1,
LasFayette (IL),1,
Latham (IL),1,
Lawrenceville (IL),663,Lawrenceville (IL)
Le Roy (IL),13,
Leaf River (IL),147,Leaf River (IL)
Lemont (IL),522,Lemont (IL)
Lemont Lemont (IL),19,Lemont Township (IL)
Lemont Township (IL),7,Lemont Township (IL)
Lena (IL),20,
Lena-Winslow (IL),503,Lena-Winslow (IL)
LeRoy (IL),9,LeRoy Coop (IL)
LeRoy Coop (IL),574,LeRoy Coop (IL)
LeRoy-Downs Tri-Valley (IL),1,
Lewistown (IL),446,Lewistown (IL)
Lewistown Community (IL),45,
Lewistown Cuba (IL),18,
Lewistown-Cuba-Spoon River Valley (IL),3,
Lexington (IL),506,Lexington (IL)
Liberty West (IL),1,
Libertyville (IL),849,Libertyville (IL)
Lincoln (IL),592,Lincoln (IL)
Lincoln Community (IL),41,
Lincolnshire Stevenson (IL),564,Lincolnshire Stevenson (IL)
Lincoln-Way Central (IL),1,New Lenox Lincoln-Way Central (IL)
Lisle (IL),485,Lisle (IL)
Lisle Benet Academy (IL),555,Lisle Benet Academy (IL)
"Lisle Benet Academy Opp """"St. Edwards"""" (IL)",1,
Lisle St. Procopius Academy (IL),14,
Litchfield (IL),393,Litchfield (IL)
Litchfield Mt. Olive (IL),17,Litchfield-Mt. Olive (IL)
Litchfield-Lincolnwood (IL),41,
Litchfield-Mt. Olive (IL),4,Litchfield-Mt. Olive (IL)
Lockport (IL),22,
Lockport Catholic (IL),1,
Lockport Central (IL),73,
Lockport Township (IL),591,Lockport Township (IL)
Lockport West (IL),59,
Lombard Glenbard East (IL),570,Lombard Glenbard East (IL)
Lombard Montini (IL),9,
Lombard Montini Catholic (IL),608,Lombard Montini Catholic (IL)
Lombard St. Pius X (IL),1,
London Mills Spoon River Valley (IL),126,London Mills Spoon River Valley (IL)
Louisa-Muscatine (IL),1,
Louisville North Clay (IL),1,
Loves Park Harlem (IL),8,
Lovington (IL),179,Lovington (IL)
Lowpoint-Washburn (IL),5,
Ludington (IL),1,
Lulther Lutheran (IL),1,
Luther (IL),1,
Luther South (IL),2,
Lutheran South (IL),1,
Machesney Park Harlem (IL),526,Machesney Park Harlem (IL)
Mackinaw (IL),8,
Macomb (IL),587,Macomb (IL)
MacOmb Western (IL),58,
Macon (IL),217,Macon (IL)
Macon Meridian (IL),303,Macon Meridian (IL)
Madison (IL),210,Madison (IL)
MadisonSenior (IL),4,Madison (IL)
Mahomet (IL),21,
Mahomet Seymour HS (IL),1,Mahomet-Seymour (IL)
Mahomet-Seymour (IL),557,Mahomet-Seymour (IL)
Malden (IL),10,
Malleman (IL),1,
Manlius (IL),201,Manlius (IL)
Manlius Bureau Valley (IL),337,Manlius Bureau Valley (IL)
Manlius-Tampico (IL),50,
Mansfield (IL),52,
Mansfield-Farmer City (IL),1,
Manteno (IL),230,Manteno (IL)
ManualPeoria (IL),18,
Maple Park Kaneland (IL),568,Maple Park Kaneland (IL)
Marengo (IL),555,Marengo (IL)
Marengo JV (IL),1,
Marian Central Catholic (IL),217,Marian Central Catholic (IL)
Marion (IL),541,Marion (IL)
Maroa (IL),100,Maroa (IL)
Maroa-Forsyth (IL),535,Maroa-Forsyth (IL)
Marseilles (IL),142,Marseilles (IL)
Marshall (IL),533,Marshall (IL)
Martin's Ferry (IL),1,
Martinsville (IL),474,Martinsville (IL)
Maryville (IL),8,
Mascoutah (IL),425,Mascoutah (IL)
Mason City (IL),3,
Mattoon (IL),595,Mattoon (IL)
Maywood AC (IL),1,
Maywood Athletic Club (IL),1,
Maywood Proviso (IL),2,Maywood Proviso East (IL)
Maywood Proviso East (IL),769,Maywood Proviso East (IL)
Maywood Young Men's Club (IL),4,
McComb (IL),1,
McHenry (IL),594,McHenry (IL)
McKendree College (IL),2,
McLean (IL),9,
Mcleansboro (IL),252,Mcleansboro (IL)
McLeansboro Hamilton County (IL),235,McLeansboro Hamilton County (IL)
McNamara (IL),1,
MDR (IL),3,
Media Wever (IL),4,
MediaWever (IL),23,
Melrose Park Walther Christian Aacdemy (IL),9,Melrose Park Walther Christian Academy (IL)
Melrose Park Walther Christian Academy (IL),205,Melrose Park Walther Christian Academy (IL)
Melrose Park Walther Lutheran (IL),332,Melrose Park Walther Lutheran (IL)
Melvin (IL),1,
Mendel (IL),3,
Mendon Unity (IL),198,Mendon Unity (IL)
Mendon Unity Seymour (IL),17,Mendon Unity-Seymour (IL)
Mendon Unity-Seymour (IL),262,Mendon Unity-Seymour (IL)
Mendota (IL),616,Mendota (IL)
Meredosia (IL),123,Meredosia (IL)
Meredosia-Chambersburg (IL),152,Meredosia-Chambersburg (IL)
Metamora (IL),684,Metamora (IL)
"Metamora Opp """"H High"""" (IL)",1,
Metamora Township (IL),1,
Metropolis (IL),2,
Metropolis Massac County (IL),349,Metropolis Massac County (IL)
Metropolis Massac County-Joppa-Maple Grove (IL),79,
Midlothian Bremen (IL),586,Midlothian Bremen (IL)
Mid-State Greenville (IL),2,
Milan Sherrard (IL),1,
Milford Cissna (IL),18,
Milford Coop (IL),51,
Milford Sheldon Coop (IL),9,
Milford Township (IL),267,Milford Township (IL)
Milford-Cissna Park (IL),218,Milford-Cissna Park (IL)
Milledgeville (IL),491,Milledgeville (IL)
Millikin University Scrubs (IL),1,
Minonk (IL),27,
Minonk Fieldcrest (IL),321,Minonk Fieldcrest (IL)
Minonk-Dana (IL),1,
Minonk-Dana-Rutland (IL),191,Minonk-Dana-Rutland (IL)
Minonk-Rutland (IL),1,
Minooka (IL),496,Minooka (IL)
"Moline """"B"""" (IL)",1,
Moline (IL),1028,Moline (IL)
Moline Alumni (IL),5,
Moline East (IL),6,
"Moline Opp """"West"""" (IL)",3,
Momence (IL),1,
Momence Coop (IL),555,Momence Coop (IL)
Momence Momence (IL),18,Momence Coop (IL)
Monmouth (IL),476,Monmouth (IL)
Monmouth Alumni (IL),1,
Monmouth College (IL),1,
Monmouth College Fresh (IL),1,
Monmouth Roseville (IL),21,
Monmouth United-Yorkwood (IL),1,
Monmouth Warren (IL),269,Monmouth Warren (IL)
"Monmouth Warren Opp """"Union"""" (IL)",1,
Monmouth Yorkwood (IL),302,Monmouth Yorkwood (IL)
Monmouth Yorkwood-Westmer (IL),8,
Monmouth-Roseville (IL),189,Monmouth-Roseville (IL)
Monmouth-Yorkwood-Roseville (IL),2,
Monroe Center (IL),10,
Monticello (IL),581,Monticello (IL)
Mooseheart (IL),461,Mooseheart (IL)
Mooseheart JV (IL),3,
Morgan Park Academy (IL),1,
Morris (IL),669,Morris (IL)
Morrison (IL),617,Morrison (IL)
Morton (IL),672,Morton (IL)
Morton Berwyn-Cicero (IL),1,
Morton East (IL),2,
Morton Grove (IL),1,
Morton JV (IL),1,
Morton Park Military Academy (IL),1,
Mounds Meridian (IL),3,
Mount Carmel (IL),1197,Mount Carmel (IL)
Mount Carmel Mt. Carmel (IL),18,Mount Carmel (IL)
Mount Carmel Old Timers (IL),1,
Mount Carroll Coop (IL),218,Mount Carroll Coop (IL)
Mount Carroll Thomson Coop (IL),9,
Mount Carroll West Carroll Coop (IL),9,
Mount Carroll-Thomson (IL),1,
Mount Morris (IL),173,Mount Morris (IL)
Mount Morris College (IL),3,
Mount Morris-Leaf River (IL),1,
Mount Olive Coop (IL),402,Mount Olive Coop (IL)
Mount Prospect (IL),652,Mount Prospect (IL)
Mount Sterling Brown County (IL),534,Mount Sterling Brown County (IL)
Mount Vernon (IL),596,Mount Vernon (IL)
Mount Zion (IL),540,Mount Zion (IL)
Moweaqua (IL),196,Moweaqua (IL)
Moweaqua Central A (IL),18,Moweaqua Central A&M (IL)
Moweaqua Central A&M (IL),353,Moweaqua Central A&M (IL)
Mt. Morris College (IL),2,Mount Morris College (IL)
Mt.Carroll (IL),16,Mount Carroll Coop (IL)
Mulkeytown Zeigler-Royalton (IL),15,
Mundelein (IL),527,Mundelein (IL)
Mundelein Carmel (IL),549,Mundelein Carmel (IL)
Murphysboro (IL),462,Murphysboro (IL)
Murphysboro [Co-op] (IL),11,Murphysboro (IL)
Murphysboro-Elverado (IL),47,
Naperville Central (IL),795,Naperville Central (IL)
Naperville Neuqua Valley (IL),278,Naperville Neuqua Valley (IL)
Naperville North (IL),528,Naperville North (IL)
Naperville Northwestern College Fresh (IL),1,
Naperville South (IL),1,
Naperville Town Team (IL),1,
Nashville (IL),554,Nashville (IL)
Naval ROTC (IL),1,
Neponset (IL),65,
New Berlin (IL),226,New Berlin (IL)
New Berlin Franklin Coop (IL),10,
New Berlin Waverly (IL),19,
New Berlin-Franklin-Waverly (IL),169,New Berlin-Franklin-Waverly (IL)
New Lennox Providence Catholic (IL),2,New Lenox Providence Catholic (IL)
New Lenox Joliet Catholic Academy (IL),1,
New Lenox Lincoln Way Central (IL),21,New Lenox Lincoln-Way Central (IL)
New Lenox Lincoln Way West (IL),19,New Lenox Lincoln-Way West (IL)
New Lenox Lincoln-Way (IL),134,New Lenox Lincoln-Way (IL)
New Lenox Lincoln-Way Central (IL),536,New Lenox Lincoln-Way Central (IL)
New Lenox Lincoln-Way West (IL),156,New Lenox Lincoln-Way West (IL)
New Lenox Providence Catholic (IL),618,New Lenox Providence Catholic (IL)
New Windsor Winola (IL),49,
Newman (IL),234,Newman (IL)
Newman-Annawan (IL),1,
Newman-Shiloh (IL),8,
Newton (IL),533,Newton (IL)
Newton North (IL),13,
Niantic Sangamon Valley (IL),93,
Niantic Tri City (IL),18,
Niantic Tri-City-Sangamon Valley (IL),176,Niantic Tri-City-Sangamon Valley (IL)
Niantic-Harristown (IL),155,Niantic-Harristown (IL)
Nicantic-Harristown (IL),1,
Niles East (IL),1,
Niles Notre (IL),22,
Niles Notre Dame (IL),657,Niles Notre Dame (IL)
Niles Notre Dame JV (IL),3,
Nokomis Coop (IL),9,
Nokomis-Lincolnwood (IL),16,
Nokomis-Ramsey (IL),28,
Nokomis-Ramsey-Lincolnwood (IL),463,Nokomis-Ramsey-Lincolnwood (IL)
Normal (IL),3,
Normal Community (IL),854,Normal Community (IL)
"Normal Community Opp """"St. Mary's"""" (IL)",1,
Normal University (IL),22,Normal University High (IL)
Normal University High (IL),580,Normal University High (IL)
Normal Universiy High (IL),1,Normal University High (IL)
Normal West (IL),307,Normal West (IL)
Norridge Ridgewood (IL),557,Norridge Ridgewood (IL)
Norris City (IL),6,
North Central-Hall (IL),2,
North Chicago (IL),544,North Chicago (IL)
North Egypt Salem (IL),1,
North FultonCoop (IL),7,
North Knox (IL),2,
North Park Academy (IL),26,
Northbrook Glenbrook (IL),4,Northbrook Glenbrook North (IL)
Northbrook Glenbrook North (IL),583,Northbrook Glenbrook North (IL)
Northern Illinois University (IL),15,
Northfield New Trier West (IL),132,Northfield New Trier West (IL)
Northlake Leyden (IL),29,
Northlake West Leydan (IL),2,Northlake West Leyden (IL)
Northlake West Leyden (IL),146,Northlake West Leyden (IL)
Northwest Academy (IL),1,
Northwestern College (IL),9,
Northwestern University Dental School (IL),1,
Northwestern-LaHarpe Central (IL),2,
Notre Dame University Corby Hall (IL),1,Notre Dame University Corby Hall (IN)
Oak Forest (IL),504,Oak Forest (IL)
Oak Lawn (IL),568,Oak Lawn (IL)
Oak Lawn Richards (IL),688,Oak Lawn Richards (IL)
Oak Park Alumni (IL),3,
Oak Park Fenwick (IL),828,Oak Park Fenwick (IL)
Oak Park Lightweights (IL),1,
Oak Park Oak Park (IL),18,
Oak Park-River Forest (IL),983,Oak Park-River Forest (IL)
Oakland (IL),259,Oakland (IL)
Oakland Coop (IL),56,
Oakland Kansas Coop (IL),97,
Oakland-Kansas-Shiloh (IL),1,
Oblong (IL),426,Oblong (IL)
Oblong-Hutsonville-Palestine (IL),41,
Ofallon (IL),19,
O'Fallon (IL),490,O'Fallon (IL)
Ogden (IL),2,
Ohio Community (IL),105,Ohio Community (IL)
Olney (IL),1,
Olney East Richland (IL),605,Olney East Richland (IL)
Olney East Richland-West Richland (IL),47,
Olney Township (IL),17,
Olympia Fields Rich Central (IL),575,Olympia Fields Rich Central (IL)
Olympia Fields Rich Township (IL),40,
Onarga (IL),122,Onarga (IL)
Onarga Grand Prairie Seminary (IL),1,
Onarga MilitaryAcademy (IL),30,
Oneida ROWVA (IL),287,Oneida ROWVA (IL)
Oneida Rowva Williamsfield (IL),18,
Oneida ROWVA-Williamsfield (IL),27,
Onley East Richland (IL),1,
Orangeville (IL),444,Orangeville (IL)
Oregon (IL),510,Oregon (IL)
Oregon JV (IL),1,
Orion (IL),546,Orion (IL)
Orland Park (IL),2,
Orland Park Carl Sandburg (IL),677,Orland Park Carl Sandburg (IL)
Orland Park Sandburg (IL),19,Orland Park Carl Sandburg (IL)
Oswego (IL),626,Oswego (IL)
Oswego East (IL),195,Oswego East (IL)
"Oswego Opp """"Simmons"""" (IL)",1,
"Oswego Opp """"Waldo"""" (IL)",1,
Ottawa (IL),18,
Ottawa Hills (IL),2,
Ottawa Marquette (IL),18,Ottawa Marquette Academy (IL)
Ottawa Marquette Academy (IL),574,Ottawa Marquette Academy (IL)
Ottawa Township (IL),620,Ottawa Township (IL)
Palatine (IL),662,Palatine (IL)
Palatine Fremd (IL),568,Palatine Fremd (IL)
Palestine Coop (IL),241,Palestine Coop (IL)
Palestine Hutsonville Coop (IL),10,
Palestine Hutsonville Palestine (IL),16,
Palmer (IL),1,
Palmyra (IL),41,
Palmyra Northwestern (IL),254,Palmyra Northwestern (IL)
Palmyra Northwestern-Avon (IL),1,
Palmyra Northwestern-Waverly (IL),1,
Palmyra Southwestern (IL),1,
Palos Heights Chicago Christian (IL),498,Palos Heights Chicago Christian (IL)
Palos Heights Shepard (IL),478,Palos Heights Shepard (IL)
Palos Hills Stagg (IL),541,Palos Hills Stagg (IL)
Pana (IL),20,Pana Coop (IL)
Pana Coop (IL),529,Pana Coop (IL)
Paris (IL),496,Paris (IL)
"Paris Opp """"Garfield"""" (IL)",1,
Park Forest (IL),1,
Park Forest Rich East (IL),544,Park Forest Rich East (IL)
Park Ridge Maine East (IL),693,Park Ridge Maine East (IL)
Park Ridge Maine South (IL),725,Park Ridge Maine South (IL)
Park Ridge Maine Township (IL),7,
Pars (IL),1,
Pawnee Coop (IL),548,Pawnee Coop (IL)
Pawnee-Divernon (IL),21,
Pawnee-Lincolnwood (IL),43,
Paxton (IL),228,Paxton (IL)
Paxton Buckley (IL),20,
Paxton-Buckley-Loda (IL),330,Paxton-Buckley-Loda (IL)
Pearl City (IL),151,Pearl City (IL)
Pearl City Eastland Coop (IL),221,Pearl City Eastland Coop (IL)
Pearl City Pearl City (IL),20,
Pecatonica (IL),365,Pecatonica (IL)
Pekin (IL),583,Pekin (IL)
Peoria (IL),630,Peoria (IL)
Peoria Bergan (IL),174,Peoria Bergan (IL)
Peoria Central (IL),18,
Peoria Christian (IL),3,
Peoria Heights (IL),395,Peoria Heights (IL)
Peoria Heights-Quest Charter Academy (IL),57,
Peoria Kingman (IL),1,
Peoria Manual (IL),19,Peoria Manual Academy (IL)
Peoria Manual Academy (IL),555,Peoria Manual Academy (IL)
Peoria Manual Training (IL),2,
Peoria Notre (IL),19,Peoria Notre Dame (IL)
Peoria Notre Dame (IL),336,Peoria Notre Dame (IL)
Peoria Pleasant Valley (IL),3,
Peoria Quest Charter Academy (IL),5,
Peoria Richwoods (IL),731,Peoria Richwoods (IL)
"Peoria Richwoods Opp """"Morton"""" (IL)",1,
Peoria Spalding Institute (IL),219,Peoria Spalding Institute (IL)
Peoria Woodruff (IL),405,Peoria Woodruff (IL)
Peotone (IL),19,
Peotone Coop (IL),429,Peotone Coop (IL)
"Perkin Opp """"Central"""" (IL)",1,
Peru Saint Bede (IL),537,Peru St. Bede (IL)
Peru St. Bede (IL),537,
Petersberg Porta (IL),1,Petersburg Porta Ashland (IL)
Petersburg Porta Ashland (IL),16,Petersburg Porta Ashland (IL)
Petersburg PORTA-Ashland-Chandlerville Central (IL),408,Petersburg PORTA-Ashland-Chandlerville Central (IL)
Petersburg PORTA-Greenview (IL),28,
Piasa Northwestern (IL),1,
Piasa Southwestern (IL),435,Piasa Southwestern (IL)
Piasa Southwestern Piasa (IL),18,Piasa Southwestern (IL)
Pinckneyville (IL),447,Pinckneyville (IL)
Piper City (IL),1,Piper City Ford Central (IL)
Piper City Ford Central (IL),3,Piper City Ford Central (IL)
Piper City Ford Central-Tri-Point (IL),3,
Piper CityFord Central (IL),213,Piper City Ford Central (IL)
Pittsfield Coop (IL),385,Pittsfield Coop (IL)
Pittsfield Griggsville-Perry Coop (IL),130,Pittsfield Griggsville-Perry Coop (IL)
Plainfield (IL),337,Plainfield (IL)
Plainfield Central (IL),206,Plainfield Central (IL)
Plainfield East (IL),151,Plainfield East (IL)
Plainfield North (IL),193,Plainfield North (IL)
Plainfield South (IL),218,Plainfield South (IL)
Plainfield Westmere (IL),4,
Plano (IL),504,Plano (IL)
Pleasant Hill Barry-West Pike Coop (IL),24,
Pleasant Hill Coop (IL),290,Pleasant Hill Coop (IL)
Pleasant Hill-Western (IL),166,Pleasant Hill-Western (IL)
Pleasant Plains (IL),216,Pleasant Plains (IL)
Polo (IL),509,Polo (IL)
Pontiac (IL),631,Pontiac (IL)
Poplar Grove (IL),2,Poplar Grove North Boone (IL)
Poplar Grove North Boone (IL),472,Poplar Grove North Boone (IL)
Port Byron Riverdale (IL),542,Port Byron Riverdale (IL)
Prairie City (IL),1,Bushnell Prairie City (IL)
Princeton Coop (IL),634,Princeton Coop (IL)
Princeton-Ohio (IL),55,
Princeville (IL),522,Princeville (IL)
Princeville-Wyoming (IL),3,
Prophetstown (IL),312,Prophetstown (IL)
Proviso (IL),7,
Quincy (IL),636,Quincy (IL)
Quincy Catholic Boys (IL),3,
Quincy Christian Brothers (IL),35,
Quincy Notre (IL),21,Quincy Notre Dame (IL)
Quincy Notre Dame (IL),460,Quincy Notre Dame (IL)
Quincy Notre Dame? (IL),1,Quincy Notre Dame (IL)
Rantoul (IL),516,Rantoul (IL)
Red Bud (IL),354,Red Bud (IL)
Reddick (IL),161,Reddick (IL)
Reynolds (IL),1,
Rich TownshipOlympia Fields (IL),2,
Richmond-Burton (IL),548,Richmond-Burton (IL)
"Richmond-Burton Opp """"St. Mary's"""" (IL)",1,
Richton Park Rich South (IL),452,Richton Park Rich South (IL)
Richton Park Rich Township (IL),1,
Richview (IL),1,
Ridge Farm (IL),38,
Ridgewood [AlWood/Cambridge] (IL),10,
Rio-Oneida-Wataga-Victoria-Altona-Galva-Williamsfield (IL),226,Rio-Oneida-Wataga-Victoria-Altona-Galva-Williamsfield (IL)
River Forest (IL),9,
River Forest Trinity (IL),26,
River Grove Guerin College Prep (IL),153,
River Grove Guerin College Preparatory (IL),153,River Grove Guerin College Prep (IL)
River Grove Guerin Prep (IL),1,River Grove Guerin College Prep (IL)
River Grove Holy Cross (IL),307,River Grove Holy Cross (IL)
Riverside-Brookfield (IL),713,Riverside-Brookfield (IL)
Riverton (IL),387,Riverton (IL)
Robinson (IL),540,Robinson (IL)
Rochelle (IL),662,Rochelle (IL)
Rochester (IL),364,Rochester (IL)
Rock Falls (IL),591,Rock Falls (IL)
"Rock Falls Opp """"St. Mary's"""" (IL)",1,
Rock Isaland Alleman (IL),1,Rock Island Alleman (IL)
Rock Island (IL),1079,Rock Island (IL)
Rock Island Alleman (IL),608,Rock Island Alleman (IL)
Rock Island Alleman Catholic (IL),1,
Rock Island Alumni (IL),4,
Rock Island St. Joseph's (IL),9,
Rock Valley College (IL),1,
Rockford (IL),188,Rockford (IL)
Rockford Auburn (IL),458,Rockford Auburn (IL)
Rockford Boylan (IL),19,Rockford Boylan Catholic (IL)
Rockford Boylan Catholic (IL),608,Rockford Boylan Catholic (IL)
Rockford Burton (IL),1,
Rockford Christian (IL),235,Rockford Christian (IL)
Rockford Christian JV (IL),1,
Rockford Christian Life (IL),191,Rockford Christian Life (IL)
Rockford Christian Life-Keith Country Day (IL),6,
Rockford Christian Life-Keith Country Day-Our Lady of the Sacred Heart Academy (IL),21,
Rockford East (IL),583,Rockford East (IL)
Rockford Easy JV (IL),1,
Rockford Guilford (IL),483,Rockford Guilford (IL)
Rockford Guilford JV (IL),1,
Rockford Jefferson (IL),392,Rockford Jefferson (IL)
Rockford Jefferson J (IL),19,
rockford Lightweights (IL),1,
Rockford Lutheran (IL),412,Rockford Lutheran (IL)
Rockford Marian Central (IL),1,
Rockford Our Lady of the Sacred Heart (IL),1,Rockford Our Lady of the Sacred Heart Academy (IL)
Rockford Our Lady of the Sacred Heart Academy (IL),13,Rockford Our Lady of the Sacred Heart Academy (IL)
Rockford St. Thomas (IL),11,
Rockford Turner (IL),7,
Rockford West (IL),271,Rockford West (IL)
Rockford West JV (IL),4,
Rockton Hononegah (IL),655,Rockton Hononegah (IL)
"Rockton Hononegah Opp """"Junior Athletics"""" (IL)",1,
Rolling Meadows (IL),535,Rolling Meadows (IL)
Romeoville (IL),522,Romeoville (IL)
Roodhouse (IL),1,
Roselle Lake Park (IL),584,Roselle Lake Park (IL)
Roseville (IL),247,Roseville (IL)
Rossville Alvin (IL),194,Rossville Alvin (IL)
Rossville-Alvin-Armstrong-Potomac (IL),1,
Round Lake (IL),521,Round Lake (IL)
Roxana (IL),514,Roxana (IL)
Rushville (IL),344,Rushville (IL)
Rushville-Hamilton (IL),1,
Rushville-Industry Coop (IL),209,Rushville-Industry Coop (IL)
Russellville (IL),1,
Saint Anne St. Anne (IL),20,
Saint Charles (IL),52,
Saint Charles East (IL),448,Saint Charles East (IL)
Saint Charles North (IL),438,Saint Charles North (IL)
Saint Charles Valley Lutheran (IL),103,Saint Charles Valley Lutheran (IL)
Saint Elmo (IL),6,
Saint Jacob Triad (IL),29,
Saint Joseph (IL),24,
Saint Joseph-Ogden (IL),535,Saint Joseph-Ogden (IL)
Saint Laurence (IL),25,Burbank St. Laurence (IL)
Salem (IL),645,Salem (IL)
Sandwich (IL),461,Sandwich (IL)
Saunemin (IL),40,
Savanna (IL),147,Savanna (IL)
Savanna Community (IL),229,Savanna Community (IL)
Savanna West Carroll (IL),19,Savanna West Carroll Coop (IL)
Savanna West Carroll Coop (IL),180,Savanna West Carroll Coop (IL)
Savannah West Carroll (IL),5,
Saybrook-Arrowsmith (IL),35,
Schaumberg (IL),1,
Schaumburg (IL),533,Schaumburg (IL)
"Schaumburg Opp """"NC"""" (IL)",1,
Sciota Northwestern (IL),304,Sciota Northwestern (IL)
Sciota Northwestern-La Harpe (IL),11,
Sciota West Prairie (IL),144,Sciota West Prairie (IL)
Sciota West Prairie-Bushnell-Prairie City (IL),52,
Sciota West Prairie-Southeastern (IL),17,
Scottland (IL),1,
Seneca (IL),474,Seneca (IL)
Sesser (IL),17,
Sesser-Valier (IL),318,Sesser-Valier (IL)
Sesser-Valier-Waltonville (IL),46,
Sesser-Valier-Waltonville-Woodlawn (IL),117,Sesser-Valier-Waltonville-Woodlawn (IL)
Sheffield (IL),7,
Shelbyville (IL),19,
Shelbyville Coop (IL),494,Shelbyville Coop (IL)
Shelbyville-Stewardson-Strasburg (IL),9,
Sheldon (IL),1,
Sheridan Illinios State Reformatory (IL),8,
Sherrard (IL),532,Sherrard (IL)
Shiloh (IL),1,
Shurtleff College (IL),1,
Sidel Jamaica (IL),1,
Sidell (IL),3,
Sidell Jamaica-Catlin (IL),373,Sidell Jamaica-Catlin (IL)
Sidell Salt Fork (IL),112,Sidell Salt Fork (IL)
Skokie Ida CrownJewish Academy (IL),1,
Skokie Morton Grove (IL),1,
Skokie Niles (IL),62,
Skokie Niles Center (IL),1,
Skokie Niles East (IL),164,Skokie Niles East (IL)
Skokie Niles North (IL),544,Skokie Niles North (IL)
Skokie Niles West (IL),562,Skokie Niles West (IL)
Somonauk (IL),1,
Soutal (IL),1,
South Beloit (IL),419,South Beloit (IL)
South Chicago (IL),1,
South Elgin (IL),192,South Elgin (IL)
South Holland Seton Academy (IL),30,
South Holland Thornwood (IL),501,South Holland Thornwood (IL)
South Piatt (IL),27,
South Wayne (WI)-Warren (IL),21,
Southern (IL),1,
Southern Piatt (IL),2,
Sparta Steeleville (IL),16,Sparta-Steeleville (IL)
Sparta-Steeleville (IL),454,Sparta-Steeleville (IL)
Spaulding (IL),6,
Spring Valley Hall (IL),606,Spring Valley Hall (IL)
Spring Valley Hall Putnam (IL),7,Spring Valley Hall-Putnam County (IL)
Spring Valley Hall-Putnam County (IL),8,Spring Valley Hall-Putnam County (IL)
Springfield (IL),597,Springfield (IL)
Springfield Cathedral (IL),14,
Springfield Feitshans (IL),17,
Springfield Lanphier (IL),508,Springfield Lanphier (IL)
Springfield Lincoln (IL),1,
Springfield Sacred Heart (IL),23,
Springfield Sacred Heart-Griffin (IL),625,Springfield Sacred Heart-Griffin (IL)
Springfield Southeast (IL),473,Springfield Southeast (IL)
Springfield Southwest (IL),2,
Springfield St. James (IL),1,
Springfield Ursuline (IL),22,
Springs Valley (IL),1,
Springview (IL),1,
St. Ambrose (IL),6,
St. Anne (IL),23,
St. Anne Community (IL),56,
St. Charles Home for Boys (IL),3,
St. Elmo (IL),113,St. Elmo (IL)
St. Jacobs (IL),1,
St. Jacobs Triad (IL),1,
St. Jacob-Triad (IL),102,St. Jacob-Triad (IL)
St. Joseph (IL),1,
St. Joseph-Ogden (IL),1,
St. Josephs (IL),1,
St. Joseph's (IL),3,
St. Louis Beaumont (IL),5,St. Louis Beaumont (MO)
St. Louis University (IL),1,St. Louis University (MO)
St. Louis University Prep (IL),1,St. Louis University Prep (MO)
St. Louis Unversity Undergrads (IL),2,St. Louis Unversity Undergrads (MO)
St. Mary College (IL),1,
St. Thomas (IL),1,
Stagg (IL),1,
Stanford Olympia (IL),414,Stanford Olympia (IL)
Stanford Olympia-Delavan (IL),34,
Staunton (IL),396,Staunton (IL)
Staunton Bunker (IL),17,Staunton-Bunker Hill (IL)
Staunton-Bunker Hill (IL),24,Staunton-Bunker Hill (IL)
Staunton-Mt. Olive (IL),14,
Stearn's Academy (IL),1,
Sterling (IL),675,Sterling (IL)
Sterling Community (IL),1,
Sterling Morton (IL),1,
Sterling Newman Central (IL),18,Sterling Newman Central Catholic (IL)
Sterling Newman Central Catholic (IL),602,Sterling Newman Central Catholic (IL)
"Sterling Newman Central Catholic Opp """"St. Thomas"""" (IL)",1,
"Sterling Opp """"Community"""" (IL)",1,
Stewardson-Strasburg (IL),1,
Stillman Valley (IL),566,Stillman Valley (IL)
Stockton (IL),532,Stockton (IL)
Stonington (IL),6,
Streamwood (IL),432,Streamwood (IL)
Streator (IL),18,
"Streator Opp """"Central"""" (IL)",1,
Streator Township (IL),558,Streator Township (IL)
Streator Woodland (IL),344,Streator Woodland (IL)
Stronghurst (IL),3,
Stronghurst Southern (IL),310,Stronghurst Southern (IL)
Sullivan Coop (IL),374,Sullivan Coop (IL)
Sullivan Okaw (IL),12,Sullivan-Okaw Valley Coop (IL)
Sullivan-Okaw Valley Coop (IL),104,Sullivan-Okaw Valley Coop (IL)
Sullivan-Okaw Valley-Bethany (IL),61,
Summit Argo (IL),589,Summit Argo (IL)
Sycamore (IL),608,Sycamore (IL)
Sycamore St. Alban's Academy (IL),3,
Table Grove (IL),1,
"Table Grove V.I.T. Opp """"Valley"""" (IL)",1,
Table Grove VIT (IL),224,Table Grove VIT (IL)
Tampico (IL),208,Tampico (IL)
Taylor Ridge Rockridge (IL),567,Taylor Ridge Rockridge (IL)
Taylorville (IL),586,Taylorville (IL)
Tazewell-Washington (IL),2,
Thornton (IL),2,
Thornton Fractional (IL),44,Calumet City Thornton Fractional (IL)
Thornton Harvey (IL),1,
Tinley Park (IL),563,Tinley Park (IL)
Tinley Park Andrew (IL),473,Tinley Park Andrew (IL)
"Tinley Park Andrew Opp """"St. Joe"""" (IL)",1,
Tiskilwa (IL),143,Tiskilwa (IL)
Tiskilwa Crossroads (IL),41,
Tiskitwa (IL),6,
Toledo Cumberland (IL),475,Toledo Cumberland (IL)
Tolono Community (IL),40,
Tolono Unity (IL),569,Tolono Unity (IL)
Toulon (IL),218,Toulon (IL)
Toulon Stark County (IL),409,Toulon Stark County (IL)
Toulon-LaFayette (IL),1,
Tremont (IL),522,Tremont (IL)
Trenton Wesclin (IL),210,Trenton Wesclin (IL)
Triopia (IL),1,
Troy St. Jacob-Triad (IL),23,
Troy Triad (IL),353,Troy Triad (IL)
Tuscola (IL),598,Tuscola (IL)
Union (IL),6,
Univeristy High (IL),1,
University of Chicago 2nds (IL),3,
University of Chicago Charter (IL),98,
University of Chicago Prep (IL),1,
Urban Prep-Englewood (IL),83,
Urbana (IL),603,Urbana (IL)
Urbana University High (IL),1,
Vandalia (IL),23,
Vandalia Coop (IL),471,Vandalia Coop (IL)
Vandalia-Brownstown (IL),31,
Varna Midland (IL),48,
Varna River Valley [Midland-Henry-Senachwine-Lowpoint-Washburn] (IL),126,Varna River Valley [Midland-Henry-Senachwine-Lowpoint-Washburn] (IL)
Vermilion Grove (IL),1,
Vernon Hills (IL),250,Vernon Hills (IL)
Vienna (IL),19,
Vienna Goreville (IL),5,
Vienna-Goreville (IL),105,Vienna-Goreville (IL)
Villa Grove-Heritage (IL),523,Villa Grove-Heritage (IL)
Villa Park Willowbrook (IL),662,Villa Park Willowbrook (IL)
Viola Township (IL),1,
Viola Winola (IL),153,Viola Winola (IL)
Virden (IL),300,Virden (IL)
Virden North Mac (IL),154,Virden North Mac (IL)
Virginia (IL),237,Virginia Coop (IL)
Virginia A-C Central (IL),9,
Virginia Coop (IL),77,Virginia Coop (IL)
Virginia-Ashland-Chandlerville Central (IL),29,
Virigina (IL),1,Virginia Coop (IL)
Walker (IL),1,
Walnut (IL),65,Walnut Community (IL)
Walnut Community (IL),214,Walnut Community (IL)
Walnut-La Moille (IL),45,
Warren (IL),586,Warren (IL)
Warren Elizabeth-River Ridge (IL),2,
Warren River Ridge Coop (IL),66,
Warren Township (IL),2,
Warren-Our Lady of the Sacred Heart (IL),20,
Warrensburg-Latham (IL),503,Warrensburg-Latham (IL)
Warrenville (IL),1,
Warsaw (IL),148,Warsaw (IL)
Warsaw Coop (IL),45,Warsaw (IL)
Warsaw Nauvoo-Colusa Coop (IL),27,
Washington (IL),705,Washington (IL)
Washington Illinois Central Christian (IL),1,
Washington University Freshman (IL),1,
Washington-Tazewell (IL),2,
Waterloo (IL),351,Waterloo (IL)
Waterloo West (IL),1,
Watseka Coop (IL),530,Watseka Coop (IL)
Watseka IroquoisCounty (IL),5,
Watseka-Donovan (IL),9,
Watseka-St. Anne (IL),20,
Wauconda (IL),540,Wauconda (IL)
Waukegan (IL),557,Waukegan (IL)
Waukegan East (IL),135,Waukegan East (IL)
Waukegan Reserves (IL),2,
Waukegan St. Martin De Porres (IL),32,
Waukegan West (IL),143,Waukegan West (IL)
Waverly (IL),96,
Waverly Community (IL),4,
Webster Groves (IL),13,
Wego (IL),1,
Wellington (IL),3,
West Chicago (IL),568,West Chicago (IL)
West Chicago Wheaton Academy (IL),211,West Chicago Wheaton Academy (IL)
West Chicago Wheaton Christian (IL),98,
West Frankfort (IL),492,West Frankfort (IL)
West Frankfort Frankfort (IL),17,
West Hancock co-op [Hamilton-Nauvoo-Colusa-Warsaw] (IL),11,
West Moline (IL),1,
West Prairie-La Harpe (IL),5,
Westchester Saint Joseph (IL),387,Westchester St. Joseph (IL)
Westchester St. Joseph (IL),3,Westchester St. Joseph (IL)
Western (IL),35,
"Western Opp """"Memorial"""" (IL)",1,
Western-DePue-Wyanet (IL),17,Western-Wyanet-DePue (IL)
Western-Wyanet (IL),21,Western-Wyanet-DePue (IL)
Western-Wyanet-DePue (IL),10,Western-Wyanet-DePue (IL)
Westerville (IL),1,
Westmont (IL),409,Westmont (IL)
Westville (IL),531,Westville (IL)
Westwood College (IL),1,
Wheaton (IL),142,Wheaton (IL)
Wheaton Central (IL),298,Wheaton Central (IL)
Wheaton College (IL),1,
Wheaton North (IL),646,Wheaton North (IL)
Wheaton Saint Francis (IL),577,Wheaton St. Francis (IL)
Wheaton South (IL),1,
Wheaton St Francis (IL),1,Wheaton St. Francis (IL)
Wheaton St. Francis (IL),581,
Wheaton Warrenville (IL),95,
Wheaton Warrenville South (IL),466,Wheaton Warrenville South (IL)
Wheaton Warrenville South Alumni (IL),1,
Wheaton West (IL),1,
Wheeling (IL),554,Wheeling (IL)
White Hall (IL),32,
White Hall North Greene (IL),453,White Hall North Greene (IL)
Williamsville (IL),453,Williamsville (IL)
Willow Hill Township (IL),2,
Wilmette Loyola Academy (IL),809,Wilmette Loyola Academy (IL)
Wilmington (IL),586,Wilmington (IL)
Wilson (IL),1,
Winchester (IL),299,Winchester (IL)
Winchester West Central (IL),18,Winchester West Central Coop (IL)
Winchester West Central Coop (IL),20,Winchester West Central Coop (IL)
Winchester-Bluffs West Central co-op (IL),165,Winchester-Bluffs West Central co-op (IL)
Windsor (IL),1,
Winnebago (IL),497,Winnebago (IL)
Winnebago St. Mary's (IL),1,
Winnebago-Pecatonica (IL),5,
Winnetka New Trier (IL),661,
Winnetka New Trier Alumni (IL),2,
Winnetka New Trier East (IL),402,Winnetka New Trier East (IL)
Winnetka New Trier West (IL),5,
Winnetka North Shore Country Day (IL),374,Winnetka North Shore Country Day (IL)
WinnetkaNewTrier (IL),651,Winnetka New Trier (IL)
Winslow (IL),2,
Wood River East Alton (IL),94,
Woodhull (IL),5,
Woodhull AlWood (IL),326,Woodhull AlWood (IL)
Woodhull Ridgewood [AlWood-Cambridge] (IL),125,Woodhull Ridgewood [AlWood-Cambridge] (IL)
Woodhull Ridgewood Alwood (IL),20,
WoodlawnCommunity (IL),1,
Woodstock (IL),641,Woodstock (IL)
Woodstock Marian Catholic Central (IL),524,Woodstock Marian Catholic Central (IL)
"Woodstock Marian Catholic Central Opp """"St. Mary's"""" (IL)",1,
Woodstock North (IL),152,Woodstock North (IL)
Wyandotte Roosevelt (IL),1,
Wyanet (IL),161,Wyanet (IL)
Wynette (IL),3,Wyanet (IL)
Wyoming Community (IL),187,Wyoming Community (IL)
Wyoming Stark County (IL),30,
Wyoming-Princeville (IL),13,
Yorkville (IL),506,Yorkville (IL)
Yorkville Parkview Christian Academy (IL),9,
Yorkville Town Team (IL),2,
Yorkwood-Roseville (IL),5,
Zeigler (IL),2,
Zeigler-Royalton (IL),118,Zeigler-Royalton (IL)
Zion-Benton (IL),584,Zion-Benton (IL)
