Alias_Name,GameCount,Standardized_Name
Akron Tippecanoe Valley (IN),521,Akron Tippecanoe Valley (IN)
Albion Central Noble (IN),508,Albion Central Noble (IN)
Alexandria-Monroe (IN),529,Alexandria-Monroe (IN)
Anderson (IN),508,Anderson (IN)
Anderson Highland (IN),380,Anderson Highland (IN)
Anderson Madison-Heights (IN),198,Anderson Madison-Heights (IN)
Angola (IN),529,Angola (IN)
Arcadia Hamilton Heights (IN),571,Arcadia Hamilton Heights (IN)
Attica (IN),490,Attica (IN)
Auburn (IN),166,Auburn (IN)
Aurora South Dearborn (IN),443,Aurora South Dearborn (IN)
Avon (IN),532,Avon (IN)
Batesville (IN),508,Batesville (IN)
Bedford (IN),154,Bedford (IN)
Bedford North Lawrence (IN),521,Bedford North Lawrence (IN)
Bedford-North Lawrence (IN),2,Bedford North Lawrence (IN)
Beech Grove (IN),531,Beech Grove (IN)
Berne South Adams (IN),534,Berne South Adams (IN)
Bicknell (IN),260,Bicknell (IN)
Bicknell North Knox (IN),690,Bicknell North Knox (IN)
Bloomfield Eastern Greene (IN),240,Bloomfield Eastern Greene (IN)
Bloomington (IN),646,Bloomington (IN)
Bloomington North (IN),538,Bloomington North (IN)
Bloomington South (IN),579,Bloomington South (IN)
Bloomington Indiana University (IN),1,Bloomington University High (IN)
Bloomington Indiana University High (IN),3,Bloomington University High (IN)
Bloomington University (IN),12,Bloomington University High (IN)
Bloomington University High (IN),1,Bloomington University High (IN)
Bluffton (IN),681,Bluffton (IN)
Boonville (IN),1087,Boonville (IN)
Bourbon Triton (IN),496,Bourbon Triton (IN)
Brazil (IN),130,Brazil (IN)
Brazil Northview (IN),461,Brazil Northview (IN)
Bremen (IN),620,Bremen (IN)
Brookville Franklin County (IN),452,Brookville Franklin County (IN)
Brownsburg (IN),546,Brownsburg (IN)
Brownstown Central (IN),562,Brownstown Central (IN)
Bunker Hill Maconaquah (IN),494,Bunker Hill Maconaquah (IN)
Butler Eastside (IN),515,Butler Eastside (IN)
Cambridge City Lincoln (IN),443,Cambridge City Lincoln (IN)
Campbellsburg West Washington (IN),501,Campbellsburg West Washington (IN)
Cannelton (IN),118,Cannelton (IN)
Carmel (IN),787,Carmel (IN)
Cayuga North Vermillion (IN),524,Cayuga North Vermillion (IN)
Cedar Lake Hanover Central (IN),135,Cedar Lake Hanover Central (IN)
Centerville (IN),461,Centerville (IN)
Chalmers Frontier (IN),507,Chalmers Frontier (IN)
Charleston (IN),1,Charlestown (IN)
Charlestown (IN),559,Charlestown (IN)
Charlottesville Eastern Hancock (IN),492,Charlottesville Eastern Hancock (IN)
Chesterton (IN),669,Chesterton (IN)
Chicago Hyde Park (IN),1,Chicago Hyde Park (IL)
Churubusco (IN),523,Churubusco (IN)
Clarksville (IN),534,Clarksville (IN)
Clarksville Our Lady of Providence (IN),2,Clarksville Providence (IN)
Clarksville Providence (IN),611,Clarksville Providence (IN)
Clayton Cascade (IN),493,Clayton Cascade (IN)
Clayton Cascades (IN),1,Clayton Cascade (IN)
Clinton (IN),106,Clinton (IN)
Clinton South Vermillion (IN),469,Clinton South Vermillion (IN)
Cloverdale (IN),480,Cloverdale (IN)
Columbia City (IN),689,Columbia City (IN)
Columbus East (IN),568,Columbus East (IN)
Columbus North (IN),622,Columbus North (IN)
Connersville (IN),508,Connersville (IN)
Converse Oak Hill (IN),526,Converse Oak Hill (IN)
Corydon Central (IN),489,Corydon Central (IN)
Covington (IN),434,Covington (IN)
Crawfordsville (IN),562,Crawfordsville (IN)
Crawfordsville North Montgomery (IN),519,Crawfordsville North Montgomery (IN)
Crawfordsville Southmont (IN),502,Crawfordsville Southmont (IN)
Crown Point (IN),863,Crown Point (IN)
Culver Community (IN),525,Culver Community (IN)
Culver Military Academy (IN),633,Culver Military Academy (IN)
"Culver Military """"B"""" (IN)",8,Culver Military Academy B (IN)
Culver Military B (IN),1,Culver Military Academy B (IN)
Danville Community (IN),544,Danville Community (IN)
Decatur Bellmont (IN),526,Decatur Bellmont (IN)
Delphi Community (IN),522,Delphi Community (IN)
Denver North Miami (IN),513,Denver North Miami (IN)
Dugger Union (IN),523,Dugger Union (IN)
East Chicago Central (IN),464,East Chicago Central (IN)
East Chicago Roosevelt (IN),563,East Chicago Roosevelt (IN)
East Chicago Washington (IN),399,East Chicago Washington (IN)
Edinburgh (IN),456,Edinburgh (IN)
Edison Lake Station (IN),20,Edison Lake Station Edison (IN)
Edison Lake Station Edison (IN),462,Edison Lake Station Edison (IN)
Elkhart Central (IN),1164,Elkhart Central (IN)
Elkhart Concord (IN),570,Elkhart Concord (IN)
Elkhart Memorial (IN),531,Elkhart Memorial (IN)
Ellettsville Edgewood (IN),516,Ellettsville Edgewood (IN)
Elnora North Daviess (IN),555,Elnora North Daviess (IN)
Elwood (IN),564,Elwood (IN)
Evansville (IN),902,Evansville (IN)
Evansville Bosse (IN),1190,Evansville Bosse (IN)
Evansville Boys Catholic (IN),8,Evansville Boys' Catholic (IN)
Evansville Boys' Catholic (IN),770,Evansville Boys' Catholic (IN)
Evansville Central (IN),1010,Evansville Central (IN)
Evansville Harrison (IN),789,Evansville Harrison (IN)
Evansville Mater Dei (IN),943,Evansville Mater Dei (IN)
Evansville North (IN),811,Evansville North (IN)
Evansville Reitz (IN),1262,Evansville Reitz (IN)
Evansville Reitz Memorial (IN),1001,Evansville Reitz Memorial (IN)
Evansville Rex Mundi (IN),117,Evansville Rex Mundi (IN)
Fairland Triton Central (IN),530,Fairland Triton Central (IN)
Fairmount Madison Grant (IN),21,Fairmount Madison-Grant (IN)
Fairmount Madison-Grant (IN),488,Fairmount Madison-Grant (IN)
Farmersburg North Central (IN),499,Farmersburg North Central (IN)
Ferdinand Forest Park (IN),197,Ferdinand Forest Park (IN)
Fishers (IN),225,Fishers (IN)
Fishers Hamilton Southeastern (IN),638,Fishers Hamilton Southeastern (IN)
Flora Carroll (IN),527,Flora Carroll (IN)
Florida Deaf (IN),1,Florida School for the Deaf (FL)
Floyds Knobs Floyd Central (IN),481,Floyds Knobs Floyd Central (IN)
Fort Branch Gibson Southern (IN),566,Fort Branch Gibson Southern (IN)
Fort Wayne Bishop Dwenger (IN),693,Fort Wayne Bishop Dwenger (IN)
Fort Wayne Bishop Luers (IN),790,Fort Wayne Bishop Luers (IN)
Fort Wayne Blackhawk Christian (IN),29,Fort Wayne Blackhawk Christian (IN)
Fort Wayne Fort Wayne Blackhawk Christian (IN),4,Fort Wayne Blackhawk Christian (IN)
Fort Wayne Carroll (IN),523,Fort Wayne Carroll (IN)
Fort Wayne Central (IN),242,Fort Wayne Central (IN)
Fort Wayne Central Catholic (IN),160,Fort Wayne Central Catholic (IN)
Fort Wayne Concordia Lutheran (IN),649,Fort Wayne Concordia Lutheran (IN)
Fort Wayne Elmhurst (IN),349,Fort Wayne Elmhurst (IN)
Fort Wayne Harding (IN),368,Fort Wayne Harding (IN)
Fort Wayne Homestead (IN),583,Fort Wayne Homestead (IN)
Fort Wayne North Side (IN),752,Fort Wayne North Side (IN)
Fort Wayne Northrop (IN),560,Fort Wayne Northrop (IN)
Fort Wayne Snider (IN),716,Fort Wayne Snider (IN)
Fort Wayne South Side (IN),701,Fort Wayne South Side (IN)
Fort Wayne Wayne (IN),546,Fort Wayne Wayne (IN)
Fortville Mount Vernon (IN),1464,Fortville Mt. Vernon (IN)
Fortville Mt. Vernon (IN),19,Fortville Mt. Vernon (IN)
Fountain City Northeastern (IN),435,Fountain City Northeastern (IN)
Francesville West Central (IN),518,Francesville West Central (IN)
Frankfort (IN),535,Frankfort (IN)
Frankfort Clinton Prairie (IN),500,Frankfort Clinton Prairie (IN)
Franklin Community (IN),523,Franklin Community (IN)
Frankton (IN),505,Frankton (IN)
Fremont (IN),488,Fremont (IN)
French Lick Springs Valley (IN),580,French Lick Springs Valley (IN)
Fulton Caston (IN),497,Fulton Caston (IN)
Garrett (IN),722,Garrett (IN)
Gary Bowman Academy (IN),179,Gary Bowman Academy (IN)
Gary Calumet (IN),497,Gary Calumet (IN)
Gary Calumet New (IN),19,Gary Calumet New Tech (IN)
Gary Calumet New Tech (IN),100,Gary Calumet New Tech (IN)
Gary Edison (IN),209,Gary Edison (IN)
Gary Emerson (IN),444,Gary Emerson (IN)
Gary Froebel (IN),301,Gary Froebel (IN)
Gary Horace Mann (IN),454,Gary Horace Mann (IN)
Gary Lo-X (IN),1,Gary Lo-X (IN)
Lo-X (IN),1,Gary Lo-X (IN)
Gary Mann (IN),103,Gary Mann (IN)
Gary Roosevelt (IN),576,Gary Roosevelt (IN)
Gary Tolleston (IN),160,Gary Tolleston (IN)
Gary Wallace (IN),604,Gary Wallace (IN)
Gary West Side (IN),521,Gary West Side (IN)
Gary Westside (IN),10,Gary West Side (IN)
Gary Wirt (IN),425,Gary Wirt (IN)
Gas City Mississinewa (IN),551,Gas City Mississinewa (IN)
Gaston Wes Del (IN),18,Gaston Wes-Del (IN)
Gaston Wes-Del (IN),461,Gaston Wes-Del (IN)
Goshen (IN),1028,Goshen (IN)
Goshen Fairfield (IN),502,Goshen Fairfield (IN)
Greencastle (IN),508,Greencastle (IN)
Greencastle Tiger (IN),21,Greencastle (IN)
Greencastle South Putnam (IN),539,Greencastle South Putnam (IN)
Greenfield Central (IN),21,Greenfield-Central (IN)
Greenfield-Central (IN),528,Greenfield-Central (IN)
Greensburg (IN),512,Greensburg (IN)
Greensburg North Decatur (IN),482,Greensburg North Decatur (IN)
Greensburg South Decatur (IN),464,Greensburg South Decatur (IN)
Greentown Eastern (IN),542,Greentown Eastern (IN)
Greenwood (IN),136,Greenwood (IN)
Greenwood Center Grove (IN),721,Greenwood Center Grove (IN)
Greenwood Christian (IN),19,Greenwood Christian Academy (IN)
Greenwood Christian Academy (IN),14,Greenwood Christian Academy (IN)
Greenwood Community (IN),486,Greenwood Community (IN)
Griffith (IN),790,Griffith (IN)
Hagerstown (IN),520,Hagerstown (IN)
Hammond (IN),922,Hammond (IN)
Hammond Bishop Noll (IN),622,Hammond Bishop Noll (IN)
Hammond Catholic (IN),44,Hammond Central Catholic (IN)
Hammond Catholic Central (IN),4,Hammond Central Catholic (IN)
Hammond Central Catholic (IN),11,Hammond Central Catholic (IN)
Hammond Gavit (IN),503,Hammond Gavit (IN)
Hammond Morton (IN),648,Hammond Morton (IN)
Hammond Tech (IN),323,Hammond Tech (IN)
Hammond-Whiting Clark (IN),660,Hammond-Whiting Clark (IN)
Harlan Tri St. ate (IN),10,Harlan Tri-State Crusaders (IN)
Harlan Tri-State Crusaders (IN),73,Harlan Tri-State Crusaders (IN)
Hartford City Blackford (IN),507,Hartford City Blackford (IN)
Highland (IN),564,Highland (IN)
Hobart (IN),1094,Hobart (IN)
Hobart River Forest (IN),579,Hobart River Forest (IN)
Howe Military (IN),97,Howe Military Academy (IN)
Howe Military Academy (IN),19,Howe Military Academy (IN)
Huntingburg (IN),170,Huntingburg (IN)
Huntingburg Southridge (IN),599,Huntingburg Southridge (IN)
Huntington (IN),169,Huntington (IN)
Huntington North (IN),502,Huntington North (IN)
Indiana School for the Deaf (IN),390,Indiana School for the Deaf (IN)
Indianapolis School for the Deaf (IN),1,Indiana School for the Deaf (IN)
Indianapolis Arlington (IN),421,Indianapolis Arlington (IN)
Indianapolis Arsenal Technical (IN),572,Indianapolis Arsenal Technical (IN)
Indianapolis Ben Davis (IN),887,Indianapolis Ben Davis (IN)
Indianapolis Bishop Chatard (IN),696,Indianapolis Bishop Chatard (IN)
Indianapolis Brebeuf Jesuit Prep (IN),535,Indianapolis Brebeuf Jesuit Prep (IN)
Indianapolis Bredeuf Prep (IN),2,Indianapolis Brebeuf Jesuit Prep (IN)
Indianapolis Broad Ripple (IN),500,Indianapolis Broad Ripple (IN)
Indianapolis Purdue Broad Ripple (IN),4,Indianapolis Broad Ripple (IN)
Indianapolis Calumet Heritage Christian (IN),244,Indianapolis Calumet Heritage Christian (IN)
Indianapolis Cardinal (IN),19,Indianapolis Cardinal Ritter (IN)
Indianapolis Cardinal Ritter (IN),555,Indianapolis Cardinal Ritter (IN)
Indianapolis Cathedral (IN),905,Indianapolis Cathedral (IN)
Indianapolis Christel House (IN),16,Indianapolis Christel House (IN)
Indianapolis Christel House at Manual (IN),14,Indianapolis Christel House (IN)
Indianapolis Covenant Christian (IN),110,Indianapolis Covenant Christian (IN)
Indianapolis Crimson Knights (IN),142,Indianapolis Crimson Knights (IN)
Indianapolis Crispus (IN),19,Indianapolis Crispus Attucks (IN)
Indianapolis Crispus Attucks (IN),181,Indianapolis Crispus Attucks (IN)
Indianapolis Decatur Central (IN),559,Indianapolis Decatur Central (IN)
Indianapolis Emmerich Manual (IN),528,Indianapolis Emmerich Manual (IN)
Indianapolis Franklin Central (IN),584,Indianapolis Franklin Central (IN)
Harry E. Wood (IN),2,Indianapolis Harry E. Wood (IN)
Indianapolis Wood (IN),21,Indianapolis Harry E. Wood (IN)
Indianapolis Howe (IN),409,Indianapolis Howe (IN)
Indianapolis Lawrence Central (IN),754,Indianapolis Lawrence Central (IN)
Indianapolis Lawrence North (IN),496,Indianapolis Lawrence North (IN)
Indianapolis Lutheran (IN),249,Indianapolis Lutheran (IN)
Indianapolis Marshall (IN),163,Indianapolis Marshall (IN)
Indianapolis North Central (IN),742,Indianapolis North Central (IN)
Indianapolis Northwest (IN),449,Indianapolis Northwest (IN)
Indianapolis Park Tudor (IN),460,Indianapolis Park Tudor (IN)
Indianapolis Perry Meridian (IN),512,Indianapolis Perry Meridian (IN)
Indianapolis Phalen Leadership (IN),17,Indianapolis Phalen Leadership Academy (IN)
Indianapolis Phalen Leadership Academy (IN),18,Indianapolis Phalen Leadership Academy (IN)
Indianapolis Pike (IN),559,Indianapolis Pike (IN)
Indianapolis Purdue Poly (IN),40,Indianapolis Purdue Poly (IN)
Indianapolis Purdue Polytechnic (IN),15,Indianapolis Purdue Poly (IN)
Indianapolis Roncalli (IN),759,Indianapolis Roncalli (IN)
Indianapolis Scecina Memorial (IN),622,Indianapolis Scecina Memorial (IN)
Indianapolis Shortbidge (IN),1,Indianapolis Shortridge (IN)
Indianapolis Shortridge (IN),277,Indianapolis Shortridge (IN)
Indianapolis Tindley (IN),131,Indianapolis Tindley (IN)
Indianapolis Warren Central (IN),837,Indianapolis Warren Central (IN)
Indianapolis Washington (IN),438,Indianapolis Washington (IN)
Jasper (IN),835,Jasper (IN)
Jeffersonville (IN),657,Jeffersonville (IN)
Jimtown (IN),601,Jimtown (IN)
Kendallville (IN),128,Kendallville (IN)
Kendallville East Noble (IN),540,Kendallville East Noble (IN)
Kentland South Newton (IN),512,Kentland South Newton (IN)
Knightstown (IN),527,Knightstown (IN)
Knox (IN),568,Knox (IN)
Kokomo (IN),618,Kokomo (IN)
Kokomo Northwestern (IN),512,Kokomo Northwestern (IN)
Kokomo Taylor (IN),492,Kokomo Taylor (IN)
La Porte (IN),980,La Porte (IN)
La Porte La Lumiere (IN),191,La Porte La Lumiere (IN)
La Porte Lumiere (IN),1,La Porte La Lumiere (IN)
LaPorte La Lumiere (IN),8,La Porte La Lumiere (IN)
LaPorte Lalumiere (IN),1,La Porte La Lumiere (IN)
Lafayette Central (IN),22,Lafayette Central Catholic (IN)
Lafayette Central Catholic (IN),553,Lafayette Central Catholic (IN)
Lafayette Jefferson (IN),966,Lafayette Jefferson (IN)
Lafayette McCutcheon (IN),520,Lafayette McCutcheon (IN)
LaGrange Lakeland (IN),500,LaGrange Lakeland (IN)
LaGrange Prairie Heights (IN),500,LaGrange Prairie Heights (IN)
Lakeville LaVille (IN),539,Lakeville LaVille (IN)
Lapel (IN),491,Lapel (IN)
LaPorte South Central (IN),142,LaPorte South Central (IN)
Lawrenceburg (IN),581,Lawrenceburg (IN)
Lebanon (IN),541,Lebanon (IN)
Leo (IN),524,Leo (IN)
Leopold Perry Central (IN),600,Leopold Perry Central (IN)
Liberty Union County (IN),441,Liberty Union County (IN)
Ligonier (IN),11,Ligonier West Noble (IN)
Ligonier West Noble (IN),508,Ligonier West Noble (IN)
Lincoln City Heritage Hills (IN),634,Lincoln City Heritage Hills (IN)
Linton-Stockton (IN),811,Linton-Stockton (IN)
Lizton Tri West (IN),59,Lizton Tri-West Hendricks (IN)
Lizton Tri-West Hendricks (IN),483,Lizton Tri-West Hendricks (IN)
Logansport (IN),629,Logansport (IN)
Kentucky Country Day (IN),2,Louisville Kentucky Country Day (KY)
Louisville Kentucky Country Day (IN),3,Louisville Kentucky Country Day (KY)
Lowell (IN),818,Lowell (IN)
Lynnville Tecumseh (IN),615,Lynnville Tecumseh (IN)
Madison (IN),482,Madison (IN)
Marengo Crawford County (IN),183,Marengo Crawford County (IN)
Marion (IN),626,Marion (IN)
Marion Eastbrook (IN),568,Marion Eastbrook (IN)
Marshall Turkey Run (IN),385,Marshall Turkey Run (IN)
Martinsville (IN),620,Martinsville (IN)
Martinsville Tabernacle (IN),2,Martinsville Tabernacle Christian (IN)
Martinsville Tabernacle Christian (IN),1,Martinsville Tabernacle Christian (IN)
Merrillville (IN),899,Merrillville (IN)
Merrillville Andrean (IN),767,Merrillville Andrean (IN)
Michigan City (IN),757,Michigan City (IN)
Michigan City Tigers (IN),1,Michigan City (IN)
Michigan City Elston (IN),203,Michigan City Elston (IN)
Michigan City Roger (IN),1,Michigan City Rogers (IN)
Michigan City Rogers (IN),215,Michigan City Rogers (IN)
Michigan City St. Mary (IN),3,Michigan City St. Mary's (IN)
Michigan City St. Mary's (IN),15,Michigan City St. Mary's (IN)
Michigantown Clinton Central (IN),559,Michigantown Clinton Central (IN)
Middlebury Northridge (IN),501,Middlebury Northridge (IN)
Middletown Shenandoah (IN),523,Middletown Shenandoah (IN)
Milan (IN),496,Milan (IN)
Mishawaka (IN),1204,Mishawaka (IN)
Mishawaka Marian (IN),581,Mishawaka Marian (IN)
Mishawaka Marion (IN),387,Mishawaka Marian (IN)
Mishawaka Penn (IN),823,Mishawaka Penn (IN)
Mitchell (IN),548,Mitchell (IN)
Monon North White (IN),500,Monon North White (IN)
Monroe Adams Central (IN),604,Monroe Adams Central (IN)
Monroeville Heritage (IN),520,Monroeville Heritage (IN)
Monrovia (IN),530,Monrovia (IN)
Montezuma Riverton Parke (IN),390,Montezuma Riverton Parke (IN)
Monticello Twin Lakes (IN),520,Monticello Twin Lakes (IN)
Mooresville (IN),554,Mooresville (IN)
Morocco North Newton (IN),531,Morocco North Newton (IN)
Muncie Central (IN),642,Muncie Central (IN)
Muncie Delta (IN),621,Muncie Delta (IN)
Muncie Southside (IN),374,Muncie Southside (IN)
Munster (IN),595,Munster (IN)
Nappanee (IN),101,Nappanee (IN)
Nappanee NorthWood (IN),662,Nappanee NorthWood (IN)
Nashville Brown County (IN),473,Nashville Brown County (IN)
New Albany (IN),1028,New Albany (IN)
New Carlisle New Prairie (IN),552,New Carlisle New Prairie (IN)
New Castle (IN),567,New Castle (IN)
New Haven (IN),647,New Haven (IN)
New Palestine (IN),567,New Palestine (IN)
Newburg Castle (IN),2,Newburgh Castle (IN)
Newburgh Castle (IN),769,Newburgh Castle (IN)
Noblesville (IN),560,Noblesville (IN)
Noblesville Guerin Catholic (IN),226,Noblesville Guerin Catholic (IN)
Noblesville Homeschoolers (IN),142,Noblesville Homeschoolers (IN)
North Carolina Deaf (IN),1,North Carolina School for the Deaf (NC)
North Judson-San Pierre (IN),623,North Judson-San Pierre (IN)
North Manchester (IN),525,North Manchester (IN)
North Vernon Jennings County (IN),505,North Vernon Jennings County (IN)
University of Notre Dame Fresh (IN),1,Notre Dame Univerity Frosh (IN)
University of Notre Dame Walsh Hall (IN),1,Notre Dame Univerity Walsh Hall (IN)
Notre Dame University Fresh (IN),3,Notre Dame University Frosh (IN)
Oakland City Wood Memorial (IN),750,Oakland City Wood Memorial (IN)
Ossian Norwell (IN),552,Ossian Norwell (IN)
Owensville (IN),113,Owensville (IN)
Oxford Benton Central (IN),483,Oxford Benton Central (IN)
Paoli (IN),526,Paoli (IN)
Parker City Monroe Central (IN),173,Parker City Monroe Central (IN)
Pekin Eastern (IN),190,Pekin Eastern (IN)
Pendleton Heights (IN),505,Pendleton Heights (IN)
Peru (IN),616,Peru (IN)
Alumni Peru (IN),1,Peru Alumni (IN)
Petersburg (IN),179,Petersburg (IN)
Petersburg Pike Central (IN),529,Petersburg Pike Central (IN)
Plainfield (IN),526,Plainfield (IN)
Plainfield Charl. (IN),1,Plainfield Charlton School for Boys (IN)
Plainfield Charlton School for Boys (IN),5,Plainfield Charlton School for Boys (IN)
Plymouth (IN),756,Plymouth (IN)
Plymouth Pilgrims (IN),20,Plymouth (IN)
Poneto Southern Wells (IN),518,Poneto Southern Wells (IN)
Portage (IN),845,Portage (IN)
Portland Jay County (IN),478,Portland Jay County (IN)
Poseyville North Posey (IN),670,Poseyville North Posey (IN)
Princeton (IN),1118,Princeton (IN)
Ramsey North Harrison (IN),446,Ramsey North Harrison (IN)
Rensselaer Central (IN),681,Rensselaer Central (IN)
Richmond (IN),621,Richmond (IN)
Roachdale North Putnam (IN),502,Roachdale North Putnam (IN)
Rochester (IN),665,Rochester (IN)
Rockport South Spencer (IN),638,Rockport South Spencer (IN)
Rockville (IN),430,Rockville (IN)
Royal Center Pioneer (IN),525,Royal Center Pioneer (IN)
Rushville (IN),515,Rushville (IN)
Russiaville Western (IN),513,Russiaville Western (IN)
Saint John Lake Central (IN),632,Saint John Lake Central (IN)
St. John Lake Central (IN),9,Saint John Lake Central (IN)
Saint Leon East Central (IN),542,Saint Leon East Central (IN)
Salem (IN),516,Salem (IN)
Scottsburg (IN),175,Scottsburg (IN)
Sellersburg Rock Creek (IN),13,Sellersburg Rock Creek Academy (IN)
Sellersburg Rock Creek Academy (IN),50,Sellersburg Rock Creek Academy (IN)
Sellersburg Silver Creek (IN),155,Sellersburg Silver Creek (IN)
Seymour (IN),592,Seymour (IN)
Sharpsville Tri Central (IN),16,Sharpsville Tri-Central (IN)
Sharpsville Tri-Central (IN),494,Sharpsville Tri-Central (IN)
Shelbyville (IN),533,Shelbyville (IN)
Sheridan (IN),642,Sheridan (IN)
South Bend (IN),302,South Bend (IN)
South Bend Adams (IN),756,South Bend Adams (IN)
South Bend Central (IN),334,South Bend Central (IN)
South Bend Catholic (In),12,South Bend Central Catholic (IN)
South Bend Central Catholic (IN),72,South Bend Central Catholic (IN)
South Bend Clay (IN),543,South Bend Clay (IN)
South Bend LaSalle Academy (IN),45,South Bend LaSalle (IN)
South LaSalle (IN),7,South Bend LaSalle (IN)
South Bend Ridey (IN),19,South Bend Riley (IN)
South Bend Riley (IN),834,South Bend Riley (IN)
South Riley (IN),4,South Bend Riley (IN)
South Bend Saint Joseph (IN),766,South Bend St. Joseph (IN)
South Bend St. Joseph (IN),66,South Bend St. Joseph (IN)
South Bend Washington (IN),847,South Bend Washington (IN)
South Whitley Whitko (IN),514,South Whitley Whitko (IN)
Southport (IN),611,Southport (IN)
Speedway (IN),579,Speedway (IN)
Spencer Owen Valley (IN),472,Spencer Owen Valley (IN)
Straughn Tri (IN),497,Straughn Tri (IN)
Sullivan (IN),839,Sullivan (IN)
Syracuse Wawasee (IN),517,Syracuse Wawasee (IN)
Syracuse Wawasee Prep (IN),5,Syracuse Wawasee (IN)
Tell City (IN),896,Tell City (IN)
Tennessee Deaf (IN),1,Tennessee School for the Deaf (TN)
Terre Haute Gerstmeyer (IN),65,Terre Haute Gerstmeyer (IN)
Terre Haute Gerstmeyer Tech (IN),1,Terre Haute Gerstmeyer (IN)
Terre Haute North Vigo (IN),578,Terre Haute North Vigo (IN)
Terre Haute South Vigo (IN),584,Terre Haute South Vigo (IN)
Thorntown Western Boone (IN),551,Thorntown Western Boone (IN)
Tipton (IN),582,Tipton (IN)
Trafalgar Indian Creek (IN),502,Trafalgar Indian Creek (IN)
Union City Community (IN),469,Union City Community (IN)
Union Mills South Central (IN),454,Union Mills South Central (IN)
Valparaiso (IN),883,Valparaiso (IN)
Valparaiso Boone Grove (IN),158,Valparaiso Boone Grove (IN)
Valparaiso Wheeler (IN),278,Valparaiso Wheeler (IN)
Veedersburg Fountain Central (IN),527,Veedersburg Fountain Central (IN)
Vevay Switzerland County (IN),100,Vevay Switzerland County (IN)
Vincennes Lincoln (IN),1067,Vincennes Lincoln (IN)
Wabash (IN),632,Wabash (IN)
Wabash Northfield (IN),509,Wabash Northfield (IN)
Wabash Southwood (IN),495,Wabash Southwood (IN)
Walkerton John Glenn (IN),514,Walkerton John Glenn (IN)
Walkterton John Glenn (IN),9,Walkerton John Glenn (IN)
Walton Lewis Cass (IN),545,Walton Lewis Cass (IN)
Warsaw (IN),862,Warsaw (IN)
Washington (IN),926,Washington (IN)
Waterloo DeKalb (IN),519,Waterloo DeKalb (IN)
West Lafayette (IN),623,West Lafayette (IN)
West Lafayette Harrison (IN),493,West Lafayette Harrison (IN)
West Lebanon Seeger (IN),508,West Lebanon Seeger (IN)
West Terre Haute West Vigo (IN),504,West Terre Haute West Vigo (IN)
Westfield (IN),568,Westfield (IN)
Wheatfield Kankakee Valley (IN),511,Wheatfield Kankakee Valley (IN)
Whiteland (IN),510,Whiteland (IN)
Whitestown Traders Point (IN),8,Whitestown Traders Point Christian Academy (IN)
Whitestown Traders Point Christian Academy (IN),100,Whitestown Traders Point Christian Academy (IN)
Whiting (IN),873,Whiting (IN)
Whiting George Rogers Clark (IN),42,Whiting George Rogers Clark (IN)
Whiting Rogers (IN),2,Whiting George Rogers Clark (IN)
Winamac (IN),526,Winamac (IN)
Winchester Community (IN),489,Winchester Community (IN)
Wolcott Tri County (IN),20,Wolcott Tri-County (IN)
Wolcott Tri-County (IN),473,Wolcott Tri-County (IN)
Woodburn Woodlan (IN),538,Woodburn Woodlan (IN)
Yorktown (IN),519,Yorktown (IN)
Zionsville (IN),603,Zionsville (IN)
