Alias_Name,GameCount,Standardized_Name
Abilene (KS),1027,Abilene (KS)
Agra (KS),2,Agra Eastern Heights (KS)
Agra Eastern Heights (KS),81,Agra Eastern Heights (KS)
Allen Northern Heights (KS),580,Allen Northern Heights (KS)
Alma (KS),193,Alma (KS)
Alma Wabaunsee (KS),457,Alma Wabaunsee (KS)
Almena Northern Valley (KS),613,Almena Northern Valley (KS)
Alta Vista (KS),156,Alta Vista (KS)
Altamont Labette County (KS),860,Altamont Labette County (KS)
Andale (KS),712,Andale (KS)
Andover (KS),522,Andover (KS)
Andover Central (KS),255,Andover Central (KS)
Anthony (KS),114,Anthony (KS)
Anthony-Harper-Chaparral (KS),456,Anthony-Harper-Chaparral (KS)
Argonia (KS),198,Argonia (KS)
Arkansas City (KS),1210,Arkansas City (KS)
Arma (KS),146,Arma (KS)
Arma Northeast (KS),419,Arma Northeast (KS)
Ashland (KS),353,Ashland (KS)
Assaria (KS),6,Assaria Southeast of Saline (KS)
Assaria Southeast of Saline (KS),8,Assaria Southeast of Saline (KS)
Atchison (KS),1016,Atchison (KS)
Atchison Maur Hill (KS),16,Atchison Maur Hill Prep (KS)
Atchison Maur Hill Prep (KS),691,Atchison Maur Hill Prep (KS)
Atchison Maur Hill Prep-Mount Academy (KS),166,Atchison Maur Hill Prep-Mount Academy (KS)
Atchison Maur Hill-Mount Academy (KS),11,Atchison Maur Hill Prep-Mount Academy (KS)
Attica (KS),183,Attica (KS)
Attica-Argonia (KS),118,Attica-Argonia (KS)
Atwood (KS),398,Atwood (KS)
Atwood Rawlins County (KS),180,Atwood Rawlins County (KS)
Augusta (KS),884,Augusta (KS)
Augusta All-stars (KS),1,Augusta City All Stars (KS)
Augusta City All Stars (KS),1,Augusta City All Stars (KS)
Axtell (KS),835,Axtell (KS)
Baileyville B & B (KS),319,Baileyville B & B (KS)
Baldwin (KS),604,Baldwin (KS)
Basehor (KS),154,Basehor (KS)
Basehor Linwood (KS),17,Basehor-Linwood (KS)
Basehor-Linwood (KS),479,Basehor-Linwood (KS)
Baxter Springs (KS),925,Baxter Springs (KS)
Bel Aire Sunrise Christian Academy (KS),203,Bel Aire Sunrise Christian Academy (KS)
Belle Plaine (KS),563,Belle Plaine (KS)
Belleville (KS),750,Belleville (KS)
Belleville Republic County (KS),209,Belleville Republic County (KS)
Beloit (KS),1075,Beloit (KS)
Beloit St. John's (KS),153,Beloit St. John's (KS)
Beloit John's-Tipton Catholic (KS),11,Beloit St. John's-Tipton Catholic (KS)
Beloit Saint John's/Tipton Catholic (KS),18,Beloit St. John's-Tipton Catholic (KS)
Beloit Saint John's-Tipton Catholic (KS),26,Beloit St. John's-Tipton Catholic (KS)
Beloit St. John's-Tipton Catholic (KS),127,Beloit St. John's-Tipton Catholic (KS)
Bennington (KS),463,Bennington (KS)
Bern (KS),318,Bern (KS)
Bird City Cheylin (KS),464,Bird City Cheylin (KS)
Blue Rapids Valley Heights (KS),679,Blue Rapids Valley Heights (KS)
Bonner Springs (KS),912,Bonner Springs (KS)
Brewster (KS),122,Brewster (KS)
Brookville Ell Saline (KS),17,Brookville Ell-Saline (KS)
Brookville Ell-Saline (KS),533,Brookville Ell-Saline (KS)
Bucklin (KS),314,Bucklin (KS)
Buffalo Altoona Midway (KS),14,Buffalo Altoona-Midway (KS)
Buffalo Altoona-Midway (KS),617,Buffalo Altoona-Midway (KS)
Buhler (KS),939,Buhler (KS)
Burden Central (KS),329,Burden Central (KS)
Burlingame (KS),435,Burlingame (KS)
Burlington (KS),867,Burlington (KS)
Burrton (KS),452,Burrton (KS)
Bushton Quivira Heights (KS),211,Bushton Quivira Heights (KS)
Caldwell (KS),584,Caldwell (KS)
Caldwell South Sumner (KS),15,Caldwell South Sumner [Caldwell-South Haven] (KS)
Caldwell South Sumner [Caldwell-South Haven] (KS),9,Caldwell South Sumner [Caldwell-South Haven] (KS)
Caney Valley (KS),823,Caney Valley (KS)
Canton Galva (KS),16,Canton-Galva (KS)
Canton-Galva (KS),496,Canton-Galva (KS)
Carbondale Santa Fe (KS),16,Carbondale Santa Fe Trail (KS)
Carbondale Santa Fe Trail (KS),535,Carbondale Santa Fe Trail (KS)
Cawker City (KS),6,Cawker City Waconda East (KS)
Cawker City Waconda East (KS),89,Cawker City Waconda East (KS)
Cedar Vale (KS),169,Cedar Vale (KS)
Cedar Vale Cedar Vale (KS),17,Cedar Vale (KS)
Cedar Vale-Dexter (KS),122,Cedar Vale-Dexter (KS)
Centralia-Wetmore (KS),617,Centralia-Wetmore (KS)
Chanute (KS),1178,Chanute (KS)
Chapman (KS),772,Chapman (KS)
Chapman Dickinson County (KS),8,Chapman-Dickinson County (KS)
Chapman-Dickinson County (KS),2,Chapman-Dickinson County (KS)
Chase (KS),376,Chase (KS)
Cheney (KS),545,Cheney (KS)
Cherokee Southeast (KS),766,Cherokee Southeast (KS)
Cherryvale (KS),946,Cherryvale (KS)
Chetopa (KS),731,Chetopa (KS)
Cimarron (KS),773,Cimarron (KS)
Claflin (KS),532,Claflin (KS)
Claflin Central Plains (KS),129,Claflin Central Plains (KS)
Clay Center (KS),1001,Clay Center (KS)
Clearwater (KS),759,Clearwater (KS)
Clearweather/water? (KS),1,Clearwater (KS)
Clifton Rura (KS),1,Clifton Rural (KS)
Clifton Rural (KS),176,Clifton Rural (KS)
Clyde (KS),281,Clyde (KS)
Clyde Clifton Clyde (KS),19,Clyde Clifton-Clyde (KS)
Clyde Clifton-Clyde (KS),462,Clyde Clifton-Clyde (KS)
Coffeyville Field Kindley (KS),1112,Coffeyville Field Kindley (KS)
Colby (KS),1066,Colby (KS)
Coldwater South Central (KS),237,Coldwater South Central (KS)
Colony Crest (KS),403,Colony Crest (KS)
Columbus (KS),1056,Columbus (KS)
Concordia (KS),813,Concordia (KS)
Conway Springs (KS),804,Conway Springs (KS)
Copeland (KS),125,Copeland (KS)
Cottonwood Falls Chase County (KS),542,Cottonwood Falls Chase County (KS)
Council Grove (KS),921,Council Grove (KS)
Crawford County McCune (KS),186,Crawford County McCune (KS)
Cuba Hillcrest (KS),119,Cuba Hillcrest (KS)
Cunningham (KS),250,Cunningham (KS)
Cygne Prairie View (KS),632,Cygne Prairie View (KS)
Deerfield (KS),491,Deerfield (KS)
Denison (KS),2,Denison (KS)
DenisonRural (KS),1,Denison (KS)
Denton Midway (KS),441,Denton Midway (KS)
Derby (KS),859,Derby (KS)
DeSoto (KS),594,DeSoto (KS)
DeSoto De Soto (KS),12,DeSoto (KS)
Dighton (KS),845,Dighton (KS)
Dodge City (KS),1161,Dodge City (KS)
Dodge City St. Mary of the Plains (KS),1,Dodge City St. Mary of The Plains Academy (KS)
Dodge City St. Mary Of The Plains Academy (KS),3,Dodge City St. Mary of The Plains Academy (KS)
Dodge City St. Mary Of The PlainsAcademy (KS),31,Dodge City St. Mary of The Plains Academy (KS)
Douglass (KS),652,Douglass (KS)
Downs (KS),142,Downs (KS)
Downs Lakeside (KS),208,Downs Lakeside (KS)
Easton Pleasant Ridge (KS),516,Easton Pleasant Ridge (KS)
Effingham (KS),1,Effingham Atchison County (KS)
Effingham Atchison County (KS),782,Effingham Atchison County (KS)
El Dorado (KS),1128,El Dorado (KS)
Elkhart (KS),324,Elkhart (KS)
Ellinwood (KS),500,Ellinwood (KS)
Ellis (KS),499,Ellis (KS)
Ellsworth (KS),610,Ellsworth (KS)
Elwood (KS),248,Elwood (KS)
Emporia (KS),1109,Emporia (KS)
Emporia Normal (KS),2,Emporia Normal High (KS)
Emporia Normal High (KS),5,Emporia Normal High (KS)
"Emporia Opp """"Normal High"""" (KS)",1,Emporia Normal High (KS)
Emporia StateUniversity (KS),1,Emporia State University (KS)
"Emporia State College """"B"""" (KS)",3,Emporia State University B (KS)
"Emporia State University """"B"""" (KS)",1,Emporia State University B (KS)
Emporia State University 2nds (KS),1,Emporia State University B (KS)
Erie (KS),919,Erie (KS)
Eskridge (KS),121,Eskridge (KS)
Eskridge Mission Valley (KS),514,Eskridge Mission Valley (KS)
Eudora (KS),688,Eudora (KS)
Eureka (KS),901,Eureka (KS)
Fairmount College 2nds (KS),3,Fairmount College Reserves (KS)
Fairmount College Reserves (KS),1,Fairmount College Reserves (KS)
Fort Scott (KS),1189,Fort Scott (KS)
Fowler (KS),377,Fowler (KS)
Frankfort (KS),832,Frankfort (KS)
Fredonia (KS),888,Fredonia (KS)
Fredonia Elk (KS),16,Fredonia-Elk Valley (KS)
Fredonia-Elk Valley (KS),19,Fredonia-Elk Valley (KS)
Frontenac (KS),1081,Frontenac (KS)
Galena (KS),941,Galena (KS)
Garden City (KS),1118,Garden City (KS)
Garden Plain (KS),743,Garden Plain (KS)
Gardner (KS),124,Gardner (KS)
Gardner Edgerton (KS),98,Gardner-Edgerton (KS)
Gardner-Edgerton (KS),495,Gardner-Edgerton (KS)
Garnett (KS),76,Garnett Anderson County (KS)
Garnett Anderson County (KS),646,Garnett Anderson County (KS)
Girard (KS),1059,Girard (KS)
Glasco (KS),143,Glasco (KS)
Goddard (KS),613,Goddard (KS)
Goddard Eisenhower (KS),134,Goddard Eisenhower (KS)
Goessel (KS),413,Goessel (KS)
Goodland (KS),938,Goodland (KS)
Grainfield Wheatland Grinnell (KS),16,Grainfield Wheatland-Grinnell (KS)
Grainfield Wheatland-Grinnell (KS),189,Grainfield Wheatland-Grinnell (KS)
Great Bend (KS),836,Great Bend (KS)
Greensburg (KS),200,Greensburg (KS)
Greensburg Kiowa County (KS),145,Greensburg Kiowa County (KS)
Guymon (KS),4,Gypsum Southeast of Saline (KS)
Gypsum Southeast Of (KS),20,Gypsum Southeast of Saline (KS)
Gypsum Southeast of Saline (KS),577,Gypsum Southeast of Saline (KS)
Halstead (KS),953,Halstead (KS)
Hanover (KS),674,Hanover (KS)
Hanston (KS),420,Hanston (KS)
Hartford (KS),276,Hartford (KS)
Haven (KS),654,Haven (KS)
Haviland (KS),120,Haviland (KS)
Hays (KS),738,Hays (KS)
Hays St. Joseph Military (KS),1,Hays St. Joseph's Military Academy (KS)
Hays St. Joseph's Military (KS),113,Hays St. Joseph's Military Academy (KS)
Hays St. Josephs Military Academy (KS),8,Hays St. Joseph's Military Academy (KS)
Hays St. Joseph's Military Academy (KS),1,Hays St. Joseph's Military Academy (KS)
"Hays St. Joseph's Military """"B"""" (KS)",1,Hays St. Joseph's Military Academy B (KS)
Hays Thomas More Prep-Marian (KS),534,Hays Thomas More Prep-Marian (KS)
Herington (KS),589,Herington (KS)
Hesston (KS),584,Hesston (KS)
Hiawatha (KS),688,Hiawatha (KS)
Highland (KS),263,Highland (KS)
Highland Doniphan West (KS),204,Highland Doniphan West (KS)
Hill City (KS),469,Hill City (KS)
Hillsboro (KS),547,Hillsboro (KS)
Hoisington (KS),693,Hoisington (KS)
Holcomb (KS),345,Holcomb (KS)
Holton (KS),690,Holton (KS)
Holton Jackson Heights (KS),592,Holton Jackson Heights (KS)
Hope (KS),635,Hope (KS)
Horton (KS),745,Horton (KS)
Howard West Elk (KS),376,Howard West Elk (KS)
Hoxie (KS),506,Hoxie (KS)
Hoxie-Sheridan County (KS),455,Hoxie-Sheridan County (KS)
Hoyt Royal Valley (KS),531,Hoyt Royal Valley (KS)
Hugoton (KS),680,Hugoton (KS)
Humboldt (KS),992,Humboldt (KS)
Hutchinson (KS),1280,Hutchinson (KS)
Hutchinson Central Christian (KS),287,Hutchinson Central Christian (KS)
Hutchinson Reno County (KS),15,Hutchinson Reno County HomeSchool (KS)
Hutchinson Reno County HomeSchool (KS),5,Hutchinson Reno County HomeSchool (KS)
Hutchinson Trinity (KS),555,Hutchinson Trinity (KS)
Independence (KS),1083,Independence (KS)
Ingalls (KS),497,Ingalls (KS)
Inman (KS),542,Inman (KS)
Iola (KS),1095,Iola (KS)
Jetmore (KS),588,Jetmore (KS)
Jetmore Hodgeman County (KS),225,Jetmore Hodgeman County (KS)
Jewell (KS),131,Jewell (KS)
Johnson Stanton County (KS),14,Johnson-Stanton County (KS)
Johnson-Stanton County (KS),256,Johnson-Stanton County (KS)
Junction City (KS),1096,Junction City (KS)
Junction City St. Xavier (KS),189,Junction City St. Xavier (KS)
Junction City-St. Xavier (KS),207,Junction City-St. Xavier (KS)
Kansas City Argentine (KS),507,Kansas City Argentine (KS)
Kansas City Bishop Miege (KS),150,Kansas City Bishop Miege (KS)
Kansas City Bishop Ward (KS),1057,Kansas City Bishop Ward (KS)
Kansas City Christ Prep Academy (KS),203,Kansas City Christ Prep Academy (KS)
Kansas City Harmon (KS),519,Kansas City Harmon (KS)
Kansas City Piper (KS),660,Kansas City Piper (KS)
Kansas City Rosedale (KS),500,Kansas City Rosedale (KS)
Kansas City Schlagle (KS),541,Kansas City Schlagle (KS)
Kansas City Sumner Academy (KS),834,Kansas City Sumner Academy (KS)
Kansas City Turner (KS),918,Kansas City Turner (KS)
Kansas City Washington (KS),275,Kansas City Washington (KS)
Kansas City Wyandotte (KS),1136,Kansas City Wyandotte (KS)
Kansas School for the Deaf (KS),571,Kansas School for the Deaf (KS)
Kensington Thunder Ridge (KS),184,Kensington Thunder Ridge (KS)
Kensington West Smith County (KS),138,Kensington West Smith County (KS)
Kensington-West Smith County (KS),1,Kensington West Smith County (KS)
Kingman (KS),858,Kingman (KS)
Kinsley (KS),497,Kinsley (KS)
Kiowa South Barber (KS),407,Kiowa South Barber (KS)
Kismet Southwest Heights (KS),5,Kismet Southwestern Heights (KS)
Kismet Southwestern Heights (KS),305,Kismet Southwestern Heights (KS)
La Cygne Prairie View (KS),19,La Cygne Prairie View (KS)
LaCygne Prairie View (KS),14,La Cygne Prairie View (KS)
LaCrosse (KS),744,LaCrosse (KS)
St. Joseph Lafayette (KS),3,Lafayette St. Joseph  (KS)
Lakin (KS),349,Lakin (KS)
Langdon Fairfield (KS),376,Langdon Fairfield (KS)
Lansing (KS),663,Lansing (KS)
Larned (KS),684,Larned (KS)
Lawrence (KS),1221,Lawrence (KS)
Lawrence Free State (KS),295,Lawrence Free State (KS)
Lawrence Haskell Indian Nations University (KS),112,Lawrence Haskell Indian Nations University (KS)
"Lawrence Haskell Indian Nations University """"B"""" (KS)",1,Lawrence Haskell Indian Nations University B (KS)
Lawrence Haskell Indian Nations University 2nds (KS),2,Lawrence Haskell Indian Nations University B (KS)
Lawrence Haskell Indian Nations University Reserves (KS),2,Lawrence Haskell Indian Nations University B (KS)
Lawrence Independence Home School (KS),37,Lawrence Independence Home School (KS)
Lawrence Independence HomeSchool (KS),2,Lawrence Independence Home School (KS)
Lawrence Veritas Christian (KS),163,Lawrence Veritas Christian (KS)
Leavenworth (KS),1203,Leavenworth (KS)
Leavenworth Immaculata (KS),569,Leavenworth Immaculata (KS)
Lebo (KS),364,Lebo (KS)
Lenexa Christ Prep (KS),20,Lenexa Christ Prep Academy (KS)
Lenexa Christ Prep Academy (KS),104,Lenexa Christ Prep Academy (KS)
Lenexa Saint James Academy (KS),34,Lenexa St. James Academy (KS)
Lenexa St. James (KS),19,Lenexa St. James Academy (KS)
Lenexa St. James Academy (KS),163,Lenexa St. James Academy (KS)
Leon Bluestem (KS),430,Leon Bluestem (KS)
Leoti Wichita County (KS),632,Leoti Wichita County (KS)
Leoti-Wichita County (KS),1,Leoti Wichita County (KS)
Leroy Southern Coffey County (KS),9,Leroy Southern Coffey County (KS)
Leroy SouthernCoffey County (KS),194,Leroy Southern Coffey County (KS)
Liberal (KS),894,Liberal (KS)
Lincoln (KS),710,Lincoln (KS)
Lindsborg (KS),230,Lindsborg (KS)
Lindsborg Smokey Valley (KS),1,Lindsborg Smoky Valley (KS)
Lindsborg Smoky Valley (KS),405,Lindsborg Smoky Valley (KS)
Linn (KS),511,Linn (KS)
Little River (KS),445,Little River (KS)
Logan (KS),207,Logan (KS)
Longton Elk Valley (KS),153,Longton Elk Valley (KS)
Lost Springs Centre (KS),488,Lost Springs Centre (KS)
Louisburg (KS),719,Louisburg (KS)
Lucas-Luray (KS),109,Lucas-Luray (KS)
Lyndon (KS),661,Lyndon (KS)
Lyons (KS),778,Lyons (KS)
Macksville (KS),374,Macksville (KS)
Madison (KS),208,Madison (KS)
Madison Hamilton (KS),17,Madison-Hamilton (KS)
Madison-Hamilton (KS),169,Madison-Hamilton (KS)
Maize (KS),560,Maize (KS)
Manhattan (KS),1174,Manhattan (KS)
Manhattan Eagles (KS),86,Manhattan (KS)
Manhattan Monsignor Luckey (KS),118,Manhattan Monsignor Luckey (KS)
Mankato (KS),556,Mankato (KS)
Mankato Rock Hills (KS),184,Mankato Rock Hills (KS)
Marion (KS),919,Marion (KS)
Marysville (KS),1013,Marysville (KS)
McLouth (KS),616,McLouth (KS)
McPherson (KS),1028,McPherson (KS)
Meade (KS),737,Meade (KS)
Medicine Lodge (KS),466,Medicine Lodge (KS)
Melvern Marais Des (KS),16,Melvern Marais Des Cygne Valley (KS)
Melvern Marais des Cygne (KS),1,Melvern Marais Des Cygne Valley (KS)
Melvern Marais Des Cygne Valle (KS),10,Melvern Marais Des Cygne Valley (KS)
Melvern Marais Des Cygne Valley (KS),5,Melvern Marais Des Cygne Valley (KS)
Melvern Marais des Cygnes Valley (KS),5,Melvern Marais Des Cygne Valley (KS)
Melvern Marais DesCygnes Valley (KS),262,Melvern Marais Des Cygne Valley (KS)
Meriden Jefferson County West (KS),8,Meriden Jefferson West (KS)
Meriden Jefferson West (KS),549,Meriden Jefferson West (KS)
Miltonvale (KS),102,Miltonvale (KS)
Minneapolis (KS),1094,Minneapolis (KS)
Minneola (KS),309,Minneola (KS)
Montezuma (KS),124,Montezuma (KS)
Montezuma South Gray (KS),268,Montezuma South Gray (KS)
Moran (KS),124,Moran (KS)
Moran Marmaton Valley (KS),9,Moran Marmaton Valley (KS)
Moran MarmatonValley (KS),711,Moran Marmaton Valley (KS)
Morrowville North Central (KS),314,Morrowville North Central (KS)
Moscow (KS),602,Moscow (KS)
Mound City Jayhawk Linn (KS),510,Mound City Jayhawk Linn (KS)
Mound City Jayhawk-Linn (KS),1,Mound City Jayhawk Linn (KS)
Moundridge (KS),644,Moundridge (KS)
Mount Hope (KS),46,Mount Hope (KS)
Mt. Hope (KS),21,Mount Hope (KS)
Mulberry (KS),125,Mulberry (KS)
Mulvane (KS),1027,Mulvane (KS)
Zenda Nashville (KS),10,Nashville-Zenda (KS)
Natoma (KS),215,Natoma (KS)
Neodesha (KS),1025,Neodesha (KS)
Ness City (KS),713,Ness City (KS)
Newton (KS),1000,Newton (KS)
Nickerson (KS),674,Nickerson (KS)
Norton (KS),629,Norton (KS)
Norton Community (KS),1,Norton (KS)
Norwich (KS),279,Norwich (KS)
Oakley (KS),654,Oakley (KS)
Oberlin Decatur Community (KS),769,Oberlin Decatur Community (KS)
Olathe (KS),631,Olathe (KS)
Olathe East (KS),401,Olathe East (KS)
Olathe North (KS),564,Olathe North (KS)
Olathe Northwest (KS),205,Olathe Northwest (KS)
Olathe South (KS),529,Olathe South (KS)
Olpe (KS),635,Olpe (KS)
Onaga (KS),707,Onaga (KS)
Osage City (KS),749,Osage City (KS)
Osawatomie (KS),859,Osawatomie (KS)
Osborne (KS),632,Osborne (KS)
Oskaloosa (KS),605,Oskaloosa (KS)
Oswego (KS),760,Oswego (KS)
Otis-Bison (KS),555,Otis-Bison (KS)
Ottawa (KS),1045,Ottawa (KS)
Ottawa Academy (KS),1,Ottawa University Academy (KS)
Ottawa University Academy (KS),3,Ottawa University Academy (KS)
"Ottawa University """"B"""" (KS)",1,Ottawa University B (KS)
Ottawa University Reserves (KS),1,Ottawa University B (KS)
Overland Park Blue Valley North (KS),412,Overland Park Blue Valley North (KS)
Overland Park Blue Valley Northwest (KS),357,Overland Park Blue Valley Northwest (KS)
Overland Park Blue Valley Southwest (KS),159,Overland Park Blue Valley Southwest (KS)
Overland Park Shawnee Mission (KS),279,Overland Park Shawnee Mission (KS)
Overland Park Aquinas (KS),529,Overland Park St. Thomas Aquinas (KS)
Overland Park Saint Thomas (KS),20,Overland Park St. Thomas Aquinas (KS)
Overland Park Saint Thomas Aquinas (KS),16,Overland Park St. Thomas Aquinas (KS)
Overland Park St. Thomas Aquinas (KS),1,Overland Park St. Thomas Aquinas (KS)
Oxford (KS),773,Oxford (KS)
Palco (KS),205,Palco (KS)
Paola (KS),771,Paola (KS)
Parsons (KS),1060,Parsons (KS)
Peabody (KS),126,Peabody (KS)
Peabody Burns (KS),17,Peabody-Burns (KS)
Peabody-Burns (KS),504,Peabody-Burns (KS)
Perry Lecompton (KS),18,Perry-Lecompton (KS)
Perry-Lecompton (KS),581,Perry-Lecompton (KS)
Phillipsburg (KS),586,Phillipsburg (KS)
Pittsburg (KS),1189,Pittsburg (KS)
Pittsburg Saint Mary's-Colgan (KS),32,Pittsburg St. Mary's-Colgan (KS)
Pittsburg St Mary's-Colgan (KS),60,Pittsburg St. Mary's-Colgan (KS)
Pittsburg St. Marys (KS),19,Pittsburg St. Mary's-Colgan (KS)
Pittsburg St. Mary's Colgan (KS),1,Pittsburg St. Mary's-Colgan (KS)
Pittsburg St. Mary's-Colgan (KS),861,Pittsburg St. Mary's-Colgan (KS)
Pittsburgh St. Mary's Colgan (KS),1,Pittsburg St. Mary's-Colgan (KS)
Plainville (KS),865,Plainville (KS)
Pleasanton (KS),757,Pleasanton (KS)
Pomona (KS),464,Pomona (KS)
Pomona West Franklin (KS),196,Pomona West Franklin (KS)
Powhattan Kickapoo Nation (KS),2,Powhattan Kickapoo Nation (KS)
Powhattan KickapooNation (KS),49,Powhattan Kickapoo Nation (KS)
Pratt (KS),893,Pratt (KS)
Pratt Skyline (KS),545,Pratt Skyline (KS)
Pretty Prairie (KS),502,Pretty Prairie (KS)
Quinter (KS),444,Quinter (KS)
Randolph Blue Valley (KS),693,Randolph Blue Valley (KS)
Ransom (KS),126,Ransom (KS)
Rexford Golden Plains (KS),459,Rexford Golden Plains (KS)
Richmond Central Heights (KS),585,Richmond Central Heights (KS)
Riley County (KS),756,Riley County (KS)
Riverside [Wathena-Elwood] (KS),102,Riverside [Wathena-Elwood] (KS)
Riverton (KS),963,Riverton (KS)
Rolla (KS),524,Rolla (KS)
Rosalia Flinthills (KS),272,Rosalia Flinthills (KS)
Rose Hill (KS),453,Rose Hill (KS)
Rossville (KS),849,Rossville (KS)
Rozel Pawnee Heights (KS),230,Rozel Pawnee Heights (KS)
Russell (KS),716,Russell (KS)
Sabetha (KS),796,Sabetha (KS)
Saint Francis (KS),604,Saint Francis (KS)
St. George (KS),138,Saint George (KS)
Saint George Rock Creek (KS),50,Saint George Rock Creek (KS)
St. George Rock Creek (KS),331,Saint George Rock Creek (KS)
St. John (KS),602,Saint John (KS)
Saint John (KS),53,Saint John (KS)
St. John-Hudson (KS),2,Saint John-Hudson (KS)
St. Marys (KS),725,Saint Marys (KS)
Saint Marys (KS),54,Saint Marys (KS)
"St. Mary's Academy """"B"""" (KS)",1,"Saint Mary's Academy """"B"""" (KS)"
St. Marys Academy (KS),104,Saint Marys Academy (KS)
Saint Marys Academy (KS),18,Saint Mary's Academy (KS)
Saint Mary's Academy (KS),170,Saint Mary's Academy (KS)
Saint Mary's Academys (KS),1,Saint Mary's Academy (KS)
Saint Marys Saint Mary's Academy (KS),24,Saint Mary's Academy (KS)
St. Marys ImmaculateConception (KS),1,Saint Marys ImmaculateConception (KS)
St. Marys Pittsburg Colgan (KS),1,Saint Marys Pittsburg Colgan (KS)
St. Paul (KS),685,Saint Paul (KS)
Salina Central (KS),954,Salina Central (KS)
Salina Sacred Heart (KS),677,Salina Sacred Heart (KS)
Salina South (KS),585,Salina South (KS)
Salina St. John's Military (KS),12,Salina St.John's Military (KS)
Salina St.John's Military (KS),522,Salina St.John's Military (KS)
Satanta (KS),490,Satanta (KS)
Scandia (KS),21,Scandia Pike Valley (KS)
Scandia Pike Valley (KS),466,Scandia Pike Valley (KS)
Scott City (KS),920,Scott City (KS)
Sedan (KS),596,Sedan (KS)
Sedgwick (KS),586,Sedgwick (KS)
Seneca Nemaha Central (KS),127,Seneca Nemaha Central (KS)
Seneca Nemaha Valley (KS),558,Seneca Nemaha Valley (KS)
Seneca Saints Peter and Paul Catholic (KS),17,Seneca Sts. Peter and Paul Catholic (KS)
Seneca Saints PeterandPaul Catholic (KS),84,Seneca Sts. Peter and Paul Catholic (KS)
Sharon Springs (KS),120,Sharon Springs (KS)
Sharon Springs Wallace County (KS),240,Sharon Springs Wallace County (KS)
Shawnee Maranatha Christian (KS),16,Shawnee Maranatha Christian Academy (KS)
Shawnee Maranatha Christian Academy (KS),93,Shawnee Maranatha Christian Academy (KS)
Shawnee Mill Valley (KS),279,Shawnee Mill Valley (KS)
Shawnee Mission (KS),211,Shawnee Mission (KS)
Shawnee Mission Bishop Miege (KS),875,Shawnee Mission Bishop Miege (KS)
Shawnee Mission East (KS),735,Shawnee Mission East (KS)
Shawnee Mission North (KS),759,Shawnee Mission North (KS)
Shawnee Mission Northwest (KS),627,Shawnee Mission Northwest (KS)
Shawnee Mission South (KS),701,Shawnee Mission South (KS)
Shawnee Mission West (KS),760,Shawnee Mission West (KS)
Shawnee St. Joseph (KS),106,Shawnee St. Joseph (KS)
Shawnee St. Joseph Catholic (KS),69,Shawnee St. Joseph (KS)
Silver Lake (KS),1017,Silver Lake (KS)
Smith Center (KS),787,Smith Center (KS)
Solomon (KS),505,Solomon (KS)
South Haven (KS),292,South Haven (KS)
Southern Cloud co-op [Miltonvale-Glasco] (KS),331,Southern Cloud co-op [Miltonvale-Glasco] (KS)
Southwestern 2nds (KS),14,Southwestern College B (KS)
"Southwestern College """"B"""" (KS)",4,Southwestern College B (KS)
Southwestern College 2nd (KS),14,Southwestern College B (KS)
Southwestern College JV (KS),1,Southwestern College B (KS)
Spearville (KS),340,Spearville (KS)
Spring Hill (KS),608,Spring Hill (KS)
Stafford (KS),948,Stafford (KS)
Sterling (KS),819,Sterling (KS)
Stilwell Blue Valley (KS),694,Stilwell Blue Valley (KS)
Stilwel Blue Valley West (KS),13,Stilwell Blue Valley West (KS)
Stilwell Blue Valley West (KS),242,Stilwell Blue Valley West (KS)
Stockton (KS),483,Stockton (KS)
Sublette (KS),323,Sublette (KS)
Sylvan Grove (KS),327,Sylvan Grove (KS)
Sylvan Grove Sylvan Lucas (KS),17,Sylvan Grove Sylvan-Lucas (KS)
Sylvan Grove Sylvan-Lucas (KS),136,Sylvan Grove Sylvan-Lucas (KS)
Sylvia (KS),1,Sylvia Rural (KS)
Sylvia Rural (KS),1,Sylvia Rural (KS)
Syracuse (KS),386,Syracuse (KS)
Syracuse Christian (KS),1,Syracuse Christian Academy (KS)
Syracuse Christian Academy (KS),3,Syracuse Christian Academy (KS)
Tecumseh Shawnee Heights (KS),653,Tecumseh Shawnee Heights (KS)
Tescott (KS),379,Tescott (KS)
Thayer (KS),175,Thayer (KS)
Tonganoxie (KS),929,Tonganoxie (KS)
Topeka (KS),1226,Topeka (KS)
Topeka Cair Paravel (KS),216,Topeka Cair Paravel (KS)
Topeka Cornerstone Family (KS),32,Topeka Cornerstone Family (KS)
"Topeka Cornerstone Family, KS (KS)",1,Topeka Cornerstone Family (KS)
Topeka Hayden (KS),1043,Topeka Hayden (KS)
Topeka Hayden Catholic (KS),21,Topeka Hayden (KS)
Topeka Highland Park (KS),795,Topeka Highland Park (KS)
Topeka Kansas Industrial School (KS),1,Topeka Kansas Voc (KS)
Topeka Kansas Vocational (KS),9,Topeka Kansas Voc (KS)
Topeka Seaman (KS),898,Topeka Seaman (KS)
Topeka W.R. (KS),1,Topeka Washburn Rural (KS)
Topeka Washburn Rural (KS),808,Topeka Washburn Rural (KS)
Topeka West (KS),662,Topeka West (KS)
Towanda Circle (KS),600,Towanda Circle (KS)
Tribune Greeley County (KS),731,Tribune Greeley County (KS)
Triplains-Brewster (KS),162,Triplains-Brewster (KS)
Troy (KS),1021,Troy (KS)
Udall (KS),335,Udall (KS)
Ulysses (KS),644,Ulysses (KS)
Uniontown (KS),731,Uniontown (KS)
University of Arkansas (KS),3,University of Arkansas (AR)
University of Arkansas Fresh (KS),1,University of Arkansas Frosh (AR)
Valley Center (KS),729,Valley Center (KS)
Valley Central (KS),1,Valley Center (KS)
Valley Falls (KS),587,Valley Falls (KS)
Victoria (KS),500,Victoria (KS)
WaKeeney Trego (KS),423,WaKeeney Trego (KS)
Wakeeney Trego Community (KS),77,WaKeeney Trego (KS)
Wakefield (KS),545,Wakefield (KS)
Wamego (KS),801,Wamego (KS)
Washington (KS),1077,Washington (KS)
Washington Rural (KS),1,Washington (KS)
Washington County (KS),334,Washington County (KS)
Wathena (KS),404,Wathena (KS)
Wathena Riverside [Wathena-Elwood] (KS),8,Wathena Riverside [Wathena-Elwood] (KS)
Wathena Riverside Wathena (KS),17,Wathena Riverside [Wathena-Elwood] (KS)
Waverly (KS),404,Waverly (KS)
Wellington (KS),1069,Wellington (KS)
Wellsville (KS),656,Wellsville (KS)
Weskan (KS),276,Weskan (KS)
Westmoreland (KS),106,Westmoreland (KS)
White City (KS),587,White City (KS)
Whitewater Frederic Remington (KS),5,Whitewater Remington (KS)
Whitewater Remington (KS),450,Whitewater Remington (KS)
Wichita (KS),134,Wichita (KS)
Wichita Carroll (KS),666,Wichita Carroll (KS)
Wichita Cathedral (KS),29,Wichita Cathedral of the Immaculate Conception (KS)
Wichita Cathedral of the Immaculate Conception (KS),15,Wichita Cathedral of the Immaculate Conception (KS)
WichitaCathedral (KS),9,Wichita Cathedral of the Immaculate Conception (KS)
Wichita Collegiate (KS),518,Wichita Collegiate (KS)
Wichita East (KS),1089,Wichita East (KS)
Wichita Haysville Campus (KS),658,Wichita Haysville Campus (KS)
Wichita Heights (KS),652,Wichita Heights (KS)
Wichita HomeSchool (KS),110,Wichita HomeSchool (KS)
Wichita Independent (KS),230,Wichita Independent (KS)
Wichita ChaplainKapaunMemorial (KS),11,Wichita Kapaun Mount Carmel (KS)
Wichita Kapaun Mount Carmel (KS),753,Wichita Kapaun Mount Carmel (KS)
Wichita Kapaun Mt. Carmel (KS),9,Wichita Kapaun Mount Carmel (KS)
Wichita Kapaun Mt. Carmel Catholic (KS),1,Wichita Kapaun Mount Carmel (KS)
Wichita Kapaun Mt. Crusad (KS),17,Wichita Kapaun Mount Carmel (KS)
Wichita Mt. Carmel Academy (KS),1,Wichita Kapaun Mount Carmel (KS)
Wichita Maize South (KS),169,Wichita Maize South (KS)
Wichita North (KS),943,Wichita North (KS)
Wichita Northeast Magnet (KS),1,Wichita Northwest (KS)
Wichita Northwest (KS),505,Wichita Northwest (KS)
Wichita South (KS),638,Wichita South (KS)
Wichita Southeast (KS),836,Wichita Southeast (KS)
Wichita Southest (KS),4,Wichita Southeast (KS)
Wichita Trinity Academy (KS),190,Wichita Trinity Academy (KS)
Wichita West (KS),736,Wichita West (KS)
Wichita Word of Life (KS),175,Wichita Word of Life (KS)
Williamsburg (KS),145,Williamsburg (KS)
Wilson (KS),307,Wilson (KS)
Winchester Jefferson County (KS),16,Winchester Jefferson County North (KS)
Winchester Jefferson County North (KS),558,Winchester Jefferson County North (KS)
Windhorst (KS),8,Windhorst (KS)
Windthorst (KS),3,Windhorst (KS)
Winfield (KS),935,Winfield (KS)
Yates Center (KS),672,Yates Center (KS)
