Alias_Name,GameCount,Standardized_Name
Albany Clinton County (KY),265,Albany Clinton County (KY)
Alexandria Bishop Brossart (KY),199,Alexandria Bishop Brossart (KY)
Alexandria Campbell County (KY),611,Alexandria Campbell County (KY)
Alva Black Star (KY),116,Alva Black Star (KY)
Ashland (KY),294,Ashland (KY)
Ashland Blazer (KY),1248,Ashland Blazer (KY)
Ashland Boyd County (KY),1107,Ashland Boyd County (KY)
Ashland Fairview (KY),618,Ashland Fairview (KY)
Barbourville (KY),177,Barbourville (KY)
Barbourville Knox Central (KY),1005,Barbourville Knox Central (KY)
Bardstown (KY),593,Bardstown (KY)
Bardstown Bethlehem (KY),321,Bardstown Bethlehem (KY)
Bardstown Nelson County (KY),544,Bardstown Nelson County (KY)
Bardstown St. Joseph College (KY),1,Bardstown St. Joseph's Prep (KY)
Bardstown St. Joseph's Prep (KY),29,Bardstown St. Joseph's Prep (KY)
Bardstown Thomas Nelson (KY),130,Bardstown Thomas Nelson (KY)
Barlow Ballard Memorial (KY),524,Barlow Ballard Memorial (KY)
Bedford Trimble County (KY),356,Bedford Trimble County (KY)
Belfry (KY),1155,Belfry (KY)
Bellevue (KY),640,Bellevue (KY)
Benham (KY),198,Benham (KY)
Benton Marshall County (KY),521,Benton Marshall County (KY)
Berea (KY),508,Berea (KY)
Berea Madison Southern (KY),632,Berea Madison Southern (KY)
Betsy Layne (KY),507,Betsy Layne (KY)
Bowling Green (KY),677,Bowling Green (KY)
Bowling Green Greenwood (KY),314,Bowling Green Greenwood (KY)
Bowling Green South Warren (KY),186,Bowling Green South Warren (KY)
Bowling Green Warren Central (KY),577,Bowling Green Warren Central (KY)
Bowling Green Warren East (KY),517,Bowling Green Warren East (KY)
Brandenburg Meade County (KY),552,Brandenburg Meade County (KY)
Brooksville Bracken County (KY),236,Brooksville Bracken County (KY)
Brownsville Edmonson County (KY),502,Brownsville Edmonson County (KY)
Buckner Oldham County (KY),562,Buckner Oldham County (KY)
Burlington Cooper (KY),211,Burlington Cooper (KY)
Cadiz Trigg County (KY),541,Cadiz Trigg County (KY)
Calhoun McLean County (KY),506,Calhoun McLean County (KY)
Campbellsville (KY),533,Campbellsville (KY)
Campbellsville Taylor County (KY),514,Campbellsville Taylor County (KY)
Carlisle Nicholas County (KY),533,Carlisle Nicholas County (KY)
Carrollton Carroll County (KY),542,Carrollton Carroll County (KY)
Catlettsburg (KY),616,Catlettsburg (KY)
Cecilia Central Hardin (KY),392,Cecilia Central Hardin (KY)
Cecilia West Hardin (KY),112,Cecilia West Hardin (KY)
Celicia West Hardin (KY),5,Cecilia West Hardin (KY)
Celicia East Hardin (KY),150,Celicia East Hardin (KY)
Chicago Amundsen (KY),1,Chicago Amundsen (IL)
Chicago Austin (KY),2,Chicago Austin (IL)
Chicago Hyde Park (KY),2,Chicago Hyde Park (IL)
Columbia Adair County (KY),485,Columbia Adair County (KY)
Corbin (KY),1156,Corbin (KY)
Corbin Lynn Camp (KY),948,Corbin Lynn Camp (KY)
Covington Holmes (KY),682,Covington Holmes (KY)
Covington Holy Cross (KY),327,Covington Holy Cross (KY)
Covington Scott (KY),474,Covington Scott (KY)
Saint Augustine (KY),1,Covington St. Augustine (KY)
Crestwood South Oldham (KY),409,Crestwood South Oldham (KY)
Cumberland (KY),767,Cumberland (KY)
Cynthiana Harrison County (KY),582,Cynthiana Harrison County (KY)
Danville (KY),1226,Danville (KY)
Danville Boyle County (KY),628,Danville Boyle County (KY)
Dayton (KY),612,Dayton (KY)
Dixon Webster County (KY),510,Dixon Webster County (KY)
Dry Ridge Grant County (KY),334,Dry Ridge Grant County (KY)
Eastern Allen Central (KY),334,Eastern Allen Central (KY)
Eastern Floyd Central (KY),241,Eastern Floyd Central (KY)
Dixie Heights Edgewood (KY),1,Edgewood Dixie Heights (KY)
Edgewood Dixie Heights (KY),620,Edgewood Dixie Heights (KY)
Edmonton Metcalfe County (KY),493,Edmonton Metcalfe County (KY)
Elizabethtown (KY),595,Elizabethtown (KY)
Elizabethtown John Hardin (KY),300,Elizabethtown John Hardin (KY)
Elkhorn City (KY),430,Elkhorn City (KY)
Elkton Todd County (KY),20,Elkton Todd County Central (KY)
Elkton Todd County Central (KY),487,Elkton Todd County Central (KY)
Eminence (KY),486,Eminence (KY)
Erlanger (KY),1,Erlanger Lloyd Memorial (KY)
Erlanger Lloyd (KY),28,Erlanger Lloyd Memorial (KY)
Erlanger Lloyd Memorial (KY),600,Erlanger Lloyd Memorial (KY)
Evarts (KY),762,Evarts (KY)
Fairdale (KY),575,Fairdale (KY)
Falmouth Pendleton County (KY),232,Falmouth Pendleton County (KY)
Fleming-Neon (KY),488,Fleming-Neon (KY)
Flemingsburg Fleming County (KY),635,Flemingsburg Fleming County (KY)
Florence Boone County (KY),619,Florence Boone County (KY)
Fort Campbell (KY),563,Fort Campbell (KY)
Fort Knox (KY),547,Fort Knox (KY)
Fort Mitchell Beechwood (KY),843,Fort Mitchell Beechwood (KY)
Fort Thomas Highlands (KY),1316,Fort Thomas Highlands (KY)
Frankfort (KY),595,Frankfort (KY)
Frankfort Franklin County (KY),598,Frankfort Franklin County (KY)
Frankfort Western Hills (KY),450,Frankfort Western Hills (KY)
Franklin-Simpson (KY),595,Franklin-Simpson (KY)
Fulton City (KY),426,Fulton City (KY)
Georgetown Great (KY),20,Georgetown Great Crossing (KY)
Georgetown Great Crossing (KY),35,Georgetown Great Crossing (KY)
Georgetown Scott County (KY),594,Georgetown Scott County (KY)
Glasgow (KY),590,Glasgow (KY)
Glasgow Barren County (KY),518,Glasgow Barren County (KY)
Goshen North Oldham (KY),252,Goshen North Oldham (KY)
Grayson East Carter (KY),586,Grayson East Carter (KY)
Greensburg Green County (KY),509,Greensburg Green County (KY)
Greenup County (KY),667,Greenup County (KY)
Greenup Ramblers (KY),1,Greenup County (KY)
Greenville Muhlenberg County (KY),266,Greenville Muhlenberg County (KY)
Greenville Muhlenberg North (KY),116,Greenville Muhlenberg North (KY)
Greenville Muhlenberg South (KY),156,Greenville Muhlenberg South (KY)
Harlan (KY),216,Harlan (KY)
Harlan Cawood (KY),467,Harlan Cawood (KY)
Harlan County (KY),1261,Harlan County (KY)
Harlan Grays Knob Hall (KY),154,Harlan Grays Knob Hall (KY)
Harned Breckinridge County (KY),483,Harned Breckinridge County (KY)
Harrodsburg (KY),368,Harrodsburg (KY)
Harrodsburg Mercer County (KY),544,Harrodsburg Mercer County (KY)
Hartford Ohio County (KY),509,Hartford Ohio County (KY)
Hazard (KY),1055,Hazard (KY)
Hazard M.C. Napier (KY),424,Hazard M.C. Napier (KY)
Hazard Napier (KY),1,Hazard M.C. Napier (KY)
Hazard Perry County (KY),20,Hazard Perry County Central (KY)
Hazard Perry County Central (KY),309,Hazard Perry County Central (KY)
Hebron Conner (KY),549,Hebron Conner (KY)
Henderson Barret Manual (KY),1,Henderson Barrett (KY)
Henderson Barrett (KY),89,Henderson Barrett (KY)
Henderson Barrett Manual Training (KY),9,Henderson Barrett (KY)
Henderson Co (KY),2,Henderson County (KY)
Henderson County (KY),728,Henderson County (KY)
Hi Hat South Floyd (KY),239,Hi Hat South Floyd (KY)
Hickman Fulton County (KY),516,Hickman Fulton County (KY)
Hindman Knott County (KY),19,Hindman Knott County Central (KY)
Hindman Knott County Central (KY),442,Hindman Knott County Central (KY)
Hodgenville Larue County (KY),531,Hodgenville Larue County (KY)
Hopkinsville (KY),634,Hopkinsville (KY)
S. Hopkinsville (KY),1,Hopkinsville (KY)
Hopkinsville Christian County (KY),564,Hopkinsville Christian County (KY)
Horse Cave Caverna (KY),488,Horse Cave Caverna (KY)
Hyden Leslie County (KY),661,Hyden Leslie County (KY)
Independence Simon Kenton (KY),561,Independence Simon Kenton (KY)
Inez Martin County (KY),503,Inez Martin County (KY)
Inez Sheldon Clark (KY),143,Inez Sheldon Clark (KY)
Irvine Estill County (KY),553,Irvine Estill County (KY)
Jackson Breathitt County (KY),604,Jackson Breathitt County (KY)
Jenkins (KY),910,Jenkins (KY)
Kentucky School for Deaf (KY),1,Kentucky School for the Deaf (KY)
Kentucky School for the Deaf (KY),175,Kentucky School for the Deaf (KY)
Lancaster Garrard County (KY),547,Lancaster Garrard County (KY)
Lawrenceburg Anderson County (KY),592,Lawrenceburg Anderson County (KY)
Lebanon Marion County (KY),501,Lebanon Marion County (KY)
Leitchfield Grayson County (KY),493,Leitchfield Grayson County (KY)
Hancock Co (KY),6,Lewisport Hancock County (KY)
Lewisport Hancock County (KY),536,Lewisport Hancock County (KY)
Lexington Bryan Station (KY),780,Lexington Bryan Station (KY)
Lexington Catholic (KY),431,Lexington Catholic (KY)
Lexington Christian (KY),313,Lexington Christian (KY)
Lexington Frederick Douglass (KY),99,Lexington Frederick Douglass (KY)
Lexington Henry Clay (KY),1125,Lexington Henry Clay (KY)
Lexington Lafayette (KY),692,Lexington Lafayette (KY)
Lexington Model (KY),3,Lexington Model (KY)
Lexington Model High (KY),1,Lexington Model (KY)
Lexington Paul Laurence (KY),17,Lexington Paul Laurence Dunbar (KY)
Lexington Paul Laurence Dunbar (KY),422,Lexington Paul Laurence Dunbar (KY)
Lexington Tates Creek (KY),703,Lexington Tates Creek (KY)
Liberty Casey County (KY),483,Liberty Casey County (KY)
Lick Creek East Ridge (KY),238,Lick Creek East Ridge (KY)
London Laurel County (KY),218,London Laurel County (KY)
London North Laurel (KY),356,London North Laurel (KY)
London South Laurel (KY),352,London South Laurel (KY)
Louisa (KY),418,Louisa (KY)
Louisa Lawrence County (KY),1073,Louisa Lawrence County (KY)
Lou Atherton (KY),2,Louisville Atherton (KY)
Louisville Atherton (KY),574,Louisville Atherton (KY)
Louisville Ballard (KY),641,Louisville Ballard (KY)
Louisville Beth Haven (KY),32,Louisville Beth Haven Christian (KY)
Louisville Beth Haven Christian (KY),133,Louisville Beth Haven Christian (KY)
Louisville Bishop David (KY),131,Louisville Bishop David (KY)
Lou Butler (KY),1,Louisville Butler (KY)
Louisville Butler (KY),585,Louisville Butler (KY)
Louisville Central (KY),633,Louisville Central (KY)
Louisville Central Yellow (KY),22,Louisville Central (KY)
Louisville Christian Academy (KY),334,Louisville Christian Academy (KY)
Louisville DeSales (KY),647,Louisville DeSales (KY)
Louisville Doss (KY),534,Louisville Doss (KY)
Louisville DuPont Manual (KY),1034,Louisville DuPont Manual (KY)
Louisville Eastern (KY),570,Louisville Eastern (KY)
Louisville Fern Creek (KY),578,Louisville Fern Creek (KY)
Louisville Flaget (KY),363,Louisville Flaget (KY)
Louisville Holy Cross (KY),470,Louisville Holy Cross (KY)
Louisville Iroquois (KY),525,Louisville Iroquois (KY)
Louisville Jeffersontown (KY),534,Louisville Jeffersontown (KY)
Louisville Kentucky Country (KY),21,Louisville Kentucky Country Day (KY)
Louisville Kentucky Country Day (KY),498,Louisville Kentucky Country Day (KY)
Louisville Male (KY),1490,Louisville Male (KY)
Louisville Moore (KY),522,Louisville Moore (KY)
Louisville Normal (KY),1,Louisville Normal (KY)
Louisville Normal Bulldogs (KY),1,Louisville Normal (KY)
Louisville Pleasure Ridge (KY),19,Louisville Pleasure Ridge Park (KY)
Louisville Pleasure Ridge Park (KY),633,Louisville Pleasure Ridge Park (KY)
Louisville Seneca (KY),556,Louisville Seneca (KY)
Louisville Shawnee (KY),544,Louisville Shawnee (KY)
Louisville Southern (KY),349,Louisville Southern (KY)
Louisville Saint Xavier (KY),1041,Louisville St. Xavier (KY)
Louisville St. Xavier (KY),1,Louisville St. Xavier (KY)
Louisville Trinity (KY),824,Louisville Trinity (KY)
Louisville Valley (KY),572,Louisville Valley (KY)
Lou Waggener (KY),4,Louisville Waggener (KY)
Louisville Waggener (KY),548,Louisville Waggener (KY)
Louisville Waggner (KY),1,Louisville Waggener (KY)
Louisville Western (KY),552,Louisville Western (KY)
Louisville Westport (KY),73,Louisville Westport (KY)
Westport (KY),2,Louisville Westport (KY)
Loyall (KY),153,Loyall (KY)
Ludlow (KY),588,Ludlow (KY)
Lynch (KY),522,Lynch (KY)
Kentucky Military Academy (KY),14,Lyndon Kentucky Military Institute (KY)
Kentucky Military Institute (KY),49,Lyndon Kentucky Military Institute (KY)
Lyndon Kentucky Military Academy (KY),1,Lyndon Kentucky Military Institute (KY)
Lyndon Kentucky Military Institute (KY),53,Lyndon Kentucky Military Institute (KY)
Madisonville (KY),284,Madisonville (KY)
Madisonville Hopkins County (KY),36,Madisonville Hopkins County Central (KY)
Madisonville Hopkins County Central (KY),273,Madisonville Hopkins County Central (KY)
Madisonville North Hopkins (KY),6,Madisonville North Hopkins (KY)
Madisonville NorthHopkins (KY),306,Madisonville North Hopkins (KY)
Madisonville-North Hopkins (KY),4,Madisonville North Hopkins (KY)
Manchester Clay County (KY),520,Manchester Clay County (KY)
Marion Crittenden County (KY),544,Marion Crittenden County (KY)
Marion Crittendon County (KY),2,Marion Crittenden County (KY)
Mayfield (KY),779,Mayfield (KY)
Mayfield Graves County (KY),438,Mayfield Graves County (KY)
Maysville Mason County (KY),557,Maysville Mason County (KY)
McKee Jackson County (KY),197,McKee Jackson County (KY)
Middlesboro (KY),1161,Middlesboro (KY)
Millersburg Military Academy (KY),8,Millersburg Military Institute (KY)
Millersburg Military Institute (KY),48,Millersburg Military Institute (KY)
Millersburg MilitaryInstitute (KY),59,Millersburg Military Institute (KY)
Monticello Wayne County (KY),556,Monticello Wayne County (KY)
Morehead Rowan County (KY),597,Morehead Rowan County (KY)
Morganfield Union County (KY),624,Morganfield Union County (KY)
Morgantown Butler County (KY),496,Morgantown Butler County (KY)
Mt. Sterling (KY),5,Mount Sterling (KY)
Mt. Sterling DuBois (KY),9,Mount Sterling (KY)
Mt. Vernon (KY),2,Mount Sterling DuBois (KY)
Mount Sterling Montgomery County (KY),641,Mount Sterling Montgomery County (KY)
Mt.Vernon (KY),5,Mount Vernon (KY)
Mount Vernon Rockcastle County (KY),584,Mount Vernon Rockcastle County (KY)
Mount Washington Bullitt East (KY),491,Mount Washington Bullitt East (KY)
Munfordville Hart County (KY),485,Munfordville Hart County (KY)
Murray (KY),589,Murray (KY)
Murray Calloway County (KY),473,Murray Calloway County (KY)
New Castle (KY),1,New Castle Henry County (KY)
New Castle Henry County (KY),513,New Castle Henry County (KY)
Newport (KY),675,Newport (KY)
Newport Catholic (KY),29,Newport Central Catholic (KY)
Newport Central Catholic (KY),676,Newport Central Catholic (KY)
Nicholasville East Jessamine (KY),307,Nicholasville East Jessamine (KY)
Nicholasville Jessamine County (KY),245,Nicholasville Jessamine County (KY)
Nicholasville West Jessamine (KY),305,Nicholasville West Jessamine (KY)
Nortonville South Hopkins (KY),109,Nortonville South Hopkins (KY)
Olive Hill West Carter (KY),579,Olive Hill West Carter (KY)
Owensboro (KY),1449,Owensboro (KY)
Owensboro Apollo (KY),533,Owensboro Apollo (KY)
Owensboro Catholic (KY),671,Owensboro Catholic (KY)
Daviess Co (KY),3,Owensboro Daviess County (KY)
Owensboro Daviess County (KY),556,Owensboro Daviess County (KY)
Owenton Owen County (KY),497,Owenton Owen County (KY)
Owingsville Bath County (KY),540,Owingsville Bath County (KY)
West Paducah Heath (KY),1,Paducah Heath (KY)
Paducah Lone Oak (KY),373,Paducah Lone Oak (KY)
Paducah McCracken County (KY),296,Paducah McCracken County (KY)
Paducah Reidland (KY),346,Paducah Reidland (KY)
Paducah Tilamah (KY),9,Paducah Tilghman (KY)
Paducah Tilghman (KY),774,Paducah Tilghman (KY)
Paintsville (KY),1166,Paintsville (KY)
Paintsville Johnson Central (KY),655,Paintsville Johnson Central (KY)
Paintsville Johnson County (KY),13,Paintsville Johnson Central (KY)
Paris (KY),581,Paris (KY)
Paris Bourbon County (KY),545,Paris Bourbon County (KY)
Park Hills Covington Catholic (KY),719,Park Hills Covington Catholic (KY)
Phelps (KY),522,Phelps (KY)
Pikeville (KY),1175,Pikeville (KY)
Pikeville Johns Creek (KY),235,Pikeville Johns Creek (KY)
Pikeville Mullins (KY),113,Pikeville Mullins (KY)
Pikeville Pike County (KY),19,Pikeville Pike County Central (KY)
Pikeville Pike County Central (KY),342,Pikeville Pike County Central (KY)
Pikeville Shelby Valley (KY),411,Pikeville Shelby Valley (KY)
Pineville (KY),1105,Pineville (KY)
Pineville Bell (KY),1,Pineville Bell County (KY)
Pineville Bell County (KY),1062,Pineville Bell County (KY)
Prestonburg (KY),1,Prestonsburg (KY)
Prestonsburg (KY),1122,Prestonsburg (KY)
Princeton (KY),7,Princeton Caldwell County (KY)
Princeton Caldwell County (KY),553,Princeton Caldwell County (KY)
Punam Junior High (KY),1,Putnam Junior High (KY)
Putnam Junior High (KY),2,Putnam Junior High (KY)
Raceland (KY),1104,Raceland (KY)
Radcliff North Hardin (KY),547,Radcliff North Hardin (KY)
Richmond Madison (KY),129,Richmond Madison (KY)
Richmond Madison Central (KY),770,Richmond Madison Central (KY)
Russell (KY),1184,Russell (KY)
Russell Springs Russell County (KY),531,Russell Springs Russell County (KY)
Russellville (KY),577,Russellville (KY)
Russellville Logan County (KY),416,Russellville Logan County (KY)
Salyersville Magoffin County (KY),397,Salyersville Magoffin County (KY)
Scottsville Allen County (KY),525,Scottsville Allen County (KY)
Shelbyville Collins (KY),191,Shelbyville Collins (KY)
Shelbyville Shelby County (KY),575,Shelbyville Shelby County (KY)
Shepherdsville Bullitt Central (KY),532,Shepherdsville Bullitt Central (KY)
Shepherdsville North Bullitt (KY),528,Shepherdsville North Bullitt (KY)
Somerset (KY),805,Somerset (KY)
Somerset Pulaski County (KY),501,Somerset Pulaski County (KY)
Somerset Southwest (KY),1,Somerset Southwestern (KY)
Somerset Southwestern (KY),390,Somerset Southwestern (KY)
South Shore McKell (KY),416,South Shore McKell (KY)
Springfield Washington County (KY),527,Springfield Washington County (KY)
Stanford Lincoln County (KY),553,Stanford Lincoln County (KY)
Stanton Powell County (KY),354,Stanton Powell County (KY)
Stearns McCreary Central (KY),367,Stearns McCreary Central (KY)
Stearns McCreary County (KY),5,Stearns McCreary Central (KY)
Taylorsville Spencer County (KY),235,Taylorsville Spencer County (KY)
Monroe County (KY) (TN),1,Tompkinsville Monroe County (KY)
Tompkinsville Monroe County (KY),541,Tompkinsville Monroe County (KY)
Union Ryle (KY),416,Union Ryle (KY)
University of Louisville Fresh (KY),1,University of Louisville Frosh (KY)
University of Louisville Frosh (KY),1,University of Louisville Frosh (KY)
Vanceburg Lewis County (KY),555,Vanceburg Lewis County (KY)
Versailles Woodford County (KY),561,Versailles Woodford County (KY)
Virgie (KY),175,Virgie (KY)
Wallins (KY),1,Wallins Creek (KY)
Wallins Creek (KY),118,Wallins Creek (KY)
Walton Verona (KY),19,Walton-Verona (KY)
Walton-Verona (KY),189,Walton-Verona (KY)
Warsaw Gallatin County (KY),200,Warsaw Gallatin County (KY)
West Liberty Morgan County (KY),778,West Liberty Morgan County (KY)
Wheelwright (KY),266,Wheelwright (KY)
Whitesburg (KY),592,Whitesburg (KY)
Whitesburg Letcher County (KY),20,Whitesburg Letcher County Central (KY)
Whitesburg Letcher County Central (KY),220,Whitesburg Letcher County Central (KY)
Williamsburg (KY),905,Williamsburg (KY)
Williamsburg Whitley County (KY),214,Williamsburg Whitley County (KY)
Williamsburg WhitleyCounty (KY),642,Williamsburg Whitley County (KY)
Williamsburg Yellow (KY),17,Williamstown (KY)
Williamstown (KY),7,Williamstown (KY)
Winchester Clark County (KY),262,Winchester Clark County (KY)
Winchester George Rogers (KY),21,Winchester George Rogers Clark (KY)
Winchester George Rogers Clark (KY),394,Winchester George Rogers Clark (KY)
Wurtland (KY),313,Wurtland (KY)
