Alias_Name,GameCount,Standardized_Name
Abbeville (LA),514,Abbeville (LA)
Abbeville Vermilion Catholic (LA),511,Abbeville Vermilion Catholic (LA)
Albany (LA),371,Albany (LA)
Alexandria (LA),591,Alexandria (LA)
"Alexandria """"B"""" (LA)",1,Alexandria B (LA)
Alexandria Bolton (LA),674,Alexandria Bolton (LA)
Alexandria Bolton Academy (LA),18,Alexandria Bolton (LA)
Alexandria Holy Savior (LA),18,Alexandria Holy Savior Menard (LA)
Alexandria Holy Savior Menard (LA),224,Alexandria Holy Savior Menard (LA)
Alexandria Holy Savior Menard Central (LA),11,Alexandria Holy Savior Menard (LA)
Alexandria Menard Memorial (LA),1,Alexandria Menard Memorial (LA)
Alexandria MenardMemorial (LA),259,Alexandria Menard Memorial (LA)
Alexandria Peabody (LA),465,Alexandria Peabody (LA)
Amite (LA),651,Amite (LA)
Amite Oak Forest (LA),18,Amite Oak Forest Academy (LA)
Amite Oak Forest Academy (LA),562,Amite Oak Forest Academy (LA)
Amite Woodland (LA),48,Amite Woodland (LA)
Amite Woodland Academy (LA),1,Amite Woodland (LA)
Angie Varnado (LA),422,Angie Varnado (LA)
Arcadia (LA),494,Arcadia (LA)
Arnaudville Beau Chene (LA),321,Arnaudville Beau Chene (LA)
Athens Mount Olive Christian (LA),85,Athens Mt. Olive Christian (LA)
Athens Mt. Olive Christian (LA),8,Athens Mt. Olive Christian (LA)
Baker (LA),624,Baker (LA)
Baker Central Private (LA),439,Baker Central Private (LA)
Baker CentralPrivate (LA),2,Baker Central Private (LA)
Baldwin West Saint Mary (LA),32,Baldwin West St. Mary (LA)
Baldwin West St. (LA),19,Baldwin West St. Mary (LA)
Baldwin West St. Mary (LA),234,Baldwin West St. Mary (LA)
Basile (LA),465,Basile (LA)
Bastrop (LA),675,Bastrop (LA)
Bastrop Beekman (LA),67,Bastrop Beekman Charter (LA)
Bastrop Beekman Charter (LA),24,Bastrop Beekman Charter (LA)
Bastrop Prairie View Academy (LA),13,Bastrop Prairie View Academy (LA)
Bastrop Prairie ViewAcademy (LA),417,Bastrop Prairie View Academy (LA)
Baton Rouge (LA),258,Baton Rouge (LA)
Baton Rouge Belaire (LA),434,Baton Rouge Belaire (LA)
Baton Rouge Bishop Sullivan (LA),1,Baton Rouge Bishop Sullivan (LA)
Baton Rouge BishopSullivan (LA),138,Baton Rouge Bishop Sullivan (LA)
Baton Rouge Broadmoor (LA),692,Baton Rouge Broadmoor (LA)
Baton Rouge Capitol (LA),466,Baton Rouge Capitol (LA)
Baton Rouge Catholic (LA),809,Baton Rouge Catholic (LA)
Baton Rouge Catholic Br (LA),19,Baton Rouge Catholic (LA)
Baton Rouge Central (LA),506,Baton Rouge Central (LA)
Baton Rouge Christian Home (LA),23,Baton Rouge Christian Home Educators Fellowship (LA)
Baton Rouge Christian Home Educators Fellowship (LA),133,Baton Rouge Christian Home Educators Fellowship (LA)
Baton Rouge Christian Life (LA),338,Baton Rouge Christian Life (LA)
Baton Rouge Dunham (LA),333,Baton Rouge Dunham (LA)
Baton Rouge Episcopal (LA),485,Baton Rouge Episcopal (LA)
Baton Rouge Glen Oaks (LA),526,Baton Rouge Glen Oaks (LA)
Baton Rouge Istrouma (LA),685,Baton Rouge Istrouma (LA)
Baton Rouge Lee (LA),332,Baton Rouge Lee (LA)
Baton Rouge Louisiana School (LA),3,Baton Rouge Louisiana State University High (LA)
Baton Rouge Louisiana State University High (LA),2,Baton Rouge Louisiana State University High (LA)
Baton Rouge Madison Prep Academy (LA),178,Baton Rouge Madison Prep Academy (LA)
Baton Rouge McKinley (LA),456,Baton Rouge McKinley (LA)
Baton Rouge North Iberville (LA),106,Baton Rouge North Iberville (LA)
Baton Rouge Parkview Baptist (LA),461,Baton Rouge Parkview Baptist (LA)
Baton Rouge Redemptorist (LA),511,Baton Rouge Redemptorist (LA)
Baton Rouge Redemptorist St. Gerard (LA),2,Baton Rouge Redemptorist (LA)
Baton Rouge Scotlandville (LA),289,Baton Rouge Scotlandville (LA)
Baton Rouge Southern Lab (LA),509,Baton Rouge Southern Lab (LA)
Baton Rouge St. Aloysius (LA),6,Baton Rouge St. Aloysius Catholic (LA)
Baton Rouge St. Aloysius Catholic (LA),11,Baton Rouge St. Aloysius Catholic (LA)
Baton Rouge Saint Michael (LA),30,Baton Rouge St. Michael (LA)
Baton Rouge St. Michael (LA),218,Baton Rouge St. Michael (LA)
Baton Rouge Tara (LA),453,Baton Rouge Tara (LA)
Baton Rouge TraftonAcademy (LA),63,Baton Rouge Trafton Academy (LA)
Baton Rouge University Lab (LA),570,Baton Rouge University Lab (LA)
Baton Rouge Woodlawn (LA),453,Baton Rouge Woodlawn (LA)
Baton Rouge Woodlawn Br (LA),18,Baton Rouge Woodlawn (LA)
Bay St. Louis St. Stanislaus (LA),3,Bay St. Louis St. Stanislaus (MS)
Belle Chase (LA),1,Belle Chasse (LA)
Belle Chasse (LA),489,Belle Chasse (LA)
Benton (LA),709,Benton (LA)
Bernice (LA),258,Bernice (LA)
Berwick (LA),462,Berwick (LA)
Bogalusa (LA),668,Bogalusa (LA)
Bogalusa Bens Ford (LA),18,Bogalusa Ben's Ford Christian (LA)
Bogalusa Ben's Ford Christian (LA),160,Bogalusa Ben's Ford Christian (LA)
Boothville-Venice (LA),194,Boothville-Venice (LA)
Bossier City Airline (LA),727,Bossier City Airline (LA)
Bossier City Bossier (LA),677,Bossier City Bossier (LA)
Bossier City Parkway (LA),521,Bossier City Parkway (LA)
Bourg South Terrebonne (LA),712,Bourg South Terrebonne (LA)
Boutte Hahnville (LA),587,Boutte Hahnville (LA)
Breaux Bridge (LA),535,Breaux Bridge (LA)
Brusly (LA),458,Brusly (LA)
Buckeye (LA),432,Buckeye (LA)
Bunkie (LA),484,Bunkie (LA)
Buras (LA),202,Buras (LA)
Buras Delta Heritage Academy (LA),3,Buras Delta Heritage Academy (LA)
Buras Delta HeritageAcademy (LA),7,Buras Delta Heritage Academy (LA)
CalvaryChapel Christian (LA),2,Calvary Chapel Christian (LA)
Campti Lakeview (LA),334,Campti Lakeview (LA)
Cecilia (LA),525,Cecilia (LA)
Centerville (LA),114,Centerville (LA)
Centreville (LA),6,Centerville (LA)
Chalmette (LA),507,Chalmette (LA)
Church Point (LA),472,Church Point (LA)
Clinton (LA),249,Clinton (LA)
Clinton Silliman Institute (LA),476,Clinton Silliman Institute (LA)
Columbia Caldwell Parish (LA),442,Columbia Caldwell Parish (LA)
Cotton Valley (LA),243,Cotton Valley (LA)
Coushatta (LA),198,Coushatta (LA)
Coushatta Red River (LA),270,Coushatta Red River (LA)
Coushatta Riverdale Academy (LA),260,Coushatta Riverdale Academy (LA)
Covington (LA),572,Covington (LA)
Covington Archbishop Hannan (LA),328,Covington Archbishop Hannan (LA)
Covington Northlake Christian (LA),224,Covington Northlake Christian (LA)
Covington Northshore Vultures (LA),24,Covington Northshore Vultures (LA)
Covington Saint Paul (LA),539,Covington St. Paul's (LA)
Covington St. Pauls (LA),18,Covington St. Paul's (LA)
Covington St. Paul's (LA),9,Covington St. Paul's (LA)
Covington St. Paul's Catholic (LA),7,Covington St. Paul's (LA)
Creole South Cameron (LA),429,Creole South Cameron (LA)
Crowley (LA),616,Crowley (LA)
Crowley Notre Dame (LA),554,Crowley Notre Dame (LA)
Crowville (LA),167,Crowville (LA)
De Quincy (LA),481,De Quincy (LA)
Delcambre (LA),456,Delcambre (LA)
Delhi (LA),451,Delhi (LA)
Delhi Charter (LA),229,Delhi Charter (LA)
Denham Springs (LA),560,Denham Springs (LA)
DeRidder (LA),538,DeRidder (LA)
DeRidder East Beauregard (LA),371,DeRidder East Beauregard (LA)
Destrehan (LA),574,Destrehan (LA)
Donaldsonville (LA),511,Donaldsonville (LA)
Donaldsonville Ascension Catholic (LA),466,Donaldsonville Ascension Catholic (LA)
Donaldsonville CatholicofPointe Coupee (LA),2,Donaldsonville Catholic of Pointe Coupee (LA)
Dry Prong Grant (LA),399,Dry Prong Grant (LA)
Edgard West Saint John (LA),503,Edgard West Saint John (LA)
Edgard West St. (LA),19,Edgard West Saint John (LA)
Elton (LA),455,Elton (LA)
Erath (LA),448,Erath (LA)
Eunice (LA),577,Eunice (LA)
Eunice Saint Edmund (LA),30,Eunice St. Edmund (LA)
Eunice St. Edmund (LA),265,Eunice St. Edmund (LA)
Eunice St. Edmund's (LA),1,Eunice St. Edmund (LA)
Eunice St.Edmund's (LA),186,Eunice St. Edmund (LA)
Farmerville Darbonne (LA),18,Farmerville D'Arbonne Woods (LA)
Farmerville D'Arbonne Woods (LA),79,Farmerville D'Arbonne Woods (LA)
Farmerville Union Christian (LA),19,Farmerville Union Christian Academy (LA)
Farmerville Union Christian Academy (LA),158,Farmerville Union Christian Academy (LA)
Farmerville Union Parish (LA),540,Farmerville Union Parish (LA)
Ferriday (LA),554,Ferriday (LA)
Fort Worth Eastern Hills (LA),2,Fort Worth Eastern Hills (TX)
Fort Worth Trimble Tech (LA),1,Fort Worth Trimble Tech (TZ)
Franklin (LA),480,Franklin (LA)
Franklin Hanson Memorial (LA),477,Franklin Hanson Memorial (LA)
Franklinton (LA),560,Franklinton (LA)
Franklinton Bowling Green (LA),424,Franklinton Bowling Green (LA)
Franklinton Pine (LA),394,Franklinton Pine (LA)
Galliano South Lafourche (LA),530,Galliano South Lafourche (LA)
Galveston Ball (LA),1,Galveston Ball (TX)
Geismar Dutchtown (LA),251,Geismar Dutchtown (LA)
Gilbert (LA),120,Gilbert (LA)
Gonzales Ascension Christian (LA),156,Gonzales Ascension Christian (LA)
Gonzales East Ascension (LA),18,Gonzales East Ascension (LA)
Gonzales East Ascension Academy (LA),33,Gonzales East Ascension (LA)
Gonzales EastAscension (LA),557,Gonzales East Ascension (LA)
Grambling (LA),415,Grambling (LA)
Grand Cane Central (LA),7,Grand Cane Central School (LA)
Grand Cane Central School (LA),1,Grand Cane Central School (LA)
Grand Coteau Berchmans Academy (LA),57,Grand Coteau Berchmans Academy of the Sacred Heart (LA)
Grand Coteau Berchmans Academy of the Sacred Heart (LA),11,Grand Coteau Berchmans Academy of the Sacred Heart (LA)
Gray Bourgeois (LA),487,Gray Bourgeois (LA)
Greensburg Saint Helena Central (LA),26,Greensburg St. Helena College (LA)
Greensburg Saint Helena College and Career Academy (LA),32,Greensburg St. Helena College (LA)
Greensburg St. Helena (LA),18,Greensburg St. Helena College (LA)
Greensburg St. Helena College and Career Academy (LA),173,Greensburg St. Helena College (LA)
Greensburg St.Helena College and Career Academy (LA),201,Greensburg St. Helena College (LA)
Gretna Thomas (LA),17,Gretna Thomas Jefferson (LA)
Gretna Thomas Jefferson (LA),152,Gretna Thomas Jefferson (LA)
Gueydan (LA),426,Gueydan (LA)
Hammond (LA),613,Hammond (LA)
Hammond Saint Thomas Aquinas (LA),34,Hammond St. Thomas Aquinas (LA)
Hammond St. Thomas (LA),17,Hammond St. Thomas Aquinas (LA)
Hammond St. Thomas Aquinas (LA),290,Hammond St. Thomas Aquinas (LA)
Harvey Cox (LA),186,Harvey Cox (LA)
Harvey Jefferson Rise (LA),17,Harvey Jefferson RISE Charter (LA)
Harvey Jefferson RISE Charter (LA),9,Harvey Jefferson RISE Charter (LA)
Harvey West Jefferson (LA),629,Harvey West Jefferson (LA)
Haughton (LA),652,Haughton (LA)
"Haughton """"B"""" (LA)",1,Haughton B (LA)
Haynesville (LA),807,Haynesville (LA)
Haynesville Claiborne Academy (LA),351,Haynesville Claiborne Academy (LA)
Homer (LA),629,Homer (LA)
Houma A.J. Ellender (LA),328,Houma A.J. Ellender (LA)
Houma Aj Ellender (LA),17,Houma A.J. Ellender (LA)
Houma Christian (LA),143,Houma Christian (LA)
Houma Covenant Christian Academy (LA),161,Houma Covenant Christian Academy (LA)
Houma Terrebonne (LA),839,Houma Terrebonne (LA)
Houma Vandebilt Catholic (LA),547,Houma Vandebilt Catholic (LA)
Houma Vanderbilt Catholic (LA),6,Houma Vandebilt Catholic (LA)
Hunting Academy (LA),1,Huntington Academy (LA)
Huntington Academy (LA),70,Huntington Academy (LA)
Independence (LA),525,Independence (LA)
Iota (LA),504,Iota (LA)
Iowa (LA),466,Iowa (LA)
Jackson (LA),260,Jackson (LA)
Jackson East Feliciana (LA),235,Jackson East Feliciana (LA)
Jeanerette (LA),458,Jeanerette (LA)
Jefferson Riverdale (LA),491,Jefferson Riverdale (LA)
Jena (LA),522,Jena (LA)
Jennings (LA),774,Jennings (LA)
Jonesboro (LA),125,Jonesboro (LA)
Jonesboro Hodge (LA),18,Jonesboro-Hodge (LA)
Jonesboro-Hodge (LA),530,Jonesboro-Hodge (LA)
Jonesville Block (LA),489,Jonesville Block (LA)
Kaplan (LA),498,Kaplan (LA)
Keithville Grawood Christian (LA),20,Keithville Graywood Christian Academy (LA)
Keithville Graywood Christian Academy (LA),5,Keithville Graywood Christian Academy (LA)
Keithville GraywoodChristian Academy (LA),1,Keithville Graywood Christian Academy (LA)
Kenner Bonnabel (LA),424,Kenner Bonnabel (LA)
Kenner Discovery (LA),17,Kenner Discovery (LA)
Kenner Discovery Health Sciences Academy (LA),39,Kenner Discovery (LA)
Kentwood (LA),589,Kentwood (LA)
Kentwood Sumner (LA),416,Kentwood Sumner (LA)
Kinder (LA),508,Kinder (LA)
Lafayette (LA),671,Lafayette (LA)
Lafayette Acadiana (LA),581,Lafayette Acadiana (LA)
Lafayette Ascension Episcopal (LA),186,Lafayette Ascension Episcopal (LA)
Lafayette Carencro (LA),738,Lafayette Carencro (LA)
Lafayette Cathedral (LA),1,Lafayette Cathedral Carmel (LA)
Lafayette Cathedral Carmel (LA),68,Lafayette Cathedral Carmel (LA)
Lafayette Christian Academy (LA),172,Lafayette Christian Academy (LA)
Lafayette Comeaux (LA),478,Lafayette Comeaux (LA)
Lafayette First Baptist (LA),15,Lafayette First Baptist Christian (LA)
Lafayette First Baptist Christian (LA),7,Lafayette First Baptist Christian (LA)
Lafayette Louisiana (LA),4,Lafayette Louisiana Kings (LA)
Lafayette Louisiana Kings (LA),12,Lafayette Louisiana Kings (LA)
Lafayette Northside (LA),526,Lafayette Northside (LA)
Lafayette Northside Academy (LA),1,Lafayette Northside (LA)
Lafayette Renaissance Academy (LA),17,Lafayette Renaissance Charter Academy (LA)
Lafayette Renaissance Charter Academy (LA),13,Lafayette Renaissance Charter Academy (LA)
Lafayette Saint Thomas More (LA),40,Lafayette St. Thomas More (LA)
Lafayette St. Thomas (LA),20,Lafayette St. Thomas More (LA)
Lafayette St. Thomas More (LA),489,Lafayette St. Thomas More (LA)
Lafayette Teurlings (LA),23,Lafayette TeurlingsCatholic (LA)
Lafayette Teurlings Catholic (LA),17,Lafayette TeurlingsCatholic (LA)
Lafayette TeurlingsCatholic (LA),462,Lafayette TeurlingsCatholic (LA)
Lafitte Fischer (LA),1,Lafitte Fisher (LA)
Lafitte Fisher (LA),363,Lafitte Fisher (LA)
Lake Arthur (LA),453,Lake Arthur (LA)
Lake Charles (LA),471,Lake Charles (LA)
Lake Charles Barbe (LA),593,Lake Charles Barbe (LA)
Lake Charles Grand Lake (LA),139,Lake Charles Grand Lake (LA)
Lake Charles Hamilton Christian (LA),208,Lake Charles Hamilton Christian (LA)
Lake Charles LaGrange (LA),637,Lake Charles LaGrange (LA)
Lake Charles Saint Louis Catholic (LA),130,Lake Charles Saint Louis Catholic (LA)
Lake Charles Sam Houston (LA),500,Lake Charles Sam Houston (LA)
Lake Charles Southwest Louisiana HomeSchool (LA),109,Lake Charles Southwest Louisiana HomeSchool (LA)
Lake Charles St. Louis Catholic (LA),364,Lake Charles St. Louis Catholic (LA)
Lake Charles W. O. Boston (LA),4,Lake Charles W.O. Boston (LA)
Lake Charles W.O. Boston (LA),12,Lake Charles W.O. Boston (LA)
Lake Charles B. T. Washington (LA),1,Lake Charles Washington (LA)
Lake Charles B.T. Washington (LA),1,Lake Charles Washington (LA)
Lake Charles Washington Marion (LA),17,Lake Charles Washington-Marion (LA)
Lake Charles Washington-Marion (LA),423,Lake Charles Washington-Marion (LA)
Lake Charles-Boston (LA),226,Lake Charles-Boston (LA)
Lake Providence (LA),153,Lake Providence (LA)
Lake Providence Briarfield Academy (LA),483,Lake Providence Briarfield Academy (LA)
Lake Providence General Trass (LA),234,Lake Providence General Trass (LA)
LaPlace Saint Charles Catholic (LA),516,Laplace St. Charles (LA)
Laplace St. Charles (LA),18,Laplace St. Charles (LA)
"LaPlace St. Charles Catholic """"B"""" (LA)",1,Laplace St. Charles B (LA)
Larose - Cut Off (LA),2,Larose-Cutoff (LA)
Larose-Cutoff (LA),9,Larose-Cutoff (LA)
Lebeau North Central (LA),315,Lebeau North Central (LA)
Leesville (LA),743,Leesville (LA)
Leesville Pickering (LA),383,Leesville Pickering (LA)
Lena Northwood (LA),306,Lena Northwood (LA)
"Lena Northwood """"B"""" (LA)",1,Lena Northwood B (LA)
Little Rock Central (LA),1,Little Rock Central (AR)
Livonia (LA),434,Livonia (LA)
Logansport (LA),551,Logansport (LA)
Longville South Beauregard (LA),444,Longville South Beauregard (LA)
Loranger (LA),444,Loranger (LA)
Loreauville (LA),521,Loreauville (LA)
Louisanna School for the Deaf (LA),1,Louisiana School for the Deaf (LA)
Louisiana School for the Deaf (LA),192,Louisiana School for the Deaf (LA)
Lutcher (LA),597,Lutcher (LA)
Mamou (LA),446,Mamou (LA)
Mandeville (LA),542,Mandeville (LA)
Mandeville Fontainebleau (LA),310,Mandeville Fontainebleau (LA)
Mandeville Lakeshore (LA),180,Mandeville Lakeshore (LA)
Mangham (LA),514,Mangham (LA)
Mansfield (LA),572,Mansfield (LA)
Many (LA),577,Many (LA)
Marksville (LA),460,Marksville (LA)
Marrero Archbishop Shaw (LA),532,Marrero Archbishop Shaw (LA)
Marrero John Ehret (LA),484,Marrero John Ehret (LA)
Marrero H.L. Higgins (LA),125,Marrero L.W. Higgins (LA)
Marrero L.W. Higgins (LA),247,Marrero L.W. Higgins (LA)
Marrero Lw Higgins (LA),20,Marrero L.W. Higgins (LA)
Maurice North Vermilion (LA),422,Maurice North Vermilion (LA)
Mer Rouge Delta (LA),190,Mer Rouge Delta (LA)
Merryville (LA),460,Merryville (LA)
Metairie Archbishop Rummel (LA),11,Metairie ArchbishopRummel (LA)
Metairie ArchbishopRummel (LA),498,Metairie ArchbishopRummel (LA)
Metairie Crescent City Christian (LA),303,Metairie Crescent City Christian (LA)
Metairie East Jefferson (LA),511,Metairie East Jefferson (LA)
Metairie Ecole Classique (LA),316,Metairie Ecole Classique (LA)
Metairie Grace King (LA),349,Metairie Grace King (LA)
Metairie Haynes Academy (LA),163,Metairie Haynes Academy (LA)
Metairie Lutheran (LA),158,Metairie Lutheran (LA)
Metairie Park (LA),17,Metairie Park Country Day (LA)
Metairie Park Country Day (LA),404,Metairie Park Country Day (LA)
New Orleans Metairie Park Country Day (LA),1,Metairie Park Country Day (LA)
Metairie Ridgewood (LA),330,Metairie Ridgewood (LA)
Metairie Ridgewood Prep (LA),4,Metairie Ridgewood (LA)
Metairie Sam Barthe (LA),1,Metairie Sam Barthe School for Boys (LA)
Metairie Sam Barthe School for Boys (LA),8,Metairie Sam Barthe School for Boys (LA)
Metairie Saint Martin's Episcopal (LA),33,Metairie St. Martin's Episcopal (LA)
Metairie St. Martins (LA),22,Metairie St. Martin's Episcopal (LA)
Metairie St. Martin's Episcopal (LA),405,Metairie St. Martin's Episcopal (LA)
Minden (LA),630,Minden (LA)
"Minden """"B"""" (LA)",1,Minden B (LA)
Minden Glenbrook (LA),397,Minden Glenbrook (LA)
Monroe Carroll (LA),513,Monroe Carroll (LA)
Monroe Neville (LA),917,Monroe Neville (LA)
Monroe Ouachita Christian (LA),16,Monroe Ouachita Christian (LA)
Monroe OuachitaChristian (LA),530,Monroe Ouachita Christian (LA)
Monroe Ouachita Parish (LA),794,Monroe Ouachita Parish (LA)
Monroe Richwood (LA),347,Monroe Richwood (LA)
Monroe River Oaks (LA),458,Monroe River Oaks (LA)
Monroe Saint Frederick (LA),20,Monroe St. Frederick (LA)
Monroe St. Frederick (LA),449,Monroe St. Frederick (LA)
Monroe Wossman (LA),571,Monroe Wossman (LA)
Montgomery (LA),439,Montgomery (LA)
Moreauville Avoyelles (LA),347,Moreauville Avoyelles (LA)
Morgan City (LA),508,Morgan City (LA)
Morgan City Central Catholic (LA),431,Morgan City Central Catholic (LA)
Morganza Pointe Coupee Central (LA),194,Morganza Pointe Coupee Central (LA)
Napoleonville Assumption (LA),548,Napoleonville Assumption (LA)
Natalbany Baptist (LA),3,Natalbany Baptist Christian (LA)
Natalbany Baptist Christian (LA),17,Natalbany Baptist Christian (LA)
Natchitoches Central (LA),718,Natchitoches Central (LA)
Natchitoches Saint Mary (LA),35,Natchitoches St. Mary (LA)
Natchitoches St. Mary (LA),462,Natchitoches St. Mary (LA)
Natchitoches St. Mary's (LA),23,Natchitoches St. Mary (LA)
New Iberia (LA),594,New Iberia (LA)
New Iberia Acadiana Christian (LA),91,New Iberia Acadiana Christian (LA)
New Iberia Catholic (LA),554,New Iberia Catholic (LA)
New Iberia Catholic Ni (LA),21,New Iberia Catholic (LA)
New Iberia Highland Baptist Christian (LA),160,New Iberia Highland Baptist Christian (LA)
New Iberia Westgate (LA),296,New Iberia Westgate (LA)
New Orleans Abramson (LA),187,New Orleans Abramson (LA)
New Orleans Benjamin Franklin (LA),318,New Orleans Benjamin Franklin (LA)
New Orleans Boys (LA),5,New Orleans Boys School (LA)
New Orleans Boys School (LA),2,New Orleans Boys School (LA)
New Orleans Brother Martin (LA),566,New Orleans Brother Martin (LA)
New Orleans Carver (LA),333,New Orleans Carver (LA)
New Orleans Carver Collegiate (LA),16,New Orleans Carver Collegiate Academy (LA)
New Orleans Carver Collegiate Academy (LA),2,New Orleans Carver Collegiate Academy (LA)
New Orleans Cohen (LA),281,New Orleans Cohen (LA)
New Orleans De La (LA),19,New Orleans De La Salle (LA)
New Orleans De La Salle (LA),615,New Orleans De La Salle (LA)
New Orleans Easton (LA),772,New Orleans Easton (LA)
New Orleans Eleanor McMain (LA),262,New Orleans Eleanor McMain (LA)
New Orleans F.T. Nicholls (LA),140,New Orleans F.T. Nicholls (LA)
New Orleans Nicholls (LA),1,New Orleans F.T. Nicholls (LA)
New Orleans Nichols (LA),5,New Orleans F.T. Nicholls (LA)
New Orleans Alce Fortier (LA),11,New Orleans Fortier (LA)
New Orleans Fortier (LA),229,New Orleans Fortier (LA)
New Orleans Holy Cross (LA),663,New Orleans Holy Cross (LA)
New Orleans Home School Saints (LA),119,New Orleans Home School Saints (LA)
New Orleans J.S. Clark (LA),250,New Orleans J.S. Clark (LA)
New Orleans Jesuit (LA),840,New Orleans Jesuit (LA)
New Orleans Karr (LA),390,New Orleans Karr (LA)
New Orleans Kennedy (LA),215,New Orleans Kennedy (LA)
New OrleansLake CastlePrivate (LA),1,New Orleans Lake Castle Private (LA)
New Orleans L.B. Landry (LA),1,New Orleans Landry (LA)
New Orleans Landry (LA),192,New Orleans Landry (LA)
New Orleans Landry-Walker (LA),417,New Orleans Landry-Walker (LA)
New Orleans Lawless (LA),124,New Orleans Lawless (LA)
New Orleans Lusher (LA),156,New Orleans Lusher (LA)
New Orleans MarionAbramson (LA),1,New Orleans Marion Abramson (LA)
New Orleans McDonogh (LA),274,New Orleans McDonogh (LA)
New Orleans McDonogh 35 (LA),364,New Orleans McDonogh 35 (LA)
New Orleans Mid-City (LA),7,New Orleans Mid-City Baptist (LA)
New Orleans Mid-City Baptist (LA),5,New Orleans Mid-City Baptist (LA)
New Orleans Newman (LA),574,New Orleans Newman (LA)
New Orleans Walker (LA),6,New Orleans O.P. Walker (LA)
New Orleans Redemptorist (LA),39,New Orleans Redemptorist (LA)
New Orleans Redemtorist (LA),5,New Orleans Redemptorist (LA)
New Orleans Reed (LA),178,New Orleans Reed (LA)
New Orleans S. J. Peters (LA),2,New Orleans Samuel J. Peters (LA)
New Orleans Saint Aloysius (LA),1,New Orleans St. Aloysius (LA)
New Orleans Saint Augustine (LA),32,New Orleans St. Augustine (LA)
New Orleans St. Augustine (LA),407,New Orleans St. Augustine (LA)
New Orleans Verrina High School for Boys (LA),2,New Orleans Verrina High School for Boys (LA)
New Orleans Verrina School for Boys (LA),1,New Orleans Verrina High School for Boys (LA)
New Orleans Washington (LA),144,New Orleans Washington (LA)
WillowNew Orleans (LA),8,New Orleans Willow (LA)
New Orleans Wright (LA),142,New Orleans Wright (LA)
New Roads Catholic Of (LA),18,New Roads Catholic of Pointe Coupee (LA)
New Roads Catholic of Pointe Coupee (LA),453,New Roads Catholic of Pointe Coupee (LA)
New Roads False River (LA),312,New Roads False River (LA)
Newellton (LA),218,Newellton (LA)
Northwestern State University Fresh (LA),1,Northwestern State University Frosh (LA)
Northwestern State University Frosh (LA),4,Northwestern State University Frosh (LA)
Oak Grove (LA),587,Oak Grove (LA)
Oakdale (LA),519,Oakdale (LA)
Oberlin (LA),475,Oberlin (LA)
Olla LaSalle (LA),451,Olla LaSalle (LA)
Opelousas (LA),515,Opelousas (LA)
Opelousas Catholic (LA),446,Opelousas Catholic (LA)
Opelousas Clark (LA),2,Opelousas J. S. Clark (LA)
Opelousas J. S. Clark (LA),2,Opelousas J. S. Clark (LA)
Opelousas Northwest (LA),335,Opelousas Northwest (LA)
Opelousas Westminster Academy (LA),319,Opelousas Westminster Academy (LA)
Patterson (LA),530,Patterson (LA)
Pearl River (LA),414,Pearl River (LA)
Pine Prairie (LA),201,Pine Prairie (LA)
Pineville (LA),528,Pineville (LA)
Plain Dealing Academy (LA),132,Plain Dealing Academy (LA)
Plain Dealing Louisiana New Tech (LA),519,Plain Dealing Louisiana New Tech (LA)
Plaquemine (LA),527,Plaquemine (LA)
Plaquemine Saint John (LA),33,Plaquemine St. John (LA)
Plaquemine St. John (LA),300,Plaquemine St. John (LA)
Plaquemine St. John The Evangelist (LA),152,Plaquemine St. John The Evangelist (LA)
Ponchatoula (LA),490,Ponchatoula (LA)
Port Allen (LA),482,Port Allen (LA)
Port Sulphur (LA),263,Port Sulphur (LA)
Port Sulphur South Plaquemines (LA),137,Port Sulphur South Plaquemines (LA)
PortBarre (LA),453,PortBarre (LA)
Pride Northeast (LA),449,Pride Northeast (LA)
Raceland Central Lafourche (LA),497,Raceland Central Lafourche (LA)
Rayne (LA),487,Rayne (LA)
Rayville (LA),491,Rayville (LA)
Rayville Riverfield Academy (LA),452,Rayville Riverfield Academy (LA)
Reserve East Saint John (LA),454,Reserve East St. John (LA)
Reserve East St. (LA),17,Reserve East St. John (LA)
Reserve Godchaux (LA),12,Reserve Leon Godchaux (LA)
Reserve Leon Godchaux (LA),3,Reserve Leon Godchaux (LA)
Reserve Riverside (LA),19,Reserve Riverside Academy (LA)
Reserve Riverside Academy (LA),536,Reserve Riverside Academy (LA)
Ringgold (LA),430,Ringgold (LA)
River Ridge Curtis (LA),571,River Ridge Curtis (LA)
Rosepine (LA),410,Rosepine (LA)
Ruston (LA),882,Ruston (LA)
Ruston Cedar Creek (LA),495,Ruston Cedar Creek (LA)
San Antonio Alamo Heights (LA),2,San Antonio Alamo Heights (TX)
Sarepta (LA),257,Sarepta (LA)
Shreveport Byrd (LA),1160,Shreveport Byrd (LA)
"Shreveport Byrd """"B"""" (LA)",2,Shreveport Byrd B (LA)
Shreveport Calvary Baptist Academy (LA),330,Shreveport Calvary Baptist Academy (LA)
Shreveport Captain Shreve (LA),14,Shreveport CaptainShreve (LA)
Shreveport CaptainShreve (LA),628,Shreveport CaptainShreve (LA)
Shreveport Evangel Christian Academy (LA),487,Shreveport Evangel Christian Academy (LA)
Shreveport Fair Park (LA),590,Shreveport Fair Park (LA)
"Shreveport Fair Park """"B"""" (LA)",4,Shreveport Fair Park B (LA)
Shreveport Grawood Christian Academy (LA),11,Shreveport Grawood Christian Academy (LA)
Shreveport GrawoodChristianAcademy (LA),111,Shreveport Grawood Christian Academy (LA)
Shreveport Green Oak Academy (LA),1,Shreveport Green Oaks (LA)
Shreveport Green Oaks (LA),451,Shreveport Green Oaks (LA)
Shreveport Huntington (LA),609,Shreveport Huntington (LA)
Shreveport Loyola College Prep (LA),436,Shreveport Loyola College Prep (LA)
Shreveport Magnolia School (LA),15,Shreveport Magnolia School (LA)
Shreveport Magnolia School of Excellence (LA),38,Shreveport Magnolia School (LA)
Shreveport Northwood (LA),512,Shreveport Northwood (LA)
"Shreveport Northwood """"B"""" (LA)",1,Shreveport Northwood B (LA)
Shreveport Southfield (LA),35,Shreveport Southfield Academy (LA)
Shreveport Southfield Academy (LA),4,Shreveport Southfield Academy (LA)
Shreveport Southwood (LA),685,Shreveport Southwood (LA)
Shreveport Trinity Heights Christian Academy (LA),19,Shreveport Trinity Heights Christian Academy (LA)
Shreveport Trinity HeightsChristian Academy (LA),130,Shreveport Trinity Heights Christian Academy (LA)
Shreveport Washington (LA),477,Shreveport Washington (LA)
Shreveport Woodlawn (LA),666,Shreveport Woodlawn (LA)
Sibley Lakeside (LA),258,Sibley Lakeside (LA)
Sicily Island (LA),254,Sicily Island (LA)
Slaughter Community (LA),18,Slaughter Community Charter (LA)
Slaughter Community Charter (LA),69,Slaughter Community Charter (LA)
Slidell (LA),533,Slidell (LA)
Slidel Northshore (LA),4,Slidell Northshore (LA)
Slidell Northshore (LA),400,Slidell Northshore (LA)
Slidell Pope John (LA),19,Slidell Pope John Paul II (LA)
Slidell Pope John Paul II (LA),364,Slidell Pope John Paul II (LA)
Slidell Salmen (LA),521,Slidell Salmen (LA)
Southwest Louisiana Fresh (LA),1,Southwest Louisiana Frosh (LA)
Southwest University Fresh (LA),3,Southwest Louisiana Frosh (LA)
Springfield (LA),382,Springfield (LA)
Springhill (LA),556,Springhill (LA)
Springhill North Webster (LA),164,Springhill North Webster (LA)
Saint Amant (LA),31,St. Amant (LA)
Saint Amant St. Amant (LA),18,St. Amant (LA)
St. Amant (LA),433,St. Amant (LA)
St. Bernard (LA),228,St. Bernard (LA)
Saint Francisville West Feliciana (LA),56,St. Francisville West Feliciana (LA)
St. Francisville West Feliciana (LA),458,St. Francisville West Feliciana (LA)
Saint Gabriel East Iberville (LA),48,St. Gabriel East Iberville (LA)
St. Gabriel East Iberville (LA),297,St. Gabriel East Iberville (LA)
Saint James (LA),58,St. James (LA)
St. James (LA),507,St. James (LA)
St. Joseph Davidson (LA),139,St. Joseph Davidson (LA)
Saint Joseph Tensas (LA),39,St. Joseph Tensas (LA)
St. Joseph Tensas (LA),248,St. Joseph Tensas (LA)
Saint Joseph Tensas Academy (LA),61,St. Joseph Tensas Academy (LA)
St. Joseph Tensas Academy (LA),291,St. Joseph Tensas Academy (LA)
Saint Martinville (LA),38,St. Martinville (LA)
Saint Martinville St. Martinville (LA),16,St. Martinville (LA)
St. Martinville (LA),506,St. Martinville (LA)
Saint Paul'sCovington (LA),23,St. Paul's Covington (LA)
St. Paul'sCovington (LA),3,St. Paul's Covington (LA)
Sterlington (LA),486,Sterlington (LA)
Stonewall North DeSoto (LA),419,Stonewall North DeSoto (LA)
Sulphur (LA),905,Sulphur (LA)
Tallulah Academy (LA),671,Tallulah Academy (LA)
Tallulah Madison (LA),212,Tallulah Madison (LA)
Tallulah McCall (LA),181,Tallulah McCall (LA)
Thibodaux (LA),533,Thibodaux (LA)
Thibodaux E.D. White (LA),527,Thibodaux E.D. White (LA)
Tioga (LA),477,Tioga (LA)
Vidalia (LA),506,Vidalia (LA)
Ville Platte (LA),447,Ville Platte (LA)
Ville Platte Sacred Heart (LA),446,Ville Platte Sacred Heart (LA)
Vinton (LA),462,Vinton (LA)
Vivian North Caddo (LA),526,Vivian North Caddo (LA)
Walker (LA),507,Walker (LA)
Waterproof (LA),128,Waterproof (LA)
Watson Live Oak (LA),399,Watson Live Oak (LA)
Welsh (LA),530,Welsh (LA)
West Monroe (LA),854,West Monroe (LA)
"West Monroe """"B"""" (LA)",3,West Monroe B (LA)
West Monroe Northeast Baptist (LA),128,West Monroe Northeast Baptist (LA)
West Monroe West Ouachita (LA),9,West Monroe West Ouachita (LA)
West Monroe WestOuachita (LA),358,West Monroe West Ouachita (LA)
Westlake (LA),534,Westlake (LA)
White Castle (LA),483,White Castle (LA)
Winnfield (LA),1217,Winnfield (LA)
Winnsboro (LA),237,Winnsboro (LA)
Winnsboro Franklin Academy (LA),248,Winnsboro Franklin Academy (LA)
Winnsboro Franklin Parish (LA),226,Winnsboro Franklin Parish (LA)
Wisner (LA),145,Wisner (LA)
Zachary (LA),562,Zachary (LA)
Lafayette John Paul the Great Academy (LA),0,Lafayette John Paul the Great Academy (LA)
