Alias_Name,GameCount,Standardized_Name
Addison (MI),686,Addison (MI)
Adrian (MI),792,Adrian (MI)
"Adrian """"B"""" (MI)",1,Adrian B (MI)
Adrian Catholic Central (MI),144,Adrian Catholic Central (MI)
Adrian Lenawee Christian (MI),172,Adrian Lenawee Christian (MI)
Adrian Madison (MI),528,Adrian Madison (MI)
Akron- Fairgrove (MI),585,Akron- Fairgrove (MI)
Fairgrove (MI),49,Akron- Fairgrove (MI)
Akron-Fairgrove (MI),1,Akron- Fairgrove (MI)
Albion (MI),485,Albion (MI)
"Albion """"B"""" (MI)",2,Albion B (MI)
Algonac (MI),540,Algonac (MI)
Alcona (MI),11,Algonac (MI)
Allegan (MI),348,Allegan (MI)
Allen Park (MI),723,Allen Park (MI)
Allen Park Cabrini (MI),395,Allen Park Cabrini (MI)
Allendale (MI),440,Allendale (MI)
Alma (MI),578,Alma (MI)
Almont (MI),531,Almont (MI)
Alpena (MI),701,Alpena (MI)
Ann Arbor Father Gabriel Richard (MI),512,Ann Arbor Father Gabriel Richard (MI)
Ann Arbor Huron (MI),520,Ann Arbor Huron (MI)
Ann Arbor Pioneer (MI),900,Ann Arbor Pioneer (MI)
Ann Arbor Skyline (MI),141,Ann Arbor Skyline (MI)
Ann Arbor University (MI),113,Ann Arbor University (MI)
Ann Arbor University High (MI),3,Ann Arbor University (MI)
Antigo (MI),1,Antigo (WI)
Armada (MI),503,Armada (MI)
Ashley (MI),416,Ashley (MI)
Athens (MI),679,Athens (MI)
Atlanta (MI),483,Atlanta (MI)
Gres-Sims (MI),543,Au Gres-Sims (MI)
Au Gres Au Gres (MI),17,Au Gres-Sims (MI)
Au Gres-Sims (MI),11,Au Gres-Sims (MI)
Auburn Hills Avondale (MI),509,Auburn Hills Avondale (MI)
Auburn Hills Oakland Christian (MI),158,Auburn Hills Oakland Christian (MI)
Bad Axe (MI),714,Bad Axe (MI)
Baldwin (MI),583,Baldwin (MI)
Bangor (MI),666,Bangor (MI)
Baraga (MI),437,Baraga (MI)
Bark River-Harris (MI),597,Bark River-Harris (MI)
Bath (MI),479,Bath (MI)
Battle Creek Central (MI),1042,Battle Creek Central (MI)
Battle Creek Harper Creek (MI),644,Battle Creek Harper Creek (MI)
Battle Creek Lakeview (MI),714,Battle Creek Lakeview (MI)
Battle Creek Pennfield (MI),668,Battle Creek Pennfield (MI)
Battle Creek Pennifield (MI),1,Battle Creek Pennfield (MI)
Battle Creek Saint Philip Catholic Central (MI),679,Battle Creek St. Philip Catholic Central (MI)
Battle Creek Saint Philip Catholic Central-Calhoun Christian (MI),14,Battle Creek St. Philip Catholic Central (MI)
Battle Creek St. Philip (MI),9,Battle Creek St. Philip Catholic Central (MI)
Barrie Creek Saint Philip Catholic (MI),2,Battle Creek St. Philip Catholic Central (MI)
Battle Creek St. Philip Catholic (MI),1,Battle Creek St. Philip Catholic Central (MI)
Bay City All Saints Central (MI),426,Bay City All Saints Central (MI)
Bay City All Saints (MI),10,Bay City All Saints Central (MI)
Bay City Central (MI),846,Bay City Central (MI)
Bay Ciy Central (MI),1,Bay City Central (MI)
Bay City Handy (MI),351,Bay City Handy (MI)
Bay City John Glenn (MI),576,Bay City John Glenn (MI)
Bay City Saint James (MI),120,Bay City St. James (MI)
Bay City Saint Joseph (MI),89,Bay City St. Joseph (MI)
Bay City St. Joseph (MI),1,Bay City St. Joseph (MI)
Bay City Saint Mary (MI),89,Bay City St. Mary (MI)
Bay City St. Marys (MI),1,Bay City St. Mary (MI)
Bay City Saint Stanislaus (MI),110,Bay City St. Stanislaus (MI)
Bay City Western (MI),450,Bay City Western (MI)
Beal City (MI),756,Beal City (MI)
Beaverton (MI),670,Beaverton (MI)
JPC crossoverBeaverton (MI),1,Beaverton (MI)
Belding (MI),737,Belding (MI)
Bellaire (MI),591,Bellaire (MI)
Belleville (MI),738,Belleville (MI)
Bellevue (MI),554,Bellevue (MI)
Benton Harbor (MI),688,Benton Harbor (MI)
Benton Harbor Saint John'S (MI),147,Benton Harbor St. John (MI)
Benton Harbor St. John (MI),3,Benton Harbor St. John (MI)
Benzonia Benzie Central (MI),423,Benzonia Benzie Central (MI)
Benzonia (MI),59,Benzonia Benzie Central (MI)
Benzie Central (MI),9,Benzonia Benzie Central (MI)
Berkley (MI),698,Berkley (MI)
Berrien Springs (MI),552,Berrien Springs (MI)
Bessemer (MI),543,Bessemer (MI)
Big Rapids (MI),537,Big Rapids (MI)
Big Rapids Crossroads Charter Academy (MI),109,Big Rapids Crossroads Charter Academy (MI)
Birch Run (MI),654,Birch Run (MI)
Birmingham Brother Rice (MI),425,Birmingham Brother Rice (MI)
Birmingham Detroit Country Day (MI),691,Birmingham Detroit Country Day (MI)
Beverly Hills Detroit Country (MI),18,Birmingham Detroit Country Day (MI)
Beverly Hills Country Day (MI),1,Birmingham Detroit Country Day (MI)
Birmingham Groves (MI),457,Birmingham Groves (MI)
Birmingham Seaholm (MI),723,Birmingham Seaholm (MI)
Birmingham Seaholm-Groves (MI),2,Birmingham Seaholm (MI)
Blanchard Montabella (MI),383,Blanchard Montabella (MI)
Blissfield (MI),725,Blissfield (MI)
Blissfeld (MI),1,Blissfield (MI)
Bloomfield Hills (MI),132,Bloomfield Hills (MI)
Bloomfield Hills Andover (MI),361,Bloomfield Hills Andover (MI)
Bloomfield Hills Brother Rice (MI),235,Bloomfield Hills Brother Rice (MI)
Bloomfield Hills Cranbrook-Kingswood (MI),367,Bloomfield Hills Cranbrook-Kingswood (MI)
Bloomfield Hills Cranbrook (MI),22,Bloomfield Hills Cranbrook-Kingswood (MI)
Bloomfield Hills Cranbrook Kingswood (MI),20,Bloomfield Hills Cranbrook-Kingswood (MI)
Bloomfield Hills Cranbrook School (MI),7,Bloomfield Hills Cranbrook-Kingswood (MI)
Bloomfield Hills Lahser (MI),411,Bloomfield Hills Lahser (MI)
Bloomingdale (MI),599,Bloomingdale (MI)
Boyne City (MI),556,Boyne City (MI)
Breckenridge (MI),683,Breckenridge (MI)
Brethren (MI),519,Brethren (MI)
Bridgeport (MI),580,Bridgeport (MI)
Bridgman (MI),510,Bridgman (MI)
Brighton (MI),608,Brighton (MI)
Brimley (MI),556,Brimley (MI)
Britton-Deerfield (MI),20,Britton-Deerfield (MI)
Britton Deerfield (MI),12,Britton-Deerfield (MI)
Britton-Macon (MI),343,Britton-Macon (MI)
Britton-Macon-Deerfield (MI),132,Britton-Macon-Deerfield (MI)
Bronson (MI),541,Bronson (MI)
Brooklyn (MI),144,Brooklyn (MI)
Brooklyn Columbia Central (MI),544,Brooklyn Columbia Central (MI)
Brown City (MI),513,Brown City (MI)
Brownstown Woodhaven (MI),491,Brownstown Woodhaven (MI)
Buchanan (MI),735,Buchanan (MI)
Burr Oak (MI),533,Burr Oak (MI)
Burton Atherton (MI),659,Burton Atherton (MI)
Burton Bendle (MI),517,Burton Bendle (MI)
Burton Bentley (MI),679,Burton Bentley (MI)
Byron Area (MI),411,Byron Area (MI)
Byron Center (MI),518,Byron Center (MI)
Byron Center Grand Valley Christian Patriots (MI),98,Byron Center Grand Valley Christian Patriots (MI)
Byron Center Grand Valley (MI),10,Byron Center Grand Valley Christian Patriots (MI)
Byron Center West Michigan Christian (MI),1,Byron Center Grand Valley Christian Patriots (MI)
Cadillac (MI),570,Cadillac (MI)
Caledonia (MI),702,Caledonia (MI)
Calexico (CA) (MI),1,Calexico (CA)
Calumet (MI),631,Calumet (MI)
Camden-Frontier (MI),506,Camden-Frontier (MI)
Camden Frontier (MI),18,Camden-Frontier (MI)
Canton (MI),548,Canton (MI)
Canton Plymouth (MI),208,Canton Plymouth (MI)
Canton-Salem (MI),173,Canton-Salem (MI)
Canton Salem (MI),17,Canton-Salem (MI)
Capac (MI),644,Capac (MI)
Carleton Airport (MI),709,Carleton Airport (MI)
Carney-Nadeau (MI),69,Carney-Nadeau (MI)
Carney-Nadeau-Nah Tah Wahsh (MI),5,Carney-Nadeau (MI)
Caro (MI),569,Caro (MI)
Carrollton (MI),436,Carrollton (MI)
Carson City (MI),93,Carson City (MI)
Carson City Carson City (MI),17,Carson City (MI)
Carson City-Crystal (MI),408,Carson City-Crystal (MI)
Carsonville-Port Sanilac (MI),602,Carsonville-Port Sanilac (MI)
Carsonville Port (MI),17,Carsonville-Port Sanilac (MI)
Caseville (MI),296,Caseville (MI)
Cass City (MI),595,Cass City (MI)
Cassopolis Ross Beatty (MI),589,Cassopolis Ross Beatty (MI)
Cedar Springs (MI),568,Cedar Springs (MI)
Cedarville (MI),457,Cedarville (MI)
Center Line (MI),676,Center Line (MI)
Center Line Busch (MI),1,Center Line (MI)
Center Line Saint Clement (MI),221,Center Line St. Clement (MI)
Center Line St. Clement (MI),8,Center Line St. Clement (MI)
Central Lake (MI),544,Central Lake (MI)
Centreville (MI),568,Centreville (MI)
Charlevoix (MI),533,Charlevoix (MI)
Charlotte (MI),610,Charlotte (MI)
Cheboygan (MI),691,Cheboygan (MI)
Cheboygan Catholic Central (MI),209,Cheboygan Catholic Central (MI)
Cheboygan Catholic (MI),13,Cheboygan Catholic Central (MI)
Chelsea (MI),505,Chelsea (MI)
Chequamegon/Phillips (MI),1,Chequamegon-Phillips (WI)
Chesaning (MI),700,Chesaning (MI)
Clare (MI),733,Clare (MI)
Clarkston (MI),738,Clarkston (MI)
Clarkston Everest Collegiate (MI),138,Clarkston Everest Collegiate (MI)
Clarkston EvereSt. Collegiate (MI),11,Clarkston Everest Collegiate (MI)
Clawson (MI),484,Clawson (MI)
Climax-Scotts (MI),702,Climax-Scotts (MI)
Climax Scotts (MI),18,Climax-Scotts (MI)
Climax (MI),4,Climax-Scotts (MI)
Clinton (MI),638,Clinton (MI)
Clinton Boysville (MI),132,Clinton Boysville (MI)
Clinton Township Chippewa Valley (MI),628,Clinton Township Chippewa Valley (MI)
Clinton Township Clintondale (MI),212,Clinton Township Clintondale (MI)
Clio (MI),707,Clio (MI)
Coldwater (MI),594,Coldwater (MI)
Coldwater Saint Charles (MI),94,Coldwater St. Charles (MI)
Coleman (MI),660,Coleman (MI)
Coloma (MI),536,Coloma (MI)
Colon (MI),570,Colon (MI)
Comstock Park (MI),703,Comstock Park (MI)
Concord (MI),686,Concord (MI)
Constantine (MI),769,Constantine (MI)
Cooks Big Bay De Noc (MI),67,Cooks Big Bay De Noc
Coopersville (MI),714,Coopersville (MI)
Corunna (MI),533,Corunna (MI)
Covert (MI),283,Covert (MI)
Croswell-Lexington (MI),670,Croswell-Lexington (MI)
Croswell Lexington (MI),19,Croswell-Lexington (MI)
Crystal Falls Forest Park (MI),617,Crystal Falls Forest Park (MI)
Dansville (MI),519,Dansville (MI)
Davison (MI),773,Davison (MI)
Dearborn (MI),704,Dearborn (MI)
Dearborn Advanced Tech Academy (MI),49,Dearborn Advanced Tech Academy (MI)
Dearborn Advanced Tech (MI),11,Dearborn Advanced Tech Academy (MI)
Dearborn Divine Child (MI),597,Dearborn Divine Child (MI)
Dearborn Devine Child (MI),9,Dearborn Divine Child (MI)
Dearborn Edsel Ford (MI),628,Dearborn Edsel Ford (MI)
Dearborn Fordson (MI),864,Dearborn Fordson (MI)
Dearborn Heights Annapolis (MI),611,Dearborn Heights Annapolis (MI)
Dearborn Heights Crestwood (MI),419,Dearborn Heights Crestwood (MI)
Dearborn Heights Riverside (MI),202,Dearborn Heights Riverside (MI)
Dearborn Heights Robichaud (MI),652,Dearborn Heights Robichaud (MI)
Dearborn Heights Star International Academy (MI),135,Dearborn Heights Star International Academy (MI)
Dearborn Heights Star International (MI),8,Dearborn Heights Star International Academy (MI)
Dearborn Henry Ford Academy (MI),580,Dearborn Henry Ford Academy (MI)
Dearborn Lowrey (MI),132,Dearborn Lowrey (MI)
Dearborn Sacred Heart (MI),116,Dearborn Sacred Heart (MI)
Dearborn Saint Alphousus (MI),2,Dearborn St. Alphonsus (MI)
Dearborn Saint Alphonsus (MI),1,Dearborn St. Alphonsus (MI)
Dearborn St. Alphonsus (MI),1,Dearborn St. Alphonsus (MI)
Decatur (MI),734,Decatur (MI)
Deckerville (MI),591,Deckerville (MI)
Deerfield (MI),225,Deerfield (MI)
Delton Kellogg (MI),428,Delton Kellogg (MI)
Detour (MI),259,Detour (MI)
Detroit Austin (MI),134,Detroit Austin (MI)
Detroit Cass Tech (MI),717,Detroit Cass Tech (MI)
Detroit Catholic Central (MI),818,Detroit Catholic Central (MI)
Novi Catholic Central (MI),21,Detroit Catholic Central (MI)
Detriot Central Catholic (MI),1,Detroit Catholic Central (MI)
Detroit Central Collegiate (MI),720,Detroit Central Collegiate (MI)
Detroit Chadsey (MI),488,Detroit Chadsey (MI)
Detroit Cody (MI),468,Detroit Cody (MI)
Detroit Collegiate Prep (MI),110,Detroit Collegiate Prep (MI)
Detroit Collegiate Prep at Northwestern (MI),1,Detroit Collegiate Prep (MI)
Detroit Communication Media Arts (MI),100,Detroit Communication Media Arts (MI)
Detroit Communication Media (MI),16,Detroit Communication Media Arts (MI)
Detroit Community (MI),147,Detroit Community (MI)
Detroit Consortium College Prep (MI),88,Detroit Consortium College Prep (MI)
Detroit Consortium College (MI),4,Detroit Consortium College Prep (MI)
Detroit Cooley (MI),386,Detroit Cooley (MI)
Detroit Crockett Tech (MI),138,Detroit Crockett Tech (MI)
Detroit Denby Tech Prep (MI),678,Detroit Denby Tech Prep (MI)
Detroit Denby (MI),23,Detroit Denby Tech Prep (MI)
Detroit DePorres (MI),379,Detroit DePorres (MI)
Detroit Deportes (MI),1,Detroit DePorres (MI)
Detroit Douglass (MI),202,Detroit Douglass (MI)
Detroit East Catholic (MI),196,Detroit East Catholic (MI)
Detroit East English Village Prep (MI),134,Detroit East English Village Prep (MI)
Detroit East English (MI),9,Detroit East English Village Prep (MI)
Detroit Edison Academy (MI),129,Detroit Edison Academy (MI)
Detroit Edison (MI),10,Detroit Edison Academy (MI)
Detroit Finney (MI),238,Detroit Finney (MI)
Detroit Henry Ford (MI),9,Detroit Henry Ford (MI)
Detroit Henry Ford Academy: School for Creative Studies (MI),7,Detroit Henry Ford (MI)
Detroit Holy Redeemer (MI),289,Detroit Holy Redeemer (MI)
Detroit Kettering (MI),238,Detroit Kettering (MI)
Detroit Lincoln King (MI),18,Detroit Lincoln-King Academy (MI)
Detroit Lincoln-King Academy (MI),16,Detroit Lincoln-King Academy (MI)
Detroit Lincoln-King (MI),10,Detroit Lincoln-King Academy (MI)
Detroit Loyola (MI),283,Detroit Loyola (MI)
Detroit Lutheran West (MI),219,Detroit Lutheran West (MI)
Detroit Mackenzie (MI),479,Detroit Mackenzie (MI)
Detroit Martin Luther King (MI),713,Detroit Martin Luther King (MI)
Detroit Mumford (MI),633,Detroit Mumford (MI)
Detroit Munford (MI),1,Detroit Mumford (MI)
Detroit Murray-Wright (MI),296,Detroit Murray-Wright (MI)
Detroit Nativity (MI),111,Detroit Nativity (MI)
Detroit Northeastern (MI),247,Detroit Northeastern (MI)
Detroit Northern (MI),470,Detroit Northern (MI)
Detroit Northwestern (MI),408,Detroit Northwestern (MI)
Detroit Old Redford Academy (MI),405,Detroit Old Redford Academy (MI)
Detroit Old Redford (MI),11,Detroit Old Redford Academy (MI)
Detroit Osborn (MI),425,Detroit Osborn (MI)
Detroit Pershing (MI),525,Detroit Pershing (MI)
Detroit Redford (MI),488,Detroit Redford (MI)
Detroit Renaissance (MI),295,Detroit Renaissance (MI)
Detroit Salesian (MI),100,Detroit Salesian (MI)
Detroit Servite (MI),252,Detroit Servite (MI)
Detroit Southeastern (MI),670,Detroit Southeastern (MI)
Detroit Southwestern (MI),504,Detroit Southwestern (MI)
Detroit Saint Andrew (MI),210,Detroit St. Andrew (MI)
Detroit St. Andrews (MI),1,Detroit St. Andrew (MI)
Detroit Saint Anthony (MI),93,Detroit St. Anthony (MI)
Detroit St. Anthony (MI),7,Detroit St. Anthony (MI)
Detroit Saint Anthony's (MI),2,Detroit St. Anthony (MI)
Detroit Saint Bernard (MI),47,Detroit St. Bernard (MI)
Detroit Saint Catherine (MI),82,Detroit St. Catherine (MI)
Detroit St. Catherines (MI),2,Detroit St. Catherine (MI)
Detroit St. Catherine (MI),1,Detroit St. Catherine (MI)
Detroit Saint Cecilia (MI),91,Detroit St. Cecilia (MI)
Detroit Saint Charles (MI),59,Detroit St. Charles (MI)
Detroit St. Charles (MI),1,Detroit St. Charles Borromeo (MI)
Detroit St. Charles Borromeo (MI),1,Detroit St. Charles Borromeo (MI)
Detroit Saint David (MI),88,Detroit St. David (MI)
Detroit Saint Elizabeth (MI),21,Detroit St. Elizabeth (MI)
Detroit Saint Francis De Sales (MI),113,Detroit St. Francis De Sales (MI)
Detroit Saint Gregory (MI),97,Detroit St. Gregory (MI)
Detroit Saint Hedwig (MI),258,Detroit St. Hedwig (MI)
Detroit Saint Ignatius (MI),1,Detroit St. Ignatius (MI)
Detroit Saint Joseph (MI),47,Detroit St. Joseph (MI)
Detroit Saint Leo (MI),41,Detroit St. Leo (MI)
Detroit Saint Martin (MI),101,Detroit St. Martin de Porres (MI)
Detroit Saint Martin de Porres (MI),17,Detroit St. Martin de Porres (MI)
Detroit Saint Oregon (MI),1,Detroit St. Oregon (MI)
Detroit Saint Philip (MI),104,Detroit St. Philip (MI)
Detroit St. Philip Neri (MI),1,Detroit St. Philip (MI)
Detroit Saint Rita (MI),128,Detroit St. Rita (MI)
Detroit Saint Tita (MI),6,Detroit St. Rita (MI)
Detroit St. Rita (MI),1,Detroit St. Rita (MI)
Detroit Saint Rose (MI),78,Detroit St. Rose (MI)
Detroit Saint Stanislaus (MI),83,Detroit St. Stanislaus (MI)
Detroit St. Ladislaus (MI),5,Detroit St. Stanislaus (MI)
Detroit Saint Theresa (MI),78,Detroit St. Theresa (MI)
Detroit Saint Theresa's (MI),4,Detroit St. Theresa (MI)
Detroit St. Theresa (MI),2,Detroit St. Theresa (MI)
Detroit St. Theresa's (MI),1,Detroit St. Theresa (MI)
Detroit St.Theresaof Avila (MI),1,Detroit St. Theresa (MI)
Detroit Saint Thomas (MI),103,Detroit St. Thomas (MI)
Detroit Saint Thomas Aquinas (MI),1,Detroit St. Thomas (MI)
Detroit Saint Vincent (MI),11,Detroit St. Vincent (MI)
Detroit University (MI),1,Detroit University High (MI)
Detroit University High (MI),1,Detroit University High (MI)
Detroit University School (MI),1,Detroit University High (MI)
Detroit Univesity (MI),1,Detroit University High (MI)
Detroit University Prep (MI),187,Detroit University Prep (MI)
Detroit University Prep Science & Math (MI),109,Detroit University Prep Science & Math (MI)
Detroit Voyageur Academy (MI),57,Detroit Voyageur Academy (MI)
Detroit Voyageur (MI),27,Detroit Voyageur Academy (MI)
Detroit Voyageur College Prep (MI),11,Detroit Voyageur Academy (MI)
Detroit Western International (MI),477,Detroit Western International (MI)
Detroit Westside Christian Academy (MI),66,Detroit Westside Christian Academy (MI)
Detroit Westside Christian (MI),8,Detroit Westside Christian Academy (MI)
DeWitt (MI),745,DeWitt (MI)
Dexter (MI),447,Dexter (MI)
Dimondale (MI),104,Dimondale (MI)
Dowagiac Union (MI),751,Dowagiac Union (MI)
Dryden (MI),583,Dryden (MI)
Dundee (MI),519,Dundee (MI)
Durand (MI),703,Durand (MI)
East Grand Rapids (MI),836,East Grand Rapids (MI)
East Jackson (MI),670,East Jackson (MI)
East Jordan (MI),654,East Jordan (MI)
East Kentwood (MI),612,East Kentwood (MI)
East Lansing (MI),903,East Lansing (MI)
Eastpointe East Detroit (MI),691,Eastpointe East Detroit (MI)
Eastpointe (MI),9,Eastpointe East Detroit (MI)
Eastpointe Detroit Eastern (MI),1,Eastpointe East Detroit (MI)
Eaton Rapids (MI),561,Eaton Rapids (MI)
Eau Claire (MI),631,Eau Claire (MI)
Eben Junction Superior Central (MI),114,Eben Junction Superior Central (MI)
Ecorse (MI),647,Ecorse (MI)
Econe (MI),1,Ecorse (MI)
Ecorse Saint Francis Xavier (MI),102,Ecorse St. Francis Xavier (MI)
Edwardsburg (MI),712,Edwardsburg (MI)
El Centro Central (CA) (MI),1,El Centro Central (CA)
El Centro Southwest CA) (MI),2,El Centro Southwest (CA)
Elk Rapids (MI),525,Elk Rapids (MI)
Elkhart (MI),2,Elkhart (IN)
Elkton-Pigeon-Bay (MI),602,Elkton-Pigeon-Bay (MI)
Elkton-Pigeon-Bay Port Laker (MI),10,Elkton-Pigeon-Bay (MI)
Ellsworth (MI),131,Ellsworth (MI)
Elsie (MI),138,Elsie (MI)
Elsea (MI),1,Elsie (MI)
Engadine (MI),562,Engadine (MI)
Erie-Mason (MI),592,Erie-Mason (MI)
Erie Mason (MI),9,Erie-Mason (MI)
Escanaba (MI),875,Escanaba (MI)
Escanaba Holy Name (MI),89,Escanaba Holy Name (MI)
Escanaba Holy Name Catholic (MI),3,Escanaba Holy Name (MI)
Essexville Garber (MI),579,Essexville Garber (MI)
Essexville Saint John (MI),58,Essexville St. John (MI)
Essewifie Saint John (MI),1,Essexville St. John (MI)
Evart (MI),554,Evart (MI)
Ewen-Trout Creek (MI),421,Ewen-Trout Creek (MI)
Farmington (MI),527,Farmington (MI)
Farmington Hills Harrison (MI),552,Farmington Hills Harrison (MI)
Farwell (MI),639,Farwell (MI)
JPC crossoverFarwell (MI),1,Farwell (MI)
Felch North Dickinson (MI),519,Felch North Dickinson (MI)
Felch North Dickinson County (MI),1,Felch North Dickinson (MI)
Fennville (MI),667,Fennville (MI)
Fenton (MI),756,Fenton (MI)
Ferndale (MI),596,Ferndale (MI)
Ferndale Saint James (MI),134,Ferndale St. James (MI)
Fife Lake Forest Area (MI),202,Fife Lake Forest Area (MI)
Flat Rock (MI),712,Flat Rock (MI)
Flint Ainsworth (MI),328,Flint Ainsworth (MI)
Flint Academy (MI),55,Flint Ainsworth (MI)
Flint Beecher (MI),529,Flint Beecher (MI)
Flint Carman (MI),171,Flint Carman (MI)
Flint Carman-Ainsworth (MI),313,Flint Carman-Ainsworth (MI)
Flint Carman Ainsworth (MI),17,Flint Carman-Ainsworth (MI)
Flint Central (MI),713,Flint Central (MI)
"Flint Central """"B"""" (MI)",1,Flint Central B (MI)
Flint Dye (MI),102,Flint Dye (MI)
Flint Hamady (MI),608,Flint Hamady (MI)
Flint Holy Rosary (MI),252,Flint Holy Rosary (MI)
Flint Kearsley (MI),550,Flint Kearsley (MI)
Flint New Standard Academy (MI),27,Flint New Standard Academy (MI)
Flint New St. andard (MI),17,Flint New Standard Academy (MI)
Flint Northern (MI),683,Flint Northern (MI)
"Flint Northern """"B"""" (MI)",1,Flint Northern B (MI)
Flint Northwestern (MI),424,Flint Northwestern (MI)
Flint Powers Catholic (MI),574,Flint Powers Catholic (MI)
Flint Sacred Heart (MI),100,Flint Sacred Heart (MI)
Flint Southwestern Classical Academy (MI),574,Flint Southwestern Classical Academy (MI)
Flint Saint Agnes (MI),94,Flint St.  Agnes (MI)
Flint Saint John Vianney (MI),131,Flint St. John Vianney (MI)
Flint Saint Mary'S (MI),83,Flint St. Mary's (MI)
Flint St. Mary (MI),4,Flint St. Mary's (MI)
Flint Saint Matthew (MI),140,Flint St. Matthew (MI)
Flint St. Matthew (MI),1,Flint St. Matthew (MI)
Flint Saint Michael (MI),139,Flint St. Michael (MI)
Flint St. Michael (MI),8,Flint St. Michael (MI)
Flushing (MI),551,Flushing (MI)
Fowler (MI),747,Fowler (MI)
Fowlerville (MI),503,Fowlerville (MI)
Frankenmuth (MI),698,Frankenmuth (MI)
Frankfort (MI),728,Frankfort (MI)
Fraser (MI),681,Fraser (MI)
Freeland (MI),479,Freeland (MI)
Fremont (MI),508,Fremont (MI)
Frernont (MI),1,Fremont (MI)
Fruitport (MI),579,Fruitport (MI)
Fulton-Middleton (MI),480,Fulton-Middleton (MI)
Galesburg-Augusta (MI),664,Galesburg-Augusta (MI)
Galesburg Augusta (MI),17,Galesburg-Augusta (MI)
Gallen (MI),425,Gallen (MI)
Galien (MI),2,Gallen (MI)
Garden City (MI),319,Garden City (MI)
Garden (MI),3,Garden City (MI)
Garden City East (MI),183,Garden City East (MI)
Garden City West (MI),124,Garden City West (MI)
Gaylord (MI),684,Gaylord (MI)
Gaylord Saint Mary Cathedral (MI),549,Gaylord St. Mary Cathedral (MI)
Gaylord St. Mary (MI),10,Gaylord St. Mary Cathedral (MI)
Gaylord Saint Mary Cathedral-Alba-Boyne Falls-Mancelona (MI),7,Gaylord St. Mary Cathedral (MI)
Gaylord St. Mary Cathedral-Alba-Boyne Falls-Mancelona (MI),6,Gaylord St. Mary Cathedral (MI)
Genesee (MI),420,Genesee (MI)
Gibraltar Carlson (MI),438,Gibraltar Carlson (MI)
Gladstone (MI),537,Gladstone (MI)
Gladwin (MI),694,Gladwin (MI)
Glen Arbor Leelanau (MI),115,Glen Arbor Leelanau (MI)
Gobles (MI),639,Gobles (MI)
Goodrich (MI),472,Goodrich (MI)
Grand Blanc (MI),746,Grand Blanc (MI)
Grand Haven (MI),773,Grand Haven (MI)
Grand Ledge (MI),744,Grand Ledge (MI)
Grand Rapids Catholic Central (MI),833,Grand Rapids Catholic Central (MI)
Grand Rapids Central (MI),648,Grand Rapids Central (MI)
Grand Rapids Christian (MI),502,Grand Rapids Christian (MI)
Grand Rapids Central Christian (MI),24,Grand Rapids Christian (MI)
Grand Rapids Creston (MI),596,Grand Rapids Creston (MI)
Grand Rapids Forest Hills Central (MI),635,Grand Rapids Forest Hills Central (MI)
Grand Rapids Forest Hills Eastern (MI),193,Grand Rapids Forest Hills Eastern (MI)
Grand Rapids Forest Hills Northern (MI),509,Grand Rapids Forest Hills Northern (MI)
Grand Rapids Kenowa Hills (MI),622,Grand Rapids Kenowa Hills (MI)
Grand Rapids NorthPointe Christian (MI),164,Grand Rapids NorthPointe Christian (MI)
Grand Rapids North Pointe Christian (MI),10,Grand Rapids NorthPointe Christian (MI)
Grand Rapids Northview (MI),516,Grand Rapids Northview (MI)
Grand Rapids Ottawa Hills (MI),708,Grand Rapids Ottawa Hills (MI)
Grand Rapids Sacred Heart (MI),16,Grand Rapids Sacred Heart Academy (MI)
Grand Rapids Sacred Heart Academy (MI),16,Grand Rapids Sacred Heart Academy (MI)
Grand Rapids South (MI),279,Grand Rapids South (MI)
Grand Rapids South Christian (MI),631,Grand Rapids South Christian (MI)
Grand Rapids Union (MI),807,Grand Rapids Union (MI)
Grand Rapids West Catholic (MI),641,Grand Rapids West Catholic (MI)
Grandville (MI),742,Grandville (MI)
Grandville Calvin Christian (MI),464,Grandville Calvin Christian (MI)
Grant (MI),680,Grant (MI)
Grass Lake (MI),732,Grass Lake (MI)
Grayling (MI),521,Grayling (MI)
Graling (MI),1,Grayling (MI)
Greenville (MI),710,Greenville (MI)
Greenville Yellow (MI),18,Greenville (MI)
Grosse Pointe Saint Paul (MI),107,Gross Pointe St. Paul (MI)
Gross Pointe St. Paul (MI),3,Gross Pointe St. Paul (MI)
Grosse Ile (MI),544,Grosse Ile (MI)
Grosse Pointe North (MI),544,Grosse Pointe North (MI)
Grosse Pointe South (MI),561,Grosse Pointe South (MI)
Grosse Pointe Saint Ambrose (MI),148,Grosse Pointe St. Ambrose (MI)
Grosse Pointe Woods University Liggett (MI),588,Grosse Pointe Woods University Liggett (MI)
Gwinn (MI),466,Gwinn (MI)
Hale (MI),549,Hale (MI)
Hamilton (MI),402,Hamilton (MI)
Hamtramck (MI),518,Hamtramck (MI)
Hamtramack (MI),3,Hamtramck (MI)
Hamtramck Saint Florian (MI),375,Hamtramck St. Florian (MI)
Hamtramck Saint Ladislaus (MI),130,Hamtramck St. Ladislaus (MI)
Hancock (MI),505,Hancock (MI)
Hanover-Horton (MI),456,Hanover-Horton (MI)
Horton Hanover Horton (MI),18,Hanover-Horton (MI)
Harbor Beach (MI),729,Harbor Beach (MI)
Harbor Springs (MI),658,Harbor Springs (MI)
Harper Woods (MI),667,Harper Woods (MI)
Harper Woods Chandler Park Academy (MI),159,Harper Woods Chandler Park Academy (MI)
Harper Woods Chandler Park (MI),9,Harper Woods Chandler Park Academy (MI)
Harper Woods Gallagher (MI),342,Harper Woods Gallagher (MI)
Harper Woods Lutheran East (MI),416,Harper Woods Lutheran East (MI)
Harper Woods Notre Dame (MI),401,Harper Woods Notre Dame (MI)
Harper Woods Trinity (MI),17,Harper Woods Trinity Catholic (MI)
Harper Woods Trinity Catholic (MI),10,Harper Woods Trinity Catholic (MI)
Harrison (MI),649,Harrison (MI)
JPC crossoverHarrison (MI),1,Harrison (MI)
Harrison Township L'Anse Creuse (MI),199,Harrison Township L'Anse Creuse (MI)
Harrison Township Lanse Creuse (MI),17,Harrison Township L'Anse Creuse (MI)
Hart (MI),545,Hart (MI)
Hartford (MI),697,Hartford (MI)
Hartland (MI),436,Hartland (MI)
Haslett (MI),711,Haslett (MI)
Hastings (MI),744,Hastings (MI)
Hazel Park (MI),711,Hazel Park (MI)
Hemlock (MI),670,Hemlock (MI)
Hesperia (MI),386,Hesperia (MI)
Highland Park (MI),605,Highland Park (MI)
Highland Park Saint Benedict (MI),70,Highland Park St. Benedict (MI)
Highland Park St. Benedict (MI),1,Highland Park St. Benedict (MI)
Hillman (MI),508,Hillman (MI)
Hillsdale (MI),609,Hillsdale (MI)
Holland (MI),754,Holland (MI)
Holland Christian (MI),219,Holland Christian (MI)
Holland West Ottawa (MI),609,Holland West Ottawa (MI)
Holly (MI),494,Holly (MI)
Holt (MI),709,Holt (MI)
Holton (MI),365,Holton (MI)
Homer (MI),742,Homer (MI)
Hopkins (MI),698,Hopkins (MI)
Houghton (MI),615,Houghton (MI)
Houghton Lake (MI),652,Houghton Lake (MI)
Howard City Tri County Area (MI),334,Howard City Tri County Area (MI)
Howard City (MI),63,Howard City Tri County Area (MI)
Howard City Tri County (MI),10,Howard City Tri County Area (MI)
Howell (MI),562,Howell (MI)
Hudson (MI),755,Hudson (MI)
Hudsonville (MI),731,Hudsonville (MI)
Hudsonville Unity Christian (MI),239,Hudsonville Unity Christian (MI)
Ida (MI),532,Ida (MI)
Imlay City (MI),673,Imlay City (MI)
Indian River Inland Lakes (MI),610,Indian River Inland Lakes (MI)
Inkster (MI),524,Inkster (MI)
Inkster Cherry Hill (MI),184,Inkster Cherry Hill (MI)
Ionia (MI),574,Ionia (MI)
Iron Mountain (MI),702,Iron Mountain (MI)
Iron River West Iron County (MI),510,Iron River West Iron County (MI)
Iron River West Iron (MI),16,Iron River West Iron County (MI)
Ironwood (MI),470,Ironwood (MI)
Ironwood Luther L Wright (MI),204,Ironwood Luther L Wright (MI)
Ironwood Wright (MI),66,Ironwood Luther L Wright (MI)
Ishpeming (MI),705,Ishpeming (MI)
Ishpeming Westwood (MI),244,Ishpeming Westwood (MI)
Ithaca (MI),770,Ithaca (MI)
Jackson (MI),721,Jackson (MI)
Jackson Lumen Christi Catholic (MI),618,Jackson Lumen Christi Catholic (MI)
Jackson Lumen Christi (MI),27,Jackson Lumen Christi Catholic (MI)
Jackson Northwest (MI),460,Jackson Northwest (MI)
Jackson Parkside (MI),170,Jackson Parkside (MI)
Jackson Saint John (MI),161,Jackson St. Johns (MI)
Jackson St. Johns (MI),14,Jackson St. Johns (MI)
Jackson Saint Mary (MI),106,Jackson St. Mary (MI)
Jackson St. Mary (MI),4,Jackson St. Mary (MI)
Jackson Vandercook Lake (MI),672,Jackson Vandercook Lake (MI)
Jenison (MI),546,Jenison (MI)
Johannesburg-Lewiston (MI),534,Johannesburg-Lewiston (MI)
Johannesburg Lewiston (MI),16,Johannesburg-Lewiston (MI)
Jonesville (MI),616,Jonesville (MI)
Kalamazoo Central (MI),830,Kalamazoo Central (MI)
Kalamazoo Christian (MI),378,Kalamazoo Christian (MI)
Kalamazoo Comstock (MI),336,Kalamazoo Comstock (MI)
Kalamazoo Hackett Catholic Prep (MI),446,Kalamazoo Hackett Catholic Prep (MI)
Kalamazoo Hackett Catholic Central (MI),53,Kalamazoo Hackett Catholic Prep (MI)
Kalamazoo Loy Norrix (MI),505,Kalamazoo Loy Norrix (MI)
Kalkaska (MI),470,Kalkaska (MI)
Kent City (MI),417,Kent City (MI)
Kinde-North Huron (MI),591,Kinde-North Huron (MI)
Kinde North Huron (MI),19,Kinde-North Huron (MI)
Kingsford (MI),696,Kingsford (MI)
Kingsley (MI),552,Kingsley (MI)
Kingston (MI),571,Kingston (MI)
Laingsburg (MI),518,Laingsburg (MI)
Lake City (MI),656,Lake City (MI)
Lake Linden-Hubbell (MI),626,Lake Linden-Hubbell (MI)
Lake Linden Lake Linden (MI),16,Lake Linden-Hubbell (MI)
Lake Linden (MI),1,Lake Linden-Hubbell (MI)
Lake Linden Hubbell (MI),1,Lake Linden-Hubbell (MI)
Lake Odessa (MI),120,Lake Odessa (MI)
Lake Odessa Lakewood (MI),573,Lake Odessa Lakewood (MI)
Lake Orion (MI),700,Lake Orion (MI)
Lakeview (MI),651,Lakeview (MI)
L'Anse (MI),495,L'Anse (MI)
Lansing Boys Training (MI),135,Lansing Boys Training (MI)
Lansing Boys Voc (MI),13,Lansing Boys Training (MI)
Lansing Catholic Central (MI),560,Lansing Catholic Central (MI)
Lansing Central (MI),206,Lansing Central (MI)
"Lansing Central """"B"""" (MI)",1,Lansing Central B (MI)
Lansing Eastern (MI),704,Lansing Eastern (MI)
"Lansing Eastern """"B"""" (MI)",1,Lansing Eastern B (MI)
Lansing Everett (MI),694,Lansing Everett (MI)
Lansing Gabriels (MI),111,Lansing Gabriels (MI)
Lansing O'Rafferty (MI),156,Lansing O'Rafferty (MI)
Lansing Sexton (MI),783,Lansing Sexton (MI)
Lansing St. Mary Cathedral (MI),8,Lansing St. Mary Cathedral (MI)
"Lansing St Mary's """"B"""" (MI)",1,Lansing St. Mary Cathedral B (MI)
Lansing Waverly (MI),457,Lansing Waverly (MI)
Lapeer (MI),150,Lapeer (MI)
Lapeer East (MI),283,Lapeer East (MI)
Lapeer West (MI),644,Lapeer West (MI)
Lawrence (MI),484,Lawrence (MI)
Lawton (MI),529,Lawton (MI)
Leroy Pine River Area (MI),424,Leroy Pine River Area (MI)
LeRoy Pine River (MI),9,Leroy Pine River Area (MI)
Leslie (MI),702,Leslie (MI)
Lincoln Alcona (MI),599,Lincoln Alcona (MI)
Lincoln Park (MI),504,Lincoln Park (MI)
Linden (MI),503,Linden (MI)
Linden Lake Fenton (MI),402,Linden Lake Fenton (MI)
Litchfield (MI),619,Litchfield (MI)
Little Chute (MI),1,Little Chute (WI)
Livonia Bentley (MI),281,Livonia Bentley (MI)
Livonia Churchill (MI),443,Livonia Churchill (MI)
Livonia Clarenceville (MI),670,Livonia Clarenceville (MI)
Livonia Franklin (MI),610,Livonia Franklin (MI)
Livonia Stevenson (MI),562,Livonia Stevenson (MI)
Lowell (MI),773,Lowell (MI)
LowellPink Arrow Game (MI),1,Lowell (MI)
Ludington (MI),658,Ludington (MI)
Ludington Saint Simon (MI),30,Ludington St. Simon (MI)
Ludington St. Simon (MI),7,Ludington St. Simon (MI)
Mackinaw City (MI),153,Mackinaw City (MI)
Macomb Dakota (MI),334,Macomb Dakota (MI)
Macomb L'Anse Creuse North (MI),333,Macomb L'Anse Creuse North (MI)
Macomb Lutheran North (MI),366,Macomb Lutheran North (MI)
Madison Heights Bishop Foley Catholic (MI),384,Madison Heights Bishop Foley Catholic (MI)
Madison Heights Bishop Foley (MI),21,Madison Heights Bishop Foley Catholic (MI)
Madison Heights Lamphere (MI),453,Madison Heights Lamphere (MI)
Madison Heights Madison (MI),705,Madison Heights Madison (MI)
Mancelona (MI),649,Mancelona (MI)
Manchester (MI),703,Manchester (MI)
Manistee (MI),732,Manistee (MI)
Manistee Catholic Central (MI),399,Manistee Catholic Central (MI)
Manistique (MI),661,Manistique (MI)
Manton (MI),460,Manton (MI)
Maple City Glen Lake (MI),607,Maple City Glen Lake (MI)
Marcelius (MI),507,Marcelius (MI)
Marcellus (MI),17,Marcelius (MI)
Marine City (MI),736,Marine City (MI)
Marine City Cardinal Mooney Catholic (MI),339,Marine City Cardinal Mooney Catholic (MI)
Marine City Cardinal Mooney (MI),10,Marine City Cardinal Mooney Catholic (MI)
Marine City Holy Cross (MI),298,Marine City Holy Cross (MI)
Marinette (MI),3,Marinette (WI)
Marion (MI),672,Marion (MI)
Marlette (MI),682,Marlette (MI)
Marquette (MI),545,Marquette (MI)
Marquette Pierce (MI),10,Marquette John D. Pierce (MI)
Marquette John D. Pierce (MI),1,Marquette John D. Pierce (MI)
Marshall (MI),789,Marshall (MI)
Martin (MI),678,Martin (MI)
Marysville (MI),708,Marysville (MI)
Marville (MI),29,Marysville (MI)
Mason (MI),751,Mason (MI)
Mattawan (MI),443,Mattawan (MI)
Mayville (MI),646,Mayville (MI)
McBain (MI),535,McBain (MI)
Melvindale (MI),686,Melvindale (MI)
Melvmdale (MI),1,Melvindale (MI)
Melvindale Academy for Business & Tech (MI),145,Melvindale Academy for Business & Tech (MI)
Melvindale Academy For (MI),17,Melvindale Academy for Business & Tech (MI)
Melvindal Academy for Business & Teche (MI),10,Melvindale Academy for Business & Tech (MI)
Memphis (MI),624,Memphis (MI)
Mendon (MI),772,Mendon (MI)
Menominee (MI),912,Menominee (MI)
Menomiuee (MI),1,Menominee (MI)
Merrill (MI),510,Merrill (MI)
Mesick (MI),595,Mesick (MI)
Michigan Center (MI),556,Michigan Center (MI)
Michigan School for the Deaf (MI),346,Michigan School for the Deaf (MI)
Middleton Fulton (MI),198,Middleton Fulton (MI)
Middleville Thornapple Kellogg (MI),455,Middleville Thornapple Kellogg (MI)
Middleville Thornapple-Kellogg (MI),10,Middleville Thornapple Kellogg (MI)
Midland (MI),812,Midland (MI)
Midland Bullock Creek (MI),592,Midland Bullock Creek (MI)
Midland Dow (MI),550,Midland Dow (MI)
Milan (MI),502,Milan (MI)
Milford (MI),652,Milford (MI)
Millington (MI),587,Millington (MI)
Mio-Au Sable (MI),504,Mio-Au Sable (MI)
Mio Au (MI),17,Mio-Au Sable (MI)
Mio (MI),10,Mio-Au Sable (MI)
MOA (MI),1,Mio-Au Sable (MI)
Monroe (MI),741,Monroe (MI)
"Monroe """"B"""" (MI)",2,Monroe B (MI)
Monroe Jefferson (MI),605,Monroe Jefferson (MI)
Monroe Saint Mary Catholic Central (MI),713,Monroe St. Mary Catholic Central (MI)
Monroe St. Mary (MI),23,Monroe St. Mary Catholic Central (MI)
Monroe St. Mary Catholic Central (MI),14,Monroe St. Mary Catholic Central (MI)
Monroe Saint Mary Catholic (MI),1,Monroe St. Mary Catholic Central (MI)
Montague (MI),737,Montague (MI)
Montrose (MI),496,Montrose (MI)
Montross (MI),4,Montrose (MI)
Montrose Hill-McCloy (MI),228,Montrose Hill-McCloy (MI)
Morenci (MI),741,Morenci (MI)
Morley-Stanwood (MI),331,Morley-Stanwood (MI)
Morley Stanwood (MI),21,Morley-Stanwood (MI)
Morrice (MI),694,Morrice (MI)
Mount Clemens (MI),705,Mount Clemens (MI)
Mourn Clemens (MI),2,Mount Clemens (MI)
Mount Clements (MI),1,Mount Clemens (MI)
Mount Clemens clintondale (MI),426,Mount Clemens clintondale (MI)
Mount Clemens LAnse Creuse (MI),315,Mount Clemens LAnse Creuse (MI)
Mount Clemens Saint Louis (MI),114,Mount Clemens St. Louis (MI)
Mount Clemens Saint Mary (MI),96,Mount Clemens St. Mary (MI)
Mount Clemens St. Mary (MI),1,Mount Clemens St. Mary (MI)
Mt. Clemens St. Mary (MI),1,Mount Clemens St. Mary (MI)
Mount Mords (MI),58,Mount Morris (MI)
Mount Morris (MI),17,Mount Morris (MI)
Mt. Morris (MI),9,Mount Morris (MI)
Mount Morris EA Johnson (MI),693,Mount Morris EA Johnson (MI)
Mount Morris Saint Mary (MI),165,Mount Morris St. Mary (MI)
Mount Mords Saint Mary (MI),23,Mount Morris St. Mary (MI)
Mount Pleasant (MI),798,Mount Pleasant (MI)
Mount Pleasant Indian School (MI),2,Mount Pleasant Indian School (MI)
Mount Pleasant Indians (MI),1,Mount Pleasant Indian School (MI)
Mount Pleasant IS (MI),1,Mount Pleasant Indian School (MI)
Mount Pleasant Sacred Heart Academy (MI),666,Mount Pleasant Sacred Heart Academy (MI)
Mount Pleasant Sacred Heart (MI),22,Mount Pleasant Sacred Heart Academy (MI)
Munising (MI),620,Munising (MI)
Muskegon (MI),1013,Muskegon (MI)
Muskegon Catholic Central (MI),768,Muskegon Catholic Central (MI)
Muskegon Catholic (MI),16,Muskegon Catholic Central (MI)
Muskegon Heights (MI),742,Muskegon Heights (MI)
Muskegon Mona Shores (MI),592,Muskegon Mona Shores (MI)
Norton Shores Mona Shores (MI),19,Muskegon Mona Shores (MI)
Muskegon Oakridge (MI),628,Muskegon Oakridge (MI)
Muskegon Orchard View (MI),607,Muskegon Orchard View (MI)
Muskegon Reeths-Puffer (MI),606,Muskegon Reeths-Puffer (MI)
Muskegon Reeths Puffer (MI),17,Muskegon Reeths-Puffer (MI)
Napoleon (MI),529,Napoleon (MI)
Nashville (MI),122,Nashville (MI)
Negaunee (MI),694,Negaunee (MI)
NegauneeParent's Night (MI),1,Negaunee (MI)
New Baltimore Anchor Bay (MI),469,New Baltimore Anchor Bay (MI)
New Boston Huron (MI),519,New Boston Huron (MI)
New Buffalo (MI),637,New Buffalo (MI)
New Haven (MI),634,New Haven (MI)
New Haven Merritt Academy (MI),128,New Haven Merritt Academy (MI)
New Lothrop (MI),708,New Lothrop (MI)
New Lothrop Saint Michael (MI),73,New Lothrop St. Michael (MI)
Newaygo (MI),411,Newaygo (MI)
Newberry (MI),505,Newberry (MI)
Niles (MI),641,Niles (MI)
Niles Brandywine (MI),583,Niles Brandywine (MI)
North Adams-Jerome (MI),510,North Adams-Jerome (MI)
North Adams North Adams (MI),17,North Adams-Jerome (MI)
North Adams (MI),3,North Adams-Jerome (MI)
North Branch (MI),529,North Branch (MI)
North Branch Heritage Christian Academy (MI),119,North Branch Heritage Christian Academy (MI)
North Farmington (MI),567,North Farmington (MI)
North Farminaton (MI),1,North Farmington (MI)
North Muskegon (MI),726,North Muskegon (MI)
Northville (MI),538,Northville (MI)
Norway (MI),640,Norway (MI)
Novi (MI),561,Novi (MI)
Oak Park (MI),649,Oak Park (MI)
Okemos (MI),686,Okemos (MI)
Olivet (MI),714,Olivet (MI)
Onaway (MI),601,Onaway (MI)
Onekama (MI),533,Onekama (MI)
Onley Nandua (VA) (MI),1,Onley Nandua (VA)
Onsted (MI),690,Onsted (MI)
Ontonagon Area (MI),575,Ontonagon Area (MI)
Ontonagon (MI),9,Ontonagon Area (MI)
Orchard Lake Saint Marys Prep (MI),660,Orchard Lake St. Marys Prep (MI)
Orchard Lake St. Marys (MI),21,Orchard Lake St. Marys Prep (MI)
Orchard Lake St. Mary's (MI),14,Orchard Lake St. Marys Prep (MI)
Orchard Lake Saint Mary's Prep (MI),5,Orchard Lake St. Marys Prep (MI)
Ortonville-Brandon (MI),378,Ortonville-Brandon (MI)
Ortonville Brandon (MI),21,Ortonville-Brandon (MI)
Oscoda (MI),479,Oscoda (MI)
Ortisville (MI),1,Otisville (MI)
Otisville LakeVille Memorial (MI),469,Otisville LakeVille Memorial (MI)
Otsego (MI),313,Otsego (MI)
Ottawa Lake-Whiteford (MI),511,Ottawa Lake-Whiteford (MI)
Ottawa Lake Whiteford (MI),19,Ottawa Lake-Whiteford (MI)
Ovid (MI),116,Ovid (MI)
Ovid-Elsie (MI),565,Ovid-Elsie (MI)
Owendale-Gagetown (MI),596,Owendale-Gagetown (MI)
Owosso (MI),769,Owosso (MI)
"Owosso """"B"""" (MI)",3,Owosso B (MI)
Owosso Saint Paul (MI),105,Owosso St. Paul (MI)
Owosso St. Paul (MI),2,Owosso St. Paul (MI)
Oxford (MI),737,Oxford (MI)
Parchment (MI),610,Parchment (MI)
Parma (MI),102,Parma (MI)
Parma Jackson County Western (MI),587,Parma Jackson County Western (MI)
Parma Western (MI),19,Parma Western (OH)
Paw Paw (MI),390,Paw Paw (MI)
Peck (MI),669,Peck (MI)
Pellston (MI),609,Pellston (MI)
Perry (MI),488,Perry (MI)
Petersburg-Summerfield (MI),679,Petersburg-Summerfield (MI)
Petersburg Summerfield (MI),19,Petersburg-Summerfield (MI)
Petoskey (MI),709,Petoskey (MI)
Petosky (MI),1,Petoskey (MI)
Petoskey Saint Francis (MI),123,Petoskey St. Francis (MI)
Pewamo-Westphalia (MI),640,Pewamo-Westphalia (MI)
Pewamo Westphalia (MI),19,Pewamo-Westphalia (MI)
Pickford (MI),484,Pickford (MI)
Pigeon (MI),79,Pigeon (MI)
Pigeon Laker (MI),18,Pigeon (MI)
Pinckney (MI),664,Pinckney (MI)
Pinckne (MI),1,Pinckney (MI)
Pinconning (MI),506,Pinconning (MI)
JPC crossoverPinconning (MI),1,Pinconning (MI)
Pittsford (MI),686,Pittsford (MI)
Plainwell (MI),329,Plainwell (MI)
Plymouth Salem (MI),295,Plymouth Salem (MI)
Pontiac (MI),259,Pontiac (MI)
Pontiac Arts And (MI),17,Pontiac Arts & Tech (MI)
Pontiac Arts & Tech (MI),10,Pontiac Arts & Tech (MI)
Pontiac Central (MI),511,Pontiac Central (MI)
Pontiac Northern (MI),357,Pontiac Northern (MI)
Pontiac Notre Dame Prep (MI),401,Pontiac Notre Dame Prep (MI)
Pontiac Notre Dame (MI),21,Pontiac Notre Dame Prep (MI)
Pontiac Saint Frederick (MI),83,Pontiac St. Frederick (MI)
Pontiac St. Frederick (MI),2,Pontiac St. Frederick (MI)
Pontiac Saint Michael (MI),64,Pontiac St. Michael (MI)
Port Austin (MI),102,Port Austin (MI)
Port Huron (MI),781,Port Huron (MI)
"Port Huron """"B"""" (MI)",1,Port Huron B (MI)
Port Huron Northern (MI),557,Port Huron Northern (MI)
Port Huron Saint Stephen (MI),96,Port Huron St. Stephen (MI)
Port Huron St. Stephen (MI),12,Port Huron St. Stephen (MI)
Portage Central (MI),731,Portage Central (MI)
Portage (MI),6,Portage Central (MI)
Portage Northern (MI),581,Portage Northern (MI)
Portland (MI),561,Portland (MI)
Portland Saint Patrick Catholic (MI),612,Portland St. Patrick Catholic (MI)
Portland St. Patrick (MI),10,Portland St. Patrick Catholic (MI)
Posen (MI),395,Posen (MI)
Potterville (MI),482,Potterville (MI)
Powers North Central (MI),453,Powers North Central (MI)
Quincy (MI),705,Quincy (MI)
Rapid River (MI),508,Rapid River (MI)
Ravenna (MI),731,Ravenna (MI)
Reading (MI),726,Reading (MI)
Redford Covenant (MI),222,Redford Covenant (MI)
Redford Drexel (MI),407,Redford Drexel (MI)
Redford Saint Mary (MI),297,Redford St. Mary (MI)
Redford Thurston (MI),434,Redford Thurston (MI)
Redford Union (MI),491,Redford Union (MI)
Reed City (MI),750,Reed City (MI)
Reese (MI),546,Reese (MI)
Remus Chippewa Hills (MI),538,Remus Chippewa Hills (MI)
Richland Gull Lake (MI),318,Richland Gull Lake (MI)
Richmond (MI),708,Richmond (MI)
Richmond Saint Augustine (MI),82,Richmond St. Augustine (MI)
River Rouge (MI),778,River Rouge (MI)
River Rouge Our Lady ofLourdes (MI),134,River Rouge Our Lady of the Lourdes (MI)
River Rouge Our Lady Of Lourdes (MI),1,River Rouge Our Lady of the Lourdes (MI)
River Rouge Our Lady of the Lourdes (MI),1,River Rouge Our Lady of the Lourdes (MI)
Riverview (MI),690,Riverview (MI)
Riverview Gabriel Richard Catholic (MI),354,Riverview Gabriel Richard Catholic (MI)
Riverview Gabriel Richard (MI),13,Riverview Gabriel Richard Catholic (MI)
Rochester Adams (MI),561,Rochester Adams (MI)
Rochester Hills Lutheran Northwest (MI),311,Rochester Hills Lutheran Northwest (MI)
Rochester Hills Rochester (MI),488,Rochester Hills Rochester (MI)
Rochester Hills Stoney Creek (MI),226,Rochester Hills Stoney Creek (MI)
Rock Mid-Peninsula (MI),317,Rock Mid-Peninsula (MI)
Rock Mid Peninsula (MI),8,Rock Mid-Peninsula (MI)
Rockford (MI),786,Rockford (MI)
Rogers City (MI),638,Rogers City (MI)
Romeo (MI),735,Romeo (MI)
Romulus (MI),674,Romulus (MI)
Romulus Summit Academy (MI),208,Romulus Summit Academy (MI)
Romulus Summit Academy North (MI),41,Romulus Summit Academy (MI)
Roscommon (MI),529,Roscommon (MI)
Roseville (MI),556,Roseville (MI)
Roseville Brablec (MI),159,Roseville Brablec (MI)
Roseville Sacred Heart (MI),108,Roseville Sacred Heart (MI)
Royal Oak (MI),210,Royal Oak (MI)
Royal Oak Dondero (MI),489,Royal Oak Dondero (MI)
Royal Oak Kimball (MI),318,Royal Oak Kimball (MI)
Royal Oak Shrine Catholic (MI),486,Royal Oak Shrine Catholic (MI)
Royal Oak Saint Mary (MI),238,Royal Oak St. Mary (MI)
Royal Oak St. Mary's (MI),1,Royal Oak St. Mary (MI)
Rudyard (MI),616,Rudyard (MI)
Saginaw (MI),789,Saginaw (MI)
Saginaw Arthur Hill (MI),878,Saginaw Arthur Hill (MI)
Saginaw Arthur Hill Reserve (MI),1,Saginaw Arthur Hill Reserves (MI)
Saginaw Arthur Hill Reserves (MI),1,Saginaw Arthur Hill Reserves (MI)
Saginaw Buena Vista (MI),467,Saginaw Buena Vista (MI)
Saginaw East Catholic Saint Mary (MI),152,Saginaw East Catholic St. Mary (MI)
Saginaw Eisenhower (MI),110,Saginaw Eisenhower (MI)
Saginaw Heritage (MI),335,Saginaw Heritage (MI)
Saginaw Holy Rosary (MI),116,Saginaw Holy Rosary (MI)
Saginaw MacArthur (MI),244,Saginaw MacArthur (MI)
Saginaw Michigan Lutheran Seminary (MI),677,Saginaw Michigan Lutheran Seminary (MI)
Saginaw Michigan Lutheran (MI),18,Saginaw Michigan Lutheran Seminary (MI)
Saginaw Nouvel Catholic Central (MI),441,Saginaw Nouvel Catholic Central (MI)
Saginaw Saints Peter & Paul (MI),163,Saginaw Saints Peter & Paul (MI)
Saginaw Saints Peter And Paul (MI),6,Saginaw Saints Peter & Paul (MI)
Saginaw S. S. P.P. (MI),1,Saginaw Saints Peter & Paul (MI)
Saginaw Saint Andrew (MI),79,Saginaw St. Andrew (MI)
Saginaw St. Andrew (MI),1,Saginaw St. Andrew (MI)
Saginaw Saint Joseph (MI),6,Saginaw St. Joseph (MI)
Saginaw St. Joseph (MI),1,Saginaw St. Joseph (MI)
Saginaw Saint Stephen (MI),167,Saginaw St. Stephen (MI)
Saginaw Swan Valley (MI),435,Saginaw Swan Valley (MI)
Saginaw Valley Lutheran (MI),282,Saginaw Valley Lutheran (MI)
Saint Charles (MI),683,Saint Charles (MI)
St. Charles (MI),9,Saint Charles (MI)
Saint Clair (MI),550,Saint Clair (MI)
St. Clair (MI),10,Saint Clair (MI)
Saint Clair Shores Lake Shore (MI),659,Saint Clair Shores Lake Shore (MI)
St. Clair Shores Lake Shore (MI),9,Saint Clair Shores Lake Shore (MI)
Saint Clair Shores Lakeview (MI),632,Saint Clair Shores Lakeview (MI)
St. Clair Shores Lakeview (MI),9,Saint Clair Shores Lakeview (MI)
Saint Clair Shores South Lake (MI),653,Saint Clair Shores South Lake (MI)
St. Clair Shores South Lake (MI),10,Saint Clair Shores South Lake (MI)
Saint Flair Shores South Lake (MI),1,Saint Clair Shores South Lake (MI)
Saint Clair Shores Saint Gertrude (MI),108,Saint Clair Shores St. Gertrude (MI)
St. Helen Charlton Heston Academy (MI),35,Saint Helen Charlton Heston Academy (MI)
St. Helen Heston Academy (MI),44,Saint Helen Heston Academy (MI)
St. Ignace (MI),37,Saint Ignace (MI)
Saint Ignace LaSalle (MI),659,Saint Ignace LaSalle (MI)
St.Ignace LaSalle (MI),2,Saint Ignace LaSalle (MI)
Saint Johns (MI),734,Saint Johns (MI)
St. Johns (MI),10,Saint Johns (MI)
Saint Joseph (MI),791,Saint Joseph (MI)
St. Joseph (MI),11,Saint Joseph (MI)
Saint Joseph Catholic (MI),160,Saint Joseph Catholic (MI)
Saint Joseph Lake Michigan Catholic (MI),255,Saint Joseph Lake Michigan Catholic (MI)
Saint Joseph Lake Michigan Catholic-Countryside Academy (MI),5,Saint Joseph Lake Michigan Catholic (MI)
Saint Joseph Michigan Lutheran (MI),165,Saint Joseph Michigan Lutheran (MI)
St. Joseph Our Lady of the Lake Catholic (MI),184,Saint Joseph Our Lady of the Lake Catholic (MI)
Saint Louis (MI),675,Saint Louis (MI)
St. Louis (MI),8,Saint Louis (MI)
JPC crossoverSt. Louis (MI),1,Saint Louis (MI)
St. Simons Alumni (MI),1,Saint Simons Alumni (MI)
Saline (MI),511,Saline (MI)
Saline Washtenaw Saints (MI),106,Saline Washtenaw Saints (MI)
Sand Creek (MI),687,Sand Creek (MI)
Sandusky (MI),670,Sandusky (MI)
Sanford Meridian (MI),484,Sanford Meridian (MI)
JPC crossoverSanford Meridian (MI),1,Sanford Meridian (MI)
Sanford Nieridian (MI),1,Sanford Meridian (MI)
Saranac (MI),682,Saranac (MI)
Saugatuck (MI),566,Saugatuck (MI)
Sault Saint Marie Sault Area (MI),553,Sault Saint Marie Sault Area (MI)
Sioux Ste. Marie (MI),33,Sault Saint Marie Sault Area (MI)
Sault Sainte Marie (MI),17,Sault Saint Marie Sault Area (MI)
Sault Ste Marie (MI),9,Sault Saint Marie Sault Area (MI)
Sault Ste. Marie (MI),3,Sault Saint Marie Sault Area (MI)
Schoolcraft (MI),753,Schoolcraft (MI)
Scottville Mason County Central (MI),494,Scottville Mason County Central (MI)
Scottville Mason County (MI),19,Scottville Mason County Central (MI)
Scottville (MI),18,Scottville Mason County Central (MI)
Scottsville (MI),3,Scottville Mason County Central (MI)
Scottrville Mason County Central (MI),1,Scottville Mason County Central (MI)
Sebewaing (MI),166,Sebewaing (MI)
Sebewaing Unionville Sebewaing (MI),17,Sebewaing (MI)
Shelby (MI),701,Shelby (MI)
Shepherd (MI),561,Shepherd (MI)
Hepherd (MI),1,Shepherd (MI)
South Haven (MI),339,South Haven (MI)
South Lyon East (MI),169,South Lyon East (MI)
South Lyons (MI),615,South Lyons (MI)
Southfield (MI),648,Southfield (MI)
Southfield Arts & Tech (MI),82,Southfield Arts & Tech (MI)
Southfield Arts (MI),17,Southfield Arts & Tech (MI)
Southfield Arts & Technology (MI),9,Southfield Arts & Tech (MI)
Southfield Bradford Academy (MI),145,Southfield Bradford Academy (MI)
Southfield Christian (MI),131,Southfield Christian (MI)
Southfield-Lathrup (MI),287,Southfield-Lathrup (MI)
Southgate (MI),184,Southgate (MI)
Southgate Anderson (MI),321,Southgate Anderson (MI)
Southgate Aquinas (MI),146,Southgate Aquinas (MI)
Southgate Schafer (MI),183,Southgate Schafer (MI)
Sparta (MI),563,Sparta (MI)
Spring Lake (MI),591,Spring Lake (MI)
Springfield (MI),198,Springfield (MI)
Springport (MI),572,Springport (MI)
St Clair Shores Lakeview (MI),17,St. Clair Shores Lake Shore (MI)
Standish-Sterling Central (MI),602,Standish-Sterling Central (MI)
Standish (MI),54,Standish-Sterling Central (MI)
Standish St. erling (MI),19,Standish-Sterling Central (MI)
Standish-Sterling (MI),11,Standish-Sterling Central (MI)
Stanton (MI),104,Stanton (MI)
Stanton Central Montcalm (MI),399,Stanton Central Montcalm (MI)
Stephenson (MI),527,Stephenson (MI)
Sterling Heights (MI),512,Sterling Heights (MI)
Sterling Heights Parkway Christian (MI),196,Sterling Heights Parkway Christian (MI)
Sterling Heights Stevenson (MI),591,Sterling Heights Stevenson (MI)
Sterling Heights Utica Ford (MI),490,Sterling Heights Utica Ford (MI)
Stevensville Lakeshore (MI),663,Stevensville Lakeshore (MI)
Stockbridge (MI),683,Stockbridge (MI)
Sturgis (MI),741,Sturgis (MI)
Suttons Bay (MI),529,Suttons Bay (MI)
Suttons Bay-Saint Mary (MI),12,Suttons Bay-St. Mary (MI)
Suttons Bay-St. Mary (MI),8,Suttons Bay-St. Mary (MI)
Swartz Creek (MI),524,Swartz Creek (MI)
Tawas (MI),489,Tawas (MI)
Taylor Kennedy (MI),295,Taylor Kennedy (MI)
Taylor Light & Life Christian (MI),147,Taylor Light & Life Christian (MI)
Taylor Truman (MI),250,Taylor Truman (MI)
Tecumseh (MI),465,Tecumseh (MI)
Tekonsha (MI),633,Tekonsha (MI)
Temperance Bedford (MI),727,Temperance Bedford (MI)
Temperance Bedford Kicking (MI),18,Temperance Bedford (MI)
Temperance (MI),1,Temperance Bedford (MI)
Three Oaks River Valley (MI),484,Three Oaks River Valley (MI)
Three Oaks (MI),76,Three Oaks River Valley (MI)
Three Rivers (MI),756,Three Rivers (MI)
Traverse City Central (MI),790,Traverse City Central (MI)
Traverse City Saint Francis (MI),770,Traverse City St. Francis (MI)
Traverse City St. Francis (MI),11,Traverse City St. Francis (MI)
Traverse City West (MI),284,Traverse City West (MI)
Trenton (MI),709,Trenton (MI)
Troy (MI),679,Troy (MI)
Troy Athens (MI),359,Troy Athens (MI)
Twining Arenac Eastern (MI),493,Twining Arenac Eastern (MI)
Ubly (MI),728,Ubly (MI)
Union City (MI),728,Union City (MI)
Unionville (MI),156,Unionville (MI)
Unionville-Sebewaing (MI),507,Unionville-Sebewaing (MI)
Unjonville-Sebewaing (MI),1,Unionville-Sebewaing (MI)
University Of Detroit Jesuit (MI),686,University Of Detroit Jesuit (MI)
Utica (MI),694,Utica (MI)
Utica Eisenhower (MI),562,Utica Eisenhower (MI)
Vassar (MI),678,Vassar (MI)
Vermontville Maple Valley (MI),599,Vermontville Maple Valley (MI)
Vermontville (MI),70,Vermontville Maple Valley (MI)
Venmontville Maple Valley (MI),1,Vermontville Maple Valley (MI)
Venuontville Maple Valley (MI),1,Vermontville Maple Valley (MI)
Vestaburg (MI),455,Vestaburg (MI)
Vicksburg (MI),319,Vicksburg (MI)
Wakefield (MI),468,Wakefield (MI)
Waldron (MI),558,Waldron (MI)
Walled LakeCentral (MI),500,Walled Lake Central (MI)
Walled Lake Central (MI),11,Walled Lake Central (MI)
Walled Lake Central-Walled Lake Western (MI),1,Walled Lake Central (MI)
Walled Lake Northern (MI),199,Walled Lake Northern (MI)
Walled Lake Western (MI),573,Walled Lake Western (MI)
Warren (MI),258,Warren (MI)
Warren Cousino (MI),587,Warren Cousino (MI)
Warren De La Salle Collegiate (MI),695,Warren De La Salle Collegiate (MI)
Warren De La (MI),19,Warren De La Salle Collegiate (MI)
Warren Fitzgerald (MI),511,Warren Fitzgerald (MI)
Warren Immaculate Conception (MI),115,Warren Immaculate Conception (MI)
Warren Lincoln (MI),655,Warren Lincoln (MI)
Warren Michigan Collegiate (MI),196,Warren Michigan Collegiate (MI)
Warren Mott (MI),421,Warren Mott (MI)
Warren Woods (MI),169,Warren Woods (MI)
Warren Woods-Tower (MI),343,Warren Woods-Tower (MI)
Warren Woods Tower (MI),9,Warren Woods-Tower (MI)
Waterford (MI),274,Waterford (MI)
Waterford Kettering (MI),427,Waterford Kettering (MI)
Waterford Mott (MI),397,Waterford Mott (MI)
Waterford Our Lady of the Lakes (MI),643,Waterford Our Lady of the Lakes (MI)
Watervliet (MI),733,Watervliet (MI)
Wayland Union (MI),463,Wayland Union (MI)
Wayne Memorial (MI),543,Wayne Memorial (MI)
Wayne Saint Mary (MI),124,Wayne St. Mary (MI)
Webberville (MI),612,Webberville (MI)
West Bloomfield (MI),465,West Bloomfield (MI)
West Branch (MI),129,West Branch (MI)
West Rrauch (MI),1,West Branch (MI)
West Branch Ogemaw Heights (MI),549,West Branch Ogemaw Heights (MI)
Westland John Glenn (MI),575,Westland John Glenn (MI)
Westland Glenn (MI),18,Westland John Glenn (MI)
Westland Lutheran (MI),348,Westland Lutheran (MI)
White Cloud (MI),667,White Cloud (MI)
White Lake Lakeland (MI),360,White Lake Lakeland (MI)
White Lake Lakeland-Milford (MI),1,White Lake Lakeland (MI)
White Pigeon (MI),686,White Pigeon (MI)
White Pine (MI),106,White Pine (MI)
Whitehall (MI),553,Whitehall (MI)
Whitmore Lake (MI),595,Whitmore Lake (MI)
Whittemore-Prescott (MI),627,Whittemore-Prescott (MI)
Whittemore Prescott (MI),16,Whittemore-Prescott (MI)
Williamston (MI),702,Williamston (MI)
Woodland (MI),101,Woodland (MI)
Wyandotte Mount Carmel (MI),398,Wyandotte Mt. Carmel (MI)
Wyandotte Mt. Carmel (MI),10,Wyandotte Mt. Carmel (MI)
Wyandotte Roosevelt (MI),564,Wyandotte Roosevelt (MI)
Wyandotte Saint Patrick (MI),80,Wyandotte St. Patrick (MI)
Wyoming (MI),198,Wyoming (MI)
Wyoming Godwin Heights (MI),541,Wyoming Godwin Heights (MI)
Wyoming Kelloggsville (MI),494,Wyoming Kelloggsville (MI)
Wyoming Lee (MI),677,Wyoming Lee (MI)
Wyoming Park (MI),564,Wyoming Park (MI)
Wyoming Rogers (MI),427,Wyoming Rogers (MI)
Wyoming Tri-Unity Christian (MI),163,Wyoming Tri-Unity Christian (MI)
Wyoming Tri Unity (MI),4,Wyoming Tri-Unity Christian (MI)
Yale (MI),659,Yale (MI)
Ypsilanti (MI),194,Ypsilanti (MI)
Ypsilanti Community (MI),517,Ypsilanti Community (MI)
Ypsilanti Lincoln (MI),641,Ypsilanti Lincoln (MI)
Ypsilanti Roosevelt (MI),145,Ypsilanti Roosevelt (MI)
Ypsilanti Saint John (MI),83,Ypsilanti St. John (MI)
Ypsilanti Willow Run (MI),392,Ypsilanti Willow Run (MI)
Zeeland East (MI),545,Zeeland East (MI)
Zeeland West (MI),241,Zeeland West (MI)
