Alias_Name,GameCount,Standardized_Name
Ada Borup (MN),16,Ada-Borup (MN)
Ada-Borup (MN),320,Ada-Borup (MN)
Adams Southland (MN),455,Adams Southland (MN)
Adrian (MN),416,Adrian (MN)
Adrain-Ellsworth (MN),36,Adrian-Ellsworth (MN)
Adrian Ellsworth (MN),17,Adrian-Ellsworth (MN)
Adrian-Ellsworth (MN),62,Adrian-Ellsworth (MN)
Aitkin (MN),502,Aitkin (MN)
Albany (MN),590,Albany (MN)
Albert Lea (MN),758,Albert Lea (MN)
Albert Lee (MN),1,Albert Lea (MN)
Alden Conger (MN),14,Alden-Conger (MN)
Alden-Conger (MN),338,Alden-Conger (MN)
Alden Conger Emmons (MN),9,Alden-Conger-Emmons (MN)
Alexandria (MN),557,Alexandria (MN)
Algona Bishop Garrigan (MN),1,Algona Bishop Garrigan (MN)
Algona Garrigan (MN),1,Algona Bishop Garrigan (MN)
Amboy-Good Thunder (MN),2,Amboy-Good Thunder Lake (MN)
Amboy-Good ThunderLake (MN),102,Amboy-Good Thunder Lake (MN)
Andover (MN),239,Andover (MN)
Annandale (MN),512,Annandale (MN)
Anoka (MN),638,Anoka (MN)
Apple Valley (MN),491,Apple Valley (MN)
Apple Valley Eastview (MN),17,Apple Valley-Eastview (MN)
Apple Valley-Eastview (MN),228,Apple Valley-Eastview (MN)
Appleton (MN),161,Appleton (MN)
Arden Hills Mounds View (MN),657,Arden Hills Mounds View (MN)
Argyle (MN),172,Argyle (MN)
Arlington Sibley East (MN),347,Arlington Sibley East (MN)
Arlington-Green Isle (MN),113,Arlington-Green Isle (MN)
Ashby (MN),283,Ashby (MN)
Ashby-Country Bible Christian (MN),31,Ashby-Country Bible Christian (MN)
Ashby-County Bible Christian (MN),3,Ashby-Country Bible Christian (MN)
Atwater (MN),111,Atwater (MN)
Atwater-Cosmos-Grove City (MN),263,Atwater-Cosmos-Grove City (MN)
Audubon (MN),122,Audubon (MN)
Aurora Mesabi East (MN),277,Aurora Mesabi East (MN)
Aurora-Hoyt Lakes (MN),131,Aurora-Hoyt Lakes (MN)
Austin (MN),1079,Austin (MN)
Austin Pacelli (MN),117,Austin Pacelli (MN)
Austin Pacelli Catholic (MN),2,Austin Pacelli (MN)
Austin-Austin Pacelli (MN),25,Austin Pacelli (MN)
Babbitt (MN),101,Babbitt (MN)
Babbitt-Embarrass (MN),192,Babbitt-Embarrass (MN)
Backus (MN),132,Backus (MN)
Badger (MN),122,Badger (MN)
Badger Greenbush (MN),17,Badger-Greenbush (MN)
Badger-Greenbush (MN),27,Badger-Greenbush (MN)
Badger-Greenbush-Middle River (MN),183,Badger-Greenbush-Middle River (MN)
Bagley (MN),398,Bagley (MN)
Balaton (MN),159,Balaton (MN)
Barnesville (MN),369,Barnesville (MN)
Barnum (MN),465,Barnum (MN)
Barrett West Central (MN),19,Barrett West Central Area (MN)
Barrett West Central Area (MN),242,Barrett West Central Area (MN)
Barrett West Central Area-Ashby (MN),99,Barrett West Central Area-Ashby (MN)
Barrett West Central Ashby (MN),1,Barrett West Central Area-Ashby (MN)
Battle Lake (MN),180,Battle Lake (MN)
Battle Lake Henning Ottertail Central co-op (MN),207,Battle Lake Henning Ottertail Central co-op (MN)
Baudette Lake of the Woods-Indus (MN),349,Baudette Lake of the Woods-Indus (MN)
Beardsley-Brown Valley (MN),1,Beardsley-Browns Valley (MN)
Beardsley-Browns Valley (MN),84,Beardsley-Browns Valley (MN)
Becker (MN),544,Becker (MN)
Belgrade (MN),134,Belgrade (MN)
Belgrade Brooten (MN),20,Belgrade-Brooten (MN)
Belgrade-Brooten (MN),1,Belgrade-Brooten (MN)
Belgrade-Brooten-Elrosa (MN),307,Belgrade-Brooten-Elrosa (MN)
Belle Plaine (MN),393,Belle Plaine (MN)
Belview (MN),110,Belview (MN)
Belview-Danube-Rensville-S-Hert (MN),6,Belview-Danube-Renville-Sacred Heart (MN)
Belview-Danube-Renville-Sacred Heart (MN),50,Belview-Danube-Renville-Sacred Heart (MN)
Bemidji (MN),516,Bemidji (MN)
Benson (MN),453,Benson (MN)
Bertha Hewitt (MN),20,Bertha-Hewitt (MN)
Bertha-Hewitt (MN),470,Bertha-Hewitt (MN)
Big Lake (MN),463,Big Lake (MN)
Bigfork (MN),423,Bigfork (MN)
Bird Island-Olivia-Lake Lillian (MN),288,Bird Island-Olivia-Lake Lillian (MN)
Biwabik Mann (MN),137,Biwabik Mann (MN)
Blackduck (MN),463,Blackduck (MN)
Blaine (MN),531,Blaine (MN)
Blooming Prairie (MN),495,Blooming Prairie (MN)
Bloomington Jefferson (MN),540,Bloomington Jefferson (MN)
Bloomington Kennedy (MN),488,Bloomington Kennedy (MN)
Bloomington Lincoln (MN),118,Bloomington Lincoln (MN)
Bloomington Lion's Gate Christian Academy-Bethany Academy (MN),7,Bloomington Lion's Gate Christian Academy-New Life Academy (MN)
Bloomington Lion's Gate Christian Academy-New Life Academy (MN),19,Bloomington Lion's Gate Christian Academy-New Life Academy (MN)
Blue Earth (MN),32,Blue Earth Area (MN)
Blue Earth Area (MN),510,Blue Earth Area (MN)
Braham (MN),443,Braham (MN)
Brainerd (MN),675,Brainerd (MN)
Brandon Evansville (MN),15,Brandon-Evansville (MN)
Brandon-Evansville (MN),342,Brandon-Evansville (MN)
Breckenridge (MN),549,Breckenridge (MN)
Brewster (MN),116,Brewster (MN)
Bricelyn (MN),115,Bricelyn (MN)
Brooklyn Center (MN),406,Brooklyn Center (MN)
Brooklyn Park Center (MN),503,Brooklyn Park Center (MN)
Brooten (MN),144,Brooten (MN)
Browerville (MN),459,Browerville (MN)
Browns Valley (MN),106,Browns Valley (MN)
Brownton (MN),173,Brownton (MN)
Brownton Mc Leod West (MN),108,Brownton Mc Leod West (MN)
Brownton Mcleod West (MN),42,Brownton Mc Leod West (MN)
Buffalo (MN),500,Buffalo (MN)
Buffalo Lake-Hector (MN),104,Buffalo Lake-Hector (MN)
Buffalo Lake-Hector-Stewart (MN),308,Buffalo Lake-Hector-Stewart (MN)
Burnsville (MN),601,Burnsville (MN)
Butterfield-Odin (MN),108,Butterfield-Odin (MN)
Byron (MN),498,Byron (MN)
Caledonia (MN),527,Caledonia (MN)
Cambridge (MN),195,Cambridge (MN)
Cambridge Isanti (MN),17,Cambridge-Isanti (MN)
Cambridge-Isanti (MN),513,Cambridge-Isanti (MN)
Campbell Tintah (MN),1,Campbell-Tintah (MN)
Campbell-Tintah (MN),126,Campbell-Tintah (MN)
Campbell-Tintah-Fairmont (MN),48,Campbell-Tintah-Fairmont (MN)
Campbell-Tintah-Fairmount (MN),3,Campbell-Tintah-Fairmont (MN)
Canby (MN),464,Canby (MN)
Cannon Falls (MN),460,Cannon Falls (MN)
Carlton (MN),366,Carlton (MN)
Cass Lake (MN),144,Cass Lake (MN)
Cass Lake Bug-O-Nay-Ge-Shig (MN),1,Cass Lake Chief Bug-O-Nay-Ge-Shig (MN)
Cass Lake Chief Bug-O-Nay-Ge-Shig (MN),34,Cass Lake Chief Bug-O-Nay-Ge-Shig (MN)
Cass Lake-Bena (MN),260,Cass Lake-Bena (MN)
Ceylon (MN),145,Ceylon (MN)
Champlin Park (MN),332,Champlin Park (MN)
Chandler-Lake Wilson (MN),134,Chandler-Lake Wilson (MN)
Chanhassen (MN),161,Chanhassen (MN)
Chaska (MN),552,Chaska (MN)
Chatfield (MN),451,Chatfield (MN)
Chisholm (MN),448,Chisholm (MN)
Chokio-Alberta (MN),251,Chokio-Alberta (MN)
Circle Pines Centennial (MN),523,Circle Pines Centennial (MN)
Clara City (MN),117,Clara City (MN)
Clara City MACCRAY (MN),267,Clara City MACCRAY (MN)
Claremont (MN),150,Claremont (MN)
Clarissa (MN),135,Clarissa (MN)
Clarkfield (MN),156,Clarkfield (MN)
Clearbrook (MN),108,Clearbrook (MN)
Clearbrook Gonvick (MN),17,Clearbrook-Gonvick (MN)
Clearbrook-Gonvick (MN),283,Clearbrook-Gonvick (MN)
Clearbrook-GonvickClearbrook (MN),5,Clearbrook-Gonvick (MN)
Cleveland (MN),376,Cleveland (MN)
Cleveland Immanuel (MN),18,Cleveland-Immanuel Lutheran (MN)
Cleveland-Immanuel Lutheran (MN),86,Cleveland-Immanuel Lutheran (MN)
Cleveland-Immanuel LutheranCleveland (MN),7,Cleveland-Immanuel Lutheran (MN)
Climax-Fisher (MN),227,Climax-Fisher (MN)
Clinton (MN),106,Clinton (MN)
Clinton-Graceville-Beardsley (MN),287,Clinton-Graceville-Beardsley (MN)
Cloquet (MN),658,Cloquet (MN)
Cloquet Fond du Lac Ojibwe (MN),57,Cloquet Fond du Lac Ojibwe (MN)
Cloquet Fond du Lac Ojibwe Ogichida (MN),17,Cloquet Fond du Lac Ojibwe (MN)
Cloquet Fond du Lac Ojibwe JV (MN),2,Cloquet Fond du Lac Ojibwe JV (MN)
Cold Spring Rocori (MN),510,Cold Spring Rocori (MN)
Coleraine Greenway (MN),313,Coleraine Greenway (MN)
Coleraine Greenway Nashwauk (MN),17,Coleraine Greenway-Nashwauk (MN)
Coleraine Greenway-Nashwauk-Keewatin (MN),142,Coleraine Greenway-Nashwauk-Keewatin (MN)
Collegeville St. John's Prep (MN),282,Collegeville St. John's Prep (MN)
Collegeville St. John's Preps (MN),2,Collegeville St. John's Prep (MN)
Columbia Heights (MN),611,Columbia Heights (MN)
Concordia Academy-Roseville (MN),267,Concordia Academy-Roseville (MN)
Cook (MN),243,Cook (MN)
Cook North Woods (MN),137,Cook North Woods (MN)
Coon Rapids (MN),582,Coon Rapids (MN)
Cosmos (MN),184,Cosmos (MN)
Cottage Grove Park (MN),442,Cottage Grove Park (MN)
Cotton (MN),209,Cotton (MN)
Cottonwood (MN),158,Cottonwood (MN)
Cottonwood Lakeview (MN),311,Cottonwood Lakeview (MN)
Cromwell (MN),448,Cromwell (MN)
Crookston (MN),496,Crookston (MN)
Crosby Ironton (MN),18,Crosby-Ironton (MN)
Crosby-Ironton (MN),502,Crosby-Ironton (MN)
Culver South Ridge (MN),145,Culver South Ridge (MN)
Danube (MN),116,Danube (MN)
Dassel Cokato (MN),3,Dassel-Cokato (MN)
Dassel-Cokato (MN),461,Dassel-Cokato (MN)
Dawson Boyd (MN),19,Dawson-Boyd (MN)
Dawson-Boyd (MN),426,Dawson-Boyd (MN)
Deer River (MN),512,Deer River (MN)
Delano (MN),544,Delano (MN)
Delavan (MN),101,Delavan (MN)
Detroit Lakes (MN),538,Detroit Lakes (MN)
Detroit Lakes Ulen-Hitterdal (MN),130,Detroit Lakes Ulen-Hitterdal (MN)
Dilworth (MN),176,Dilworth (MN)
Dilworth-Glyndon-Felton (MN),288,Dilworth-Glyndon-Felton (MN)
Dodge Center (MN),153,Dodge Center (MN)
Dodge Center Triton (MN),402,Dodge Center Triton (MN)
Dover-Eyota (MN),472,Dover-Eyota (MN)
Duluth Cathedral (MN),303,Duluth Cathedral (MN)
Duluth Central (MN),563,Duluth Central (MN)
Duluth Denfeld (MN),807,Duluth Denfeld (MN)
Duluth Denfield (MN),3,Duluth Denfeld (MN)
Duluth Denfeld-Morgan Park (MN),19,Duluth Denfeld-Morgan Park (MN)
Duluth Denfield-Morgan Park (MN),3,Duluth Denfeld-Morgan Park (MN)
Duluth East (MN),508,Duluth East (MN)
Duluth Marshall (MN),226,Duluth Marshall (MN)
Duluth Morgan Park (MN),188,Duluth Morgan Park (MN)
Eagan (MN),344,Eagan (MN)
Eagle Bend (MN),135,Eagle Bend (MN)
Eagle Bend Eagle Valley (MN),179,Eagle Bend Eagle Valley (MN)
East Grand Forks (MN),534,East Grand Forks (MN)
East Grand Forks East Grand (MN),19,East Grand Forks (MN)
East Grand Forks Sacred Heart (MN),317,East Grand Forks Sacred Heart (MN)
Echo-Wood Lake (MN),57,Echo-Wood Lake (MN)
Ecko-Wood Lake (MN),2,Echo-Wood Lake (MN)
Eden Prairie (MN),604,Eden Prairie (MN)
Eden Valley (MN),4,Eden Valley (MN)
Eden Valley Eden Valley (MN),16,Eden Valley (MN)
Eden Valley-Watkins (MN),479,Eden Valley-Watkins (MN)
Edgerton (MN),350,Edgerton (MN)
Edgerton Ellsworth (MN),1,Edgerton-Ellsworth (MN)
Edgerton-Ellsworth (MN),120,Edgerton-Ellsworth (MN)
Edina (MN),285,Edina (MN)
Edina-Morningside (MN),344,Edina-Morningside (MN)
Elgin-Millville (MN),145,Elgin-Millville (MN)
Elk River (MN),571,Elk River (MN)
Elk River Spectrum (MN),130,Elk River Spectrum (MN)
Elk River Saint Michael-Albertville (MN),163,Elk River St. Michael-Albertville (MN)
Elkton-Lake Benton (MN),149,Elkton-Lake Benton (MN)
Ellsworth (MN),199,Ellsworth (MN)
Ellsworth-Hills Beaver Creek (MN),4,Ellsworth-Hills-Beaver Creek (MN)
Ellsworth-Hills-Beaver Creek (MN),72,Ellsworth-Hills-Beaver Creek (MN)
Elmore (MN),124,Elmore (MN)
Ely (MN),434,Ely (MN)
Emmons (MN),127,Emmons (MN)
Erskine Win E (MN),17,Erskine Win-E-Mac (MN)
Erskine Win-E-Mac (MN),312,Erskine Win-E-Mac (MN)
Esko (MN),473,Esko (MN)
Eveleth-Gilbert (MN),428,Eveleth-Gilbert (MN)
Fairfax (MN),101,Fairfax (MN)
Fairmont (MN),518,Fairmont (MN)
Faribault (MN),710,Faribault (MN)
Faribault BethlehemAcademy (MN),330,Faribault BethlehemAcademy (MN)
Farmington (MN),549,Farmington (MN)
Fergus Falls (MN),524,Fergus Falls (MN)
Fergus falls Hillcrest Academy (MN),1,Fergus Falls Hillcrest Lutheran Academy (MN)
Fergus Falls Hillcrest Lutheran Academy (MN),420,Fergus Falls Hillcrest Lutheran Academy (MN)
Fergus Falls-Hillcrest (MN),1,Fergus Falls Hillcrest Lutheran Academy (MN)
Fertile Beltrami (MN),18,Fertile-Beltrami (MN)
Fertile-Beltrami (MN),430,Fertile-Beltrami (MN)
Floodwood (MN),359,Floodwood (MN)
Foley (MN),486,Foley (MN)
Forest Lake (MN),543,Forest Lake (MN)
Fosston (MN),441,Fosston (MN)
Frazee (MN),372,Frazee (MN)
Freeborn (MN),128,Freeborn (MN)
Fridley (MN),557,Fridley (MN)
Fridley Totino Grace (MN),21,Fridley Totino-Grace (MN)
Fridley Totino-Grace (MN),536,Fridley Totino-Grace (MN)
Fulda (MN),430,Fulda (MN)
Garden City (MN),8,Garden City Wellcome Memorial (MN)
Garden City Wellcome Memorial (MN),111,Garden City Wellcome Memorial (MN)
Gary (MN),114,Gary (MN)
Gaylord (MN),147,Gaylord (MN)
Gaylord Public (MN),1,Gaylord (MN)
Gibbon-Fairfax-Winthrop (MN),319,Gibbon-Fairfax-Winthrop (MN)
Gilbert (MN),124,Gilbert (MN)
Glencoe Silver (MN),19,Glencoe-Silver Lake (MN)
Glencoe-Silver Lake (MN),543,Glencoe-Silver Lake (MN)
Glenville (MN),126,Glenville (MN)
Glenville-Emmons (MN),231,Glenville-Emmons (MN)
Glenwood (MN),156,Glenwood (MN)
Glenwood Minnewaska Area (MN),324,Glenwood Minnewaska Area (MN)
Glyndon-Felton (MN),146,Glyndon-Felton (MN)
Gonvick-Trail (MN),123,Gonvick-Trail (MN)
Goodhue (MN),526,Goodhue (MN)
Goodridge-Grygla-Gatzke (MN),197,Goodridge-Grygla-Gatzke (MN)
Graceville (MN),112,Graceville (MN)
Granada-Huntley (MN),101,Granada-Huntley (MN)
Granada-Huntley-East Chain (MN),118,Granada-Huntley-East Chain (MN)
Grand Marais Cook County (MN),484,Grand Marais Cook County (MN)
Grand Meadow (MN),539,Grand Meadow (MN)
Grand Meadows (MN),3,Grand Meadow (MN)
Grand Rapids (MN),501,Grand Rapids (MN)
Granite Falls (MN),177,Granite Falls (MN)
Granite Falls Yellow Medicine (MN),17,Granite Falls Yellow Medicine East (MN)
Granite Falls Yellow Medicine East (MN),238,Granite Falls Yellow Medicine East (MN)
Grey Eagle (MN),100,Grey Eagle (MN)
Grove City (MN),109,Grove City (MN)
Grygla-Goodrich (MN),59,Grygla-Goodrich (MN)
Grygla-Goodridge (MN),38,Grygla-Goodrich (MN)
Hallock (MN),126,Hallock (MN)
Hallock Kittson Central (MN),230,Hallock Kittson Central (MN)
Halstad Norman County West (MN),271,Halstad Norman County West (MN)
Hancock (MN),393,Hancock (MN)
Harmony (MN),211,Harmony (MN)
Harmony Fillmore Central (MN),315,Harmony Fillmore Central (MN)
Hastings (MN),680,Hastings (MN)
Hawley (MN),500,Hawley (MN)
Hayfield (MN),434,Hayfield (MN)
Hector (MN),130,Hector (MN)
Henderson (MN),129,Henderson (MN)
Hendricks (MN),131,Hendricks (MN)
Henning (MN),105,Henning (MN)
Herman (MN),124,Herman (MN)
Herman Norcross (MN),31,Herman-Norcross (MN)
Herman-Norcross (MN),55,Herman-Norcross (MN)
Hermantown (MN),501,Hermantown (MN)
Okabena Southwest Star Concept (MN),32,Heron Lake Southwest Star Concept (MN)
Southwest Star Concept (MN),8,Heron Lake Southwest Star Concept (MN)
Heron Lake-Okabena (MN),117,Heron Lake-Okabena (MN)
Hibbing (MN),422,Hibbing (MN)
Hill City (MN),356,Hill City (MN)
Hill City Northland (MN),9,Hill City-Northland (MN)
Hill City-Northland (MN),46,Hill City-Northland (MN)
Hills Beaver (MN),18,Hills-Beaver Creek (MN)
Hills-Beaver Creek (MN),407,Hills-Beaver Creek (MN)
Hinckley (MN),133,Hinckley (MN)
Hinckley Finlayson (MN),17,Hinckley-Finlayson (MN)
Hinckley-Finlayson (MN),208,Hinckley-Finlayson (MN)
Hoffman-Kensington (MN),123,Hoffman-Kensington (MN)
Holdingford (MN),522,Holdingford (MN)
Houston (MN),463,Houston (MN)
Howard Lake (MN),56,Howard Lake (MN)
Howard Lake Howard Lake (MN),19,Howard Lake (MN)
Howard Lake-Waverley (MN),14,Howard Lake-Waverly (MN)
Howard Lake-Waverly (MN),150,Howard Lake-Waverly (MN)
Howard Lake-Waverly-Winsted (MN),252,Howard Lake-Waverly-Winsted (MN)
Humboldt (MN),104,Humboldt (MN)
Hutchinson (MN),689,Hutchinson (MN)
International Falls (MN),517,International Falls (MN)
Inver Grove Heights Simley (MN),506,Inver Grove Heights Simley (MN)
Iron Cherry (MN),377,Iron Cherry (MN)
Isle (MN),334,Isle (MN)
Ivanhoe (MN),174,Ivanhoe (MN)
Jackson (MN),242,Jackson (MN)
Jackson County (MN),18,Jackson County Central (MN)
Jackson County Central (MN),415,Jackson County Central (MN)
Janesville (MN),157,Janesville (MN)
Janesville Waldorf Pemberton (MN),1,Janesville-Waldorf-Pemberton (MN)
Janesville-Waldorf-Pemberton (MN),297,Janesville-Waldorf-Pemberton (MN)
Jasper (MN),136,Jasper (MN)
Jordan (MN),484,Jordan (MN)
Karlstad (MN),56,Karlstad Tri-County (MN)
Karlstad Tri-County (MN),88,Karlstad Tri-County (MN)
Kasson Mantorville (MN),19,Kasson-Mantorville (MN)
Kasson-Mantorville (MN),687,Kasson-Mantorville (MN)
Kennedy (MN),147,Kennedy (MN)
Kenyon (MN),142,Kenyon (MN)
Kenyon Wanamingo (MN),13,Kenyon-Wanamingo (MN)
Kenyon-Wanamingo (MN),324,Kenyon-Wanamingo (MN)
Kerkhoven Murdock (MN),18,Kerkhoven-Murdock (MN)
Kerkhoven-Murdock (MN),1,Kerkhoven-Murdock (MN)
Kerkhoven-Murdock-Sunburg (MN),392,Kerkhoven-Murdock-Sunburg (MN)
Kimball Area (MN),454,Kimball Area (MN)
Kittson County (MN),1,Kittson County Central (MN)
Kittson County Central (MN),2,Kittson County Central (MN)
La Crescent (MN),457,La Crescent (MN)
La Crescent La Crescent (MN),16,La Crescent (MN)
Lake Benton (MN),211,Lake Benton (MN)
LakeBenton-Lincoln (MN),3,Lake Benton-Lincoln H I (MN)
Lake City (MN),489,Lake City (MN)
Lake Crystal (MN),135,Lake Crystal (MN)
Lake Crystal Lake Crystal (MN),14,Lake Crystal (MN)
Lake Crystal-Wellcome Memorial (MN),282,Lake Crystal-Wellcome Memorial (MN)
Lake Park (MN),120,Lake Park (MN)
Lake Park Lake Park (MN),18,Lake Park (MN)
Lake Park-Audubon (MN),273,Lake Park-Audubon (MN)
Lakefield (MN),133,Lakefield (MN)
Lakeville (MN),398,Lakeville (MN)
Lakeville North (MN),237,Lakeville North (MN)
Lakeville South (MN),238,Lakeville South (MN)
Lamberton (MN),102,Lamberton (MN)
Lamberton Red Rock (MN),18,Lamberton Red Rock Central (MN)
Lamberton Red Rock Central (MN),313,Lamberton Red Rock Central (MN)
Lancaster (MN),104,Lancaster (MN)
Lanesboro (MN),487,Lanesboro (MN)
Laporte (MN),250,Laporte (MN)
Le Center (MN),355,Le Center (MN)
Le Sueur (MN),166,Le Sueur (MN)
Le Sueur-Henderson (MN),298,Le Sueur-Henderson (MN)
Leroy Ostrander (MN),2,LeRoy-Ostrander (MN)
LeRoy-Ostrander (MN),466,LeRoy-Ostrander (MN)
Lester Prairie-Holy Trinity (MN),494,Lester Prairie-Holy Trinity (MN)
Lewiston Altura (MN),16,Lewiston-Altura (MN)
Lewiston-Altura (MN),381,Lewiston-Altura (MN)
Lincoln H I (MN),78,Lincoln H I (MN)
Lincoln HI (MN),12,Lincoln H I (MN)
Lindstrom Chisago Lakes (MN),3,Lindstrom Chisago Lakes Area (MN)
Lindstrom Chisago Lakes Area (MN),452,Lindstrom Chisago Lakes Area (MN)
Lindstrom-Center (MN),4,Lindstrom-Center City (MN)
Lindstrom-Center City (MN),1,Lindstrom-Center City (MN)
Litchfield (MN),518,Litchfield (MN)
Little Falls (MN),517,Little Falls (MN)
Little Falls North Star Christian (MN),1,Little Falls-North Star Christian (MN)
Little Falls-North Star Christian (MN),2,Little Falls-North Star Christian (MN)
Littlefork-Big Falls (MN),394,Littlefork-Big Falls (MN)
Long Lake Orono (MN),550,Long Lake Orono (MN)
Long Prairie (MN),185,Long Prairie (MN)
Long Prairie Long Prairie (MN),14,Long Prairie (MN)
Long Prarie (MN),1,Long Prairie (MN)
Long Prairie-Grey Eagle (MN),244,Long Prairie-Grey Eagle (MN)
Luverne (MN),591,Luverne (MN)
Lye (MN),1,Lyle (MN)
Lyle (MN),216,Lyle (MN)
Lyle Township (MN),2,Lyle (MN)
Lyle-Austin Pacelli (MN),185,Lyle-Austin Pacelli (MN)
Mabel Canton (MN),17,Mabel-Canton (MN)
Mabel-Canton (MN),470,Mabel-Canton (MN)
Madelia (MN),357,Madelia (MN)
Madelia-Truman (MN),125,Madelia-Truman (MN)
Madison (MN),238,Madison (MN)
Madison Lac Qui (MN),18,Madison Lac qui Parle Valley (MN)
Madison Lac qui Parle Valley (MN),278,Madison Lac qui Parle Valley (MN)
Mahnomen (MN),493,Mahnomen (MN)
Mahnomen Waubun (MN),19,Mahnomen-Waubun (MN)
Mahnomen-Waubun (MN),62,Mahnomen-Waubun (MN)
Mahtomedi (MN),617,Mahtomedi (MN)
Mankato (MN),294,Mankato (MN)
Mankato East (MN),462,Mankato East (MN)
Mankato Loyola (MN),402,Mankato Loyola (MN)
Mankato West (MN),528,Mankato West (MN)
Maple Grove (MN),309,Maple Grove (MN)
Maple Lake (MN),461,Maple Lake (MN)
Mapleton (MN),130,Mapleton (MN)
Mapleton Maple River (MN),324,Mapleton Maple River (MN)
Maplewood Hill Murray (MN),18,Maplewood Hill-Murray (MN)
Maplewood Hill-Murray (MN),452,Maplewood Hill-Murray (MN)
Marshall (MN),578,Marshall (MN)
Marshall County Central-Newfolden Northern Freeze co-op (MN),159,Marshall County Central-Newfolden Northern Freeze co-op (MN)
Mayer Lutheran (MN),483,Mayer Lutheran (MN)
Maynard (MN),101,Maynard (MN)
Mazeppa (MN),128,Mazeppa (MN)
McGregor (MN),433,McGregor (MN)
Mcintosh-Winger (MN),114,Mcintosh-Winger (MN)
Medford (MN),434,Medford (MN)
Melrose (MN),488,Melrose (MN)
Menahga (MN),276,Menahga (MN)
Mendota Heights Sibley (MN),506,Mendota Heights Sibley (MN)
Mendota Heights Saint Thomas Academy (MN),546,Mendota Heights St. Thomas Academy (MN)
Mendota Heights St. Thomas (MN),19,Mendota Heights St. Thomas Academy (MN)
Middle River (MN),117,Middle River (MN)
Milaca (MN),449,Milaca (MN)
Milan (MN),140,Milan (MN)
Milroy (MN),122,Milroy (MN)
Minneapolis Blake (MN),386,Minneapolis Blake (MN)
Minneapolis Breck (MN),453,Minneapolis Breck (MN)
Minneapolis Central (MN),113,Minneapolis Central (MN)
Minneapolis De La Salle (MN),461,Minneapolis De La Salle (MN)
Minneapolis DeLaSalle (MN),111,Minneapolis De La Salle (MN)
Minneapolis Edison (MN),467,Minneapolis Edison (MN)
Minneapolis Henry (MN),414,Minneapolis Henry (MN)
Minneapolis Henry Fair (MN),13,Minneapolis Henry-FAIR Downtown (MN)
Minneapolis Henry-FAIR Downtown (MN),8,Minneapolis Henry-FAIR Downtown (MN)
Minneapolis Marshall University High (MN),79,Minneapolis Marshall University High (MN)
Minneapolis Marshall-University High (MN),2,Minneapolis Marshall University High (MN)
Minneapolis North (MN),505,Minneapolis North (MN)
Minneapolis Roosevelt (MN),483,Minneapolis Roosevelt (MN)
Minneapolis South (MN),458,Minneapolis South (MN)
Minneapolis Southwest (MN),479,Minneapolis Southwest (MN)
Minneapolis Saint Anthony Village (MN),455,Minneapolis St. Anthony Village (MN)
Minneapolis St. Anthony (MN),17,Minneapolis St. Anthony Village (MN)
Minneapolis Washburn (MN),519,Minneapolis Washburn (MN)
Minneapolis West (MN),125,Minneapolis West (MN)
Minnehaha Academy (MN),346,Minnehaha Academy (MN)
Minneota (MN),536,Minneota (MN)
Minnesota Lake (MN),111,Minnesota Lake (MN)
Minnesota for the Deaf (MN),1,Minnesota School for the Deaf (MN)
Minnesota School for the Deaf (MN),259,Minnesota School for the Deaf (MN)
Minnetonka (MN),619,Minnetonka (MN)
Minnetonka Hopkins (MN),483,Minnetonka Hopkins (MN)
Montevideo (MN),501,Montevideo (MN)
Montgomery Tri City (MN),19,Montgomery Tri-City United [Montgomery-Lonsdale-Le Center] (MN)
Montgomery Tri-City United (MN),1,Montgomery Tri-City United [Montgomery-Lonsdale-Le Center] (MN)
Montgomery Tri-City United [Montgomery-Lonsdale-Le Center] (MN),5,Montgomery Tri-City United [Montgomery-Lonsdale-Le Center] (MN)
Montgomery-Lonsdale (MN),267,Montgomery-Lonsdale (MN)
Monticello (MN),511,Monticello (MN)
Moorhead (MN),699,Moorhead (MN)
Moose Lake (MN),96,Moose Lake (MN)
Moose Lake Moose Lake (MN),20,Moose Lake (MN)
Moose Lake-Willow River (MN),379,Moose Lake-Willow River (MN)
Moose River-Willow River (MN),1,Moose Lake-Willow River (MN)
Mora (MN),522,Mora (MN)
Morgan Cedar Mountain-Comfrey (MN),176,Morgan Cedar Mountain-Comfrey (MN)
Morris (MN),334,Morris (MN)
Morris Area-Chokio-Alberta (MN),142,Morris Area-Chokio-Alberta (MN)
Morristown (MN),164,Morristown (MN)
Motley (MN),122,Motley (MN)
Mound Westonka (MN),14,Mound-Westonka (MN)
Mound-Westonka (MN),467,Mound-Westonka (MN)
Mound Westonka Christian (MN),9,Mound-Westonka-Southwest Christian (MN)
Mound-Westonka-Southwest Christian (MN),33,Mound-Westonka-Southwest Christian (MN)
Mountain Iron (MN),103,Mountain Iron (MN)
Mountain Iron Mountain Iron (MN),19,Mountain Iron (MN)
Mountain Iron Mt. Iron-Buh (MN),1,Mountain Iron-Buhl (MN)
Mountain Iron-Buhl (MN),351,Mountain Iron-Buhl (MN)
Mountain Lake (MN),150,Mountain Lake (MN)
Mountain Lake Mountain Lake (MN),18,Mountain Lake (MN)
Mountain Lakes (MN),3,Mountain Lake (MN)
Mt. Lake-Butterfield-Odin (MN),282,Mt. Lake-Butterfield-Odin (MN)
Nashwauk-Keewatin (MN),301,Nashwauk-Keewatin (MN)
Nevis (MN),455,Nevis (MN)
New Brighton Irondale (MN),495,New Brighton Irondale (MN)
New Hope Cooper (MN),56,New Hope Robbinsdale Cooper (MN)
New Hope E.J. Cooper (MN),11,New Hope Robbinsdale Cooper (MN)
New Hope Robbinsdale Cooper (MN),479,New Hope Robbinsdale Cooper (MN)
New Hope Robbinsdale-Cooper (MN),1,New Hope Robbinsdale Cooper (MN)
New London New London (MN),19,New London (MN)
New London-Spicer (MN),472,New London-Spicer (MN)
New Prague (MN),513,New Prague (MN)
New Richland (MN),75,New Richland (MN)
New Richland New Richland (MN),16,New Richland (MN)
New Richland-Hartland-Ellendale-Geneva (MN),299,New Richland-Hartland-Ellendale-Geneva (MN)
New Ulm (MN),457,New Ulm (MN)
New Ulm Cathedral (MN),445,New Ulm Cathedral (MN)
New Ulm Martin Luther Academy (MN),34,New Ulm Minnesota Valley Lutheran (MN)
New Ulm Minnesota Valley (MN),14,New Ulm Minnesota Valley Lutheran (MN)
New Ulm Minnesota Valley Lutheran (MN),341,New Ulm Minnesota Valley Lutheran (MN)
New York Mills (MN),419,New York Mills (MN)
New York Mills New York (MN),18,New York Mills (MN)
Newfolden Marshall County Central (MN),193,Newfolden Marshall County Central (MN)
Nicollet (MN),482,Nicollet (MN)
North Branch (MN),430,North Branch (MN)
North Branch-Taylor Falls (MN),4,North Branch-Taylors Falls (MN)
North Branch-Taylors Fall (MN),1,North Branch-Taylors Falls (MN)
North Branch-Taylors Falls (MN),28,North Branch-Taylors Falls (MN)
North Saint Paul (MN),596,North Saint Paul (MN)
Northfield (MN),673,Northfield (MN)
Northome-Kelliher (MN),254,Northome-Kelliher (MN)
Norwood Young America Central (MN),14,Norwood-Young America (MN)
Norwood-Young America (MN),454,Norwood-Young America (MN)
Norwood-Young America Central (MN),19,Norwood-Young America (MN)
Oakdale Tartan (MN),514,Oakdale Tartan (MN)
Ogilvie (MN),493,Ogilvie (MN)
Oklee (MN),124,Oklee (MN)
Oklee Red Lake (MN),16,Oklee Red Lake County Central (MN)
Oklee Red Lake County Central (MN),110,Oklee Red Lake County Central (MN)
Oklee Red Lake County Central-Red Lake Falls (MN),168,Oklee Red Lake County Central-Red Lake Falls (MN)
Olivia (MN),158,Olivia (MN)
Olivia B O (MN),19,Olivia B O L D (MN)
Olivia B O L D (MN),63,Olivia B O L D (MN)
Onamia (MN),343,Onamia (MN)
Orr (MN),277,Orr (MN)
Ortonville (MN),450,Ortonville (MN)
Osakis (MN),458,Osakis (MN)
Osseo (MN),573,Osseo (MN)
Owatonna (MN),803,Owatonna (MN)
Park Rapids Area (MN),458,Park Rapids Area (MN)
Parkers Prairie (MN),446,Parkers Prairie (MN)
Paynesville Area (MN),471,Paynesville Area (MN)
Pelican Rapids (MN),477,Pelican Rapids (MN)
Pequot LakeHomecoming (MN),1,Pequot Lakes (MN)
Pequot Lakes (MN),444,Pequot Lakes (MN)
Perham (MN),490,Perham (MN)
Peterson (MN),169,Peterson (MN)
Pierz (MN),547,Pierz (MN)
Pillager (MN),432,Pillager (MN)
Pine City (MN),446,Pine City (MN)
Pine Island (MN),497,Pine Island (MN)
Pine River (MN),134,Pine River (MN)
Pine River Pine River (MN),17,Pine River (MN)
Pine River-Backus (MN),272,Pine River-Backus (MN)
Pipestone Area (MN),397,Pipestone Area (MN)
Pipestone-Jasper (MN),103,Pipestone-Jasper (MN)
Plainview-Elgin-Millville (MN),492,Plainview-Elgin-Millville (MN)
Plummer Pershing (MN),115,Plummer Pershing (MN)
Plymouth Providence Academy (MN),124,Plymouth Providence Academy (MN)
Plymouth Providence Academy/Heritage Christian Academy/Maranatha Christian Academy/West Lutheran (MN),28,Plymouth Providence Academy-Heritage Christian Academy (MN)
Plymouth Providence Academy-Heritage Christian Academy (MN),18,Plymouth Providence Academy-Heritage Christian Academy (MN)
Plymouth Providence Academy-Heritage Christian Academy-Maranatha Christian Academy-West Lutheran (MN),2,Plymouth Providence Academy-Heritage Christian Academy (MN)
Plymouth Robbinsdale Armstrong (MN),504,Plymouth Robbinsdale Armstrong (MN)
Plymouth Wayzata (MN),618,Plymouth Wayzata (MN)
Princeton (MN),526,Princeton (MN)
Prior Lake (MN),526,Prior Lake (MN)
Proctor (MN),496,Proctor (MN)
Randolph (MN),444,Randolph (MN)
Raymond (MN),144,Raymond (MN)
Red Lake (MN),183,Red Lake (MN)
Red Lake Central (MN),2,Red Lake (MN)
Red Lake Falls (MN),297,Red Lake Falls (MN)
Red Wing (MN),801,Red Wing (MN)
Redwood Falls (MN),152,Redwood Falls (MN)
Redwood Valley (MN),289,Redwood Valley (MN)
Remer Northland (MN),334,Remer Northland (MN)
Renville County West (MN),208,Renville County West (MN)
Richfield (MN),667,Richfield (MN)
Richfield Academy Of (MN),19,Richfield Academy of Holy Angels (MN)
Richfield Academy of Holy Angels (MN),433,Richfield Academy of Holy Angels (MN)
Robbinsdale (MN),303,Robbinsdale (MN)
Rochester (MN),214,Rochester (MN)
Rochester Century (MN),242,Rochester Century (MN)
Rochester John Marshall (MN),689,Rochester John Marshall (MN)
Rochester Lourdes (MN),448,Rochester Lourdes (MN)
Rochester Mayo (MN),572,Rochester Mayo (MN)
Rockford (MN),475,Rockford (MN)
Rogers (MN),221,Rogers (MN)
Roseau (MN),440,Roseau (MN)
Rosemount (MN),668,Rosemount (MN)
Roseville (MN),370,Roseville (MN)
Roseville Alexander Ramsey (MN),214,Roseville Alexander Ramsey (MN)
Roseville Frank B. Kellogg (MN),172,Roseville Frank B. Kellogg (MN)
Rothsay (MN),293,Rothsay (MN)
Royalton (MN),466,Royalton (MN)
Rush City (MN),443,Rush City (MN)
Rushford (MN),184,Rushford (MN)
Rushford Peterson (MN),16,Rushford-Peterson (MN)
Rushford-Peterson (MN),344,Rushford-Peterson (MN)
Russell-Tyler-Ruthton (MN),395,Russell-Tyler-Ruthton (MN)
Ruthton (MN),3,Ruthton Public (MN)
Ruthton Public (MN),200,Ruthton Public (MN)
Saginaw AlBrook (MN),286,Saginaw AlBrook (MN)
Saint Charles (MN),483,Saint Charles (MN)
Saint Clair (MN),367,Saint Clair (MN)
Saint Clair St. Clair (MN),11,Saint Clair (MN)
St. Clair-Loyola (MN),31,Saint Clair-Loyola (MN)
Saint Clair-Loyola (MN),26,Saint Clair-Loyola (MN)
St. Cloud (MN),8,Saint Cloud (MN)
St. Cloud Academy (MN),1,Saint Cloud Academy (MN)
Saint Cloud Apollo (MN),485,Saint Cloud Apollo (MN)
Saint Cloud Cathedral (MN),494,Saint Cloud Cathedral (MN)
St. Cload Tech (MN),1,Saint Cloud Tech (MN)
Saint Cloud Tech (MN),764,Saint Cloud Tech (MN)
St. Cloud Tech-St. John's Prep (MN),19,Saint Cloud Tech-St. Johns Prep (MN)
Saint Cloud Tech-Saint John's Prep (MN),23,Saint Cloud Tech-St. Johns Prep (MN)
Saint Cloud Tech-St. Johns Prep (MN),18,Saint Cloud Tech-St. Johns Prep (MN)
Saint Cretin-Derhan Hall (MN),1,Saint Cretin-Derhan Hall (MN)
Saint Francis (MN),510,Saint Francis (MN)
Saint James (MN),19,Saint James Area (MN)
Saint James Area (MN),438,Saint James Area (MN)
St. James-Butterfield-Odin (MN),14,Saint James-Butterfield-Odin (MN)
St. James-Butterfield-OdinSt. James (MN),7,Saint James-Butterfield-Odin (MN)
Saint James-Butterfield-OdinSaint James (MN),8,Saint James-Butterfield-Odin (MN)
St. John's Preps (MN),1,Saint John's Preps (MN)
St. Louis Par Benilde-St. Margaret'sk (MN),4,Saint Louis Par Benilde-Saint Margaret'sk (MN)
St.Louis Park (MN),25,Saint Louis Park (MN)
Saint Louis Park (MN),656,Saint Louis Park (MN)
Saint Louis Park St. Louis (MN),18,Saint Louis Park (MN)
Saint Louis Park Benilde St. (MN),19,Saint Louis Park Benilde-St. Margaret's (MN)
St. Louis Park Benilde-St. Margarets (MN),165,Saint Louis Park Benilde-St. Margaret's (MN)
Saint Louis Par Benilde-Saint Margaret'sk (MN),18,Saint Louis Park Benilde-St. Margaret's (MN)
Saint Louis Par Benilde-St. Margaret'sk (MN),4,Saint Louis Park Benilde-St. Margaret's (MN)
Saint Louis Park Benilde-Saint Margaret's (MN),310,Saint Louis Park Benilde-St. Margaret's (MN)
St. Louis Park Benilde-St. Margaret's-Groves Academy (MN),20,Saint Louis Park Benilde-St. Margaret's-Groves Academy (MN)
St. Louis Park Reserves (MN),1,Saint Louis Park Reserves (MN)
Saint Mary's University of Minnesota (MN),3,Saint Mary's University of Minnesota (MN)
Saint Mary's University of Minnesota Fresh (MN),1,Saint Mary's University of Minnesota Fresh (MN)
St. Michael (MN),3,Saint Michael (MN)
St.Michael (MN),12,Saint Michael (MN)
Saint Michael-Albertville (MN),515,Saint Michael-Albertville (MN)
Saint Paul (MN),14,Saint Paul (MN)
St.Paul Academy (MN),4,Saint Paul Academy (MN)
Saint Paul Academy (MN),3,Saint Paul Academy (MN)
St. Paul Academy-Mounds Park Academy-Great River School-Twin Cities Academy (MN),25,Saint Paul Academy-Mounds Park Academy-Great River School-Twin Cities Academy (MN)
Saint Paul Academy-Summit-Mounds Park Academy (MN),70,Saint Paul Academy-Summit-Mounds Park Academy (MN)
St. Paul Arlington (MN),104,Saint Paul Arlington (MN)
Saint Paul Brady (MN),6,Saint Paul Brady (MN)
Saint Paul Central (MN),418,Saint Paul Central (MN)
"Saint Paul Central Opp """"Washington"""" (MN)",1,"Saint Paul Central Opp """"Washington"""" (MN)"
St. Paul Central-Open School (MN),14,Saint Paul Central-Open School (MN)
St. Paul Cleveland (MN),1,Saint Paul Cleveland (MN)
Saint Paul Como Park (MN),361,Saint Paul Como Park (MN)
St. Paul ConcordiaAcademy (MN),112,Saint Paul Concordia Academy (MN)
St. Paul Cretin (MN),105,Saint Paul Cretin (MN)
"St. Paul Cretin """"B"""" (MN)",1,Saint Paul Cretin B (MN)
Saint Paul Cretin Derham (MN),20,Saint Paul Cretin-Derham Hall (MN)
Saint Paul Cretin-Derham Hall (MN),617,Saint Paul Cretin-Derham Hall (MN)
St. Paul Crocus Hill (MN),1,Saint Paul Crocus Hill (MN)
Saint Paul Harding (MN),260,Saint Paul Harding (MN)
St. Paul Harding-Humboldt-Open World Learning (MN),9,Saint Paul Harding-Humboldt-Open World Learning (MN)
Saint Paul Highland Park (MN),423,Saint Paul Highland Park (MN)
St. Paul Hill (MN),41,Saint Paul Hill (MN)
St. Paul Hill-Murray (MN),3,Saint Paul Hill-Murray (MN)
Saint Paul Humboldt (MN),295,Saint Paul Humboldt (MN)
St. Paul Humboldt-Open World Learning (MN),9,Saint Paul Humboldt-Open World Learning (MN)
Saint Paul Johnson (MN),392,Saint Paul Johnson (MN)
St. Paul Johnson-City Academy (MN),38,Saint Paul Johnson-City Academy (MN)
St. Paul Johnson-Washington Tech (MN),7,Saint Paul Johnson-Washington Tech (MN)
St. Paul Luther Seminary (MN),1,Saint Paul Luther Seminary (MN)
St. Paul Marshall (MN),9,Saint Paul Marshall (MN)
Saint Paul Marshall (MN),1,Saint Paul Marshall (MN)
Saint Paul Mechanic Arts (MN),4,Saint Paul Mechanical Arts (MN)
St. Paul Mechanic Arts (MN),8,Saint Paul Mechanical Arts (MN)
St.Paul Mechanic Arts (MN),59,Saint Paul Mechanical Arts (MN)
St. Paul Mechanical Arts (MN),2,Saint Paul Mechanical Arts (MN)
Saint Paul Merriam Park (MN),1,Saint Paul Merriam Park (MN)
St. Paul Merrimacs (MN),1,Saint Paul Merrimacs (MN)
St. Paul Minnesota North Star Academy (MN),10,Saint Paul Minnesota North Star Academy (MN)
St. Paul Monroe (MN),35,Saint Paul Monroe (MN)
Saint Paul Monroe (MN),5,Saint Paul Monroe (MN)
Saint Paul Moundsview (MN),1,Saint Paul Moundsview (MN)
St. Paul Murray (MN),53,Saint Paul Murray (MN)
Saint Paul Murray (MN),14,Saint Paul Murray (MN)
St. Paul North (MN),1,Saint Paul North (MN)
St. Paul Park (MN),82,Saint Paul Park Senior (MN)
St. Paul Park Senior (MN),10,Saint Paul Park Senior (MN)
Saint Paul Saint Agnes (MN),442,Saint Paul St. Agnes (MN)
Saint Paul St. Agnes (MN),7,Saint Paul St. Agnes (MN)
Saint Paul St.Agnes (MN),7,Saint Paul St. Agnes (MN)
St. Paul St. Bernard's (MN),262,Saint Paul St. Bernard's (MN)
St. Paul Washington (MN),18,Saint Paul Washington (MN)
Saint Paul Washington (MN),48,Saint Paul Washington (MN)
St. Paul Wilson (MN),8,Saint Paul Wilson (MN)
Saint Paul Wilson (MN),5,Saint Paul Wilson (MN)
Saint Paul-Summit-Mounds Park Academy (MN),324,Saint Paul-Summit-Mounds Park Academy (MN)
Saint Peter (MN),548,Saint Peter (MN)
St. Rosa Lima Sacred Heart (MN),1,Saint Rosa Lima Sacred Heart (MN)
St. Thomas College (MN),3,Saint Thomas College (MN)
St. Thomas Seminary (MN),1,Saint Thomas Seminary (MN)
Sanborn (MN),104,Sanborn (MN)
Sandstone East Central (MN),309,Sandstone East Central (MN)
Sartell-Saint Stephen (MN),507,Sartell-Saint Stephen (MN)
Sauk Centre (MN),493,Sauk Centre (MN)
Sauk Rapids (MN),266,Sauk Rapids (MN)
Sauk Rapids Sauk Rapids (MN),19,Sauk Rapids (MN)
Sauk Rapids-Rice (MN),196,Sauk Rapids-Rice (MN)
Sebeka (MN),302,Sebeka (MN)
Shakopee (MN),506,Shakopee (MN)
Sherburn (MN),109,Sherburn (MN)
Sherburn Martin County (MN),17,Sherburn Martin County West (MN)
Sherburn Martin County West (MN),297,Sherburn Martin County West (MN)
Sherburn-Dunnell (MN),45,Sherburn Martin County West (MN)
Silver Bay Kelley (MN),431,Silver Bay Kelley (MN)
Silver Lake (MN),226,Silver Lake (MN)
Sioux Valley (MN),247,Sioux Valley (MN)
Sioux Valley-Brown Lake-Brewster (MN),1,Sioux Valley-Round Lake-Brewster (MN)
Sioux Valley-R.L.B. (MN),1,Sioux Valley-Round Lake-Brewster (MN)
Sioux Valley-Round Lake-Bewster (MN),2,Sioux Valley-Round Lake-Brewster (MN)
Sioux Valley-Round Lake-Brewster (MN),159,Sioux Valley-Round Lake-Brewster (MN)
Slayton (MN),183,Slayton (MN)
Slayton Murray County (MN),19,Slayton Murray County Central (MN)
Slayton Murray County Central (MN),240,Slayton Murray County Central (MN)
Sleepy Eye (MN),441,Sleepy Eye (MN)
Sleepy Eye Sleepy Eye (MN),18,Sleepy Eye (MN)
Sleepy Eye Saint Mary's (MN),409,Sleepy Eye-St. Mary's (MN)
Sleepy Eye-St. Mary's (MN),8,Sleepy Eye-St. Mary's (MN)
South Saint Paul (MN),671,South Saint Paul (MN)
South Saint Paul South St. (MN),16,South Saint Paul (MN)
Southwestern United co-op (MN),4,Southwestern United co-op [Round Lake-Brewster-Southwest Star Concept] (MN)
Southwestern United co-op [Round Lake-Brewster-Southwest Star Concept] (MN),51,Southwestern United co-op [Round Lake-Brewster-Southwest Star Concept] (MN)
Spring Grove (MN),489,Spring Grove (MN)
Spring Lake Park (MN),646,Spring Lake Park (MN)
Spring Valley (MN),139,Spring Valley (MN)
Spring Valley Kingsland (MN),294,Spring Valley Kingsland (MN)
Springfield (MN),381,Springfield (MN)
Springfield-Comfrey (MN),143,Springfield-Comfrey (MN)
Staples (MN),198,Staples (MN)
Staples Motley (MN),22,Staples-Motley (MN)
Staples-Motley (MN),297,Staples-Motley (MN)
Starbuck (MN),166,Starbuck (MN)
Stephen (MN),168,Stephen (MN)
Stephen Argyle (MN),20,Stephen-Argyle Central (MN)
Stephen-Argyle Central (MN),271,Stephen-Argyle Central (MN)
Stewart (MN),184,Stewart (MN)
Stewartville (MN),473,Stewartville (MN)
Stillwater Area (MN),1157,Stillwater Area (MN)
Storden-Jeffers (MN),123,Storden-Jeffers (MN)
Swanville (MN),186,Swanville (MN)
Thief River Falls (MN),459,Thief River Falls (MN)
Toivola-Meadowlands (MN),118,Toivola-Meadowlands (MN)
Tower-Soudan (MN),268,Tower-Soudan (MN)
Tracy (MN),144,Tracy (MN)
Tracy-Milroy-Balaton (MN),270,Tracy-Milroy-Balaton (MN)
Tri-City United [Montgomery-Lonsdale-Le Center] (MN),111,Tri-City United [Montgomery-Lonsdale-Le Center] (MN)
Trimont (MN),133,Trimont (MN)
Truman (MN),199,Truman (MN)
Twin Valley (MN),129,Twin Valley (MN)
Twin Valley Norman County East-Ulen-Hitterdal (MN),287,Twin Valley Norman County East-Ulen-Hitterdal (MN)
Two Harbors (MN),468,Two Harbors (MN)
Tyler Russell Tyler (MN),18,Tyler-Russell (MN)
Tyler-Russell (MN),9,Tyler-Russell (MN)
Ulen-Hitterdal (MN),163,Ulen-Hitterdal (MN)
Underwood (MN),447,Underwood (MN)
United North Central co-op [Menahga-Sebeka] (MN),159,United North Central co-op [Menahga-Sebeka] (MN)
Upsala (MN),218,Upsala (MN)
Upsala Swanville (MN),18,Upsala-Swanville (MN)
Upsala-Swanville (MN),235,Upsala-Swanville (MN)
Verndale (MN),500,Verndale (MN)
Victoria Holy Family Catholic (MN),241,Victoria Holy Family Catholic (MN)
Virginia (MN),443,Virginia (MN)
Wabasha Kellogg (MN),17,Wabasha-Kellogg (MN)
Wabasso (MN),442,Wabasso (MN)
Waconia (MN),498,Waconia (MN)
Wadena (MN),170,Wadena (MN)
Wadena Deer (MN),17,Wadena-Deer Creek (MN)
Wadena-Deer Creek (MN),270,Wadena-Deer Creek (MN)
Waldorf-Pemberton (MN),148,Waldorf-Pemberton (MN)
Walker Hackensack (MN),15,Walker-Hackensack (MN)
Walker-Hackensack (MN),1,Walker-Hackensack (MN)
Walker-Hackensack-Akeley (MN),337,Walker-Hackensack-Akeley (MN)
Walnut Grove (MN),130,Walnut Grove (MN)
Wanamingo (MN),123,Wanamingo (MN)
Warren (MN),163,Warren (MN)
Warren Alvarado (MN),19,Warren-Alvarado (MN)
Warren-Alvarado (MN),28,Warren-Alvarado (MN)
Warren-Alvarado-Oslo (MN),276,Warren-Alvarado-Oslo (MN)
Warroad (MN),463,Warroad (MN)
Waseca (MN),533,Waseca (MN)
Waseca Aggies (MN),2,Waseca (MN)
Watertown Mayer (MN),19,Watertown-Mayer (MN)
Watertown-Mayer (MN),423,Watertown-Mayer (MN)
Waterville Elysian (MN),18,Waterville-Elysian (MN)
Waterville-Elysian (MN),2,Waterville-Elysian (MN)
Waterville-Elysian-Morristown (MN),408,Waterville-Elysian-Morristown (MN)
Waterville-Elysian-Morristown-Cannon Valley Lutheran (MN),41,Waterville-Elysian-Morristown-Cannon Valley Lutheran (MN)
Waterville-Elysian-Morristown-CVL (MN),3,Waterville-Elysian-Morristown-Cannon Valley Lutheran (MN)
Waubun (MN),406,Waubun (MN)
Welcome Public (MN),146,Welcome Public (MN)
Wells United South Central (MN),315,Wells United South Central (MN)
Wells United South-Central-Genesis-Classical Academy (MN),18,Wells United South Central (MN)
Wells-Easton (MN),125,Wells-Easton (MN)
West Concord (MN),180,West Concord (MN)
West St.Paul (MN),1,West Saint Paul (MN)
West Saint Paul Saint Croix Lutheran (MN),345,West Saint Paul Saint Croix Lutheran (MN)
West Saint Paul Saint Croix Lutheran-Unity-Josephs-Tobias HomeSchool (MN),15,West Saint Paul Saint Croix Lutheran-Unity-Josephs-Tobias HomeSchool (MN)
West St. Paul St. Croix Lutheran-Unity-Josephs-Tobias HomeSchool (MN),8,West Saint Paul Saint Croix Lutheran-Unity-Josephs-Tobias HomeSchool (MN)
West St. Paul Sibley (MN),1,West Saint Paul Sibley (MN)
West St.Paul Sibley (MN),64,West Saint Paul Sibley (MN)
West St. Paul Brady (MN),121,West St. Paul Brady (MN)
Westbrook (MN),151,Westbrook (MN)
Westbrook-Storden-Jeffers (MN),24,Westbrook-Storden-Jefferson (MN)
Westbrook-Storden-Jefferson (MN),5,Westbrook-Storden-Jefferson (MN)
Westbrook-Walnut Grove (MN),278,Westbrook-Walnut Grove (MN)
Wheaton (MN),334,Wheaton (MN)
Wheaton-Herman-Norcross (MN),129,Wheaton-Herman-Norcross (MN)
White Bear Lake (MN),725,White Bear Lake (MN)
White Bear Lake Area North (MN),8,White Bear Lake (MN)
White Bear Lake White Bear (MN),17,White Bear Lake (MN)
White Bear Mariner (MN),54,White Bear Lake Mariner (MN)
Willmar (MN),539,Willmar (MN)
Windom (MN),506,Windom (MN)
Winnebago (MN),131,Winnebago (MN)
Winona (MN),861,Winona (MN)
Winona Cotter (MN),356,Winona Cotter (MN)
Winsted Holy Trinity (MN),286,Winsted Holy Trinity (MN)
Winthrop (MN),209,Winthrop (MN)
Woodbury (MN),505,Woodbury (MN)
Woodbury Academy Force [New Life Academy-Saint Croix Prep] (MN),28,Woodbury Academy Force [New Life Academy-St. Croix Prep] (MN)
Woodbury Academy Force [New Life Academy-St. Croix Prep] (MN),97,Woodbury Academy Force [New Life Academy-St. Croix Prep] (MN)
Woodbury East Ridge (MN),171,Woodbury East Ridge (MN)
Worthington (MN),512,Worthington (MN)
Wrenshall (MN),326,Wrenshall (MN)
Wykoff (MN),109,Wykoff (MN)
Zimmerman (MN),210,Zimmerman (MN)
Zumbrota (MN),147,Zumbrota (MN)
Zumbrota Mazeppa (MN),16,Zumbrota-Mazeppa (MN)
Zumbrota-Mazeppa (MN),341,Zumbrota-Mazeppa (MN)
Ada (MN),74,Ada (MN)
