Alias_Name,GameCount,Standardized_Name
Adrian (MO),565,Adrian (MO)
Albany (MO),484,Albany (MO)
Alma Santa Fe (MO),460,Alma Santa Fe (MO)
Amoret Miami (MO),239,Amoret Miami (MO)
Anderson McDonald County (MO),474,Anderson McDonald County (MO)
Appleton City (MO),393,Appleton City (MO)
Archie (MO),509,Archie (MO)
Arnold Fox (MO),441,Arnold Fox (MO)
Ash Grove (MO),395,Ash Grove (MO)
Ashland Southern Boone (MO),233,Ashland Southern Boone (MO)
Aurora (MO),538,Aurora (MO)
Ava (MO),440,Ava (MO)
Ballwin Parkway West (MO),548,Ballwin Parkway West (MO)
Barnard South Nodaway (MO),305,Barnard South Nodaway (MO)
Belton (MO),560,Belton (MO)
Benton Kelly (MO),124,Benton Kelly (MO)
Berkeley (MO),112,Berkeley (MO)
Bethany South Harrison (MO),505,Bethany South Harrison (MO)
Blue Springs (MO),678,Blue Springs (MO)
Blue Springs South (MO),393,Blue Springs South (MO)
Bolivar (MO),503,Bolivar (MO)
Bonne Terre North County (MO),349,Bonne Terre North County (MO)
Boonville (MO),514,Boonville (MO)
Boonville Kemper Military School & College (MO),117,Boonville Kemper Military School & College (MO)
Bowling Green (MO),427,Bowling Green (MO)
Branson (MO),489,Branson (MO)
Braymer (MO),342,Braymer (MO)
Brentwood (MO),395,Brentwood (MO)
Brookfield (MO),444,Brookfield (MO)
Buffalo (MO),448,Buffalo (MO)
Burlington Junction West Nodaway (MO),298,Burlington Junction West Nodaway (MO)
Butler (MO),470,Butler (MO)
Cabool (MO),414,Cabool (MO)
California (MO),475,California (MO)
Camdenton (MO),617,Camdenton (MO)
Cameron (MO),569,Cameron (MO)
Cape Girardeau Central (MO),550,Cape Girardeau Central (MO)
Carl Junction (MO),545,Carl Junction (MO)
Carrollton (MO),482,Carrollton (MO)
Carthage (MO),659,Carthage (MO)
Caruthersville (MO),530,Caruthersville (MO)
Cassville (MO),535,Cassville (MO)
Cedar Hill Northwest (MO),399,Cedar Hill Northwest (MO)
Center Mark Twain (MO),422,Center Mark Twain (MO)
Centerview Crest Ridge (MO),299,Centerview Crest Ridge (MO)
Centralia (MO),526,Centralia (MO)
Chaffee (MO),446,Chaffee (MO)
Charleston (MO),536,Charleston (MO)
Chesterfield Marquette (MO),290,Chesterfield Marquette (MO)
Chesterfield Parkway Central (MO),504,Chesterfield Parkway Central (MO)
Chillicothe (MO),579,Chillicothe (MO)
Clarksville Clopton-Elsberry (MO),126,Clarksville Clopton-Elsberry (MO)
Cleveland Cass Midway (MO),58,Cleveland Cass Midway (MO)
Cleveland Cass-Midway (MO),2,Cleveland Cass Midway (MO)
Cleveland Midway (MO),549,Cleveland Midway (MO)
Clinton (MO),480,Clinton (MO)
Cole Camp (MO),205,Cole Camp (MO)
Columbia Battle (MO),116,Columbia Battle (MO)
Columbia Battle Columbia (MO),10,Columbia Battle-Columbia Independent (MO)
Columbia Battle-Columbia Independent (MO),10,Columbia Battle-Columbia Independent (MO)
Columbia Father Tolton (MO),145,Columbia Father Tolton (MO)
Columbia Hickman (MO),1076,Columbia Hickman (MO)
Columbia Rock Bridge (MO),549,Columbia Rock Bridge (MO)
Concordia (MO),452,Concordia (MO)
Concordia Saint Paul Lutheran (MO),10,Concordia St. Paul Lutheran (MO)
Concordia St. Paul (MO),19,Concordia St. Paul Lutheran (MO)
Concordia St. Paul Lutheran (MO),406,Concordia St. Paul Lutheran (MO)
Craig (MO),211,Craig (MO)
Creighton Sherwood (MO),433,Creighton Sherwood (MO)
Crystal City (MO),389,Crystal City (MO)
Cuba (MO),242,Cuba (MO)
Dearborn North Platte (MO),515,Dearborn North Platte (MO)
DeKalb (MO),437,DeKalb (MO)
DeSoto-Kingston (MO),586,DeSoto-Kingston (MO)
Dexter (MO),517,Dexter (MO)
Diamond (MO),293,Diamond (MO)
Doniphan (MO),108,Doniphan (MO)
Drexel (MO),398,Drexel (MO)
East Prairie (MO),461,East Prairie (MO)
Edina Knox County (MO),393,Edina Knox County (MO)
El Dorado Springs (MO),427,El Dorado Springs (MO)
El Dorado Springs El Dorado (MO),18,El Dorado Springs (MO)
Eldon (MO),436,Eldon (MO)
Eureka (MO),460,Eureka (MO)
Ewing Highland (MO),444,Ewing Highland (MO)
Excelsior Springs (MO),588,Excelsior Springs (MO)
Fair Grove (MO),404,Fair Grove (MO)
Fairfax (MO),228,Fairfax (MO)
Farmington (MO),441,Farmington (MO)
Faucett Mid-Buchanan (MO),491,Faucett Mid-Buchanan (MO)
Fayette (MO),418,Fayette (MO)
Fenton Rockwood Summit (MO),267,Fenton Rockwood Summit (MO)
Ferguson McCluer South-Berkeley (MO),161,Ferguson McCluer South-Berkeley (MO)
Festus (MO),461,Festus (MO)
Festus Jefferson (MO),148,Festus Jefferson (MO)
Festus Saint Pius X (MO),28,Festus St. Pius X (MO)
Festus St. Pius (MO),17,Festus St. Pius X (MO)
Festus St. Pius X (MO),475,Festus St. Pius X (MO)
Flat River Central (MO),100,Flat River Central (MO)
Florissant Hazelwood Central (MO),511,Florissant Hazelwood Central (MO)
Florissant McCluer (MO),367,Florissant McCluer (MO)
Florissant McCluer North (MO),437,Florissant McCluer North (MO)
Florissan St. Thomas Aquinas (MO),1,Florissant St. Thomas Aquinas (MO)
Florissant Aquinas-Mercy (MO),1,Florissant St. Thomas Aquinas (MO)
Florissant St. Thomas Aquinas (MO),56,Florissant St. Thomas Aquinas (MO)
Fredericktown (MO),411,Fredericktown (MO)
Fulton (MO),561,Fulton (MO)
Gallatin (MO),440,Gallatin (MO)
Golden City (MO),106,Golden City (MO)
Gower East Buchanan (MO),559,Gower East Buchanan (MO)
Graham Nodaway-Holt (MO),327,Graham Nodaway-Holt (MO)
Grain Valley (MO),533,Grain Valley (MO)
Granby East Newton (MO),469,Granby East Newton (MO)
Grandview (MO),613,Grandview (MO)
Grant City Worth County (MO),21,Grant City Worth County (MO)
Grant City Worth County R-III (MO),65,Grant City Worth County (MO)
Grant City Worth County-Northeast Nodaway (MO),410,Grant City Worth County-Northeast Nodaway (MO)
Greenfield (MO),455,Greenfield (MO)
Hallsville (MO),193,Hallsville (MO)
Hamilton Penney (MO),509,Hamilton Penney (MO)
Hannibal (MO),571,Hannibal (MO)
Hardin-Central (MO),389,Hardin-Central (MO)
Harrisburg (MO),131,Harrisburg (MO)
Harrisonville (MO),609,Harrisonville (MO)
Hayti (MO),471,Hayti (MO)
Hazelwood West (MO),284,Hazelwood West (MO)
Herculaneum (MO),425,Herculaneum (MO)
Hermann (MO),433,Hermann (MO)
Higginsville Lafayette County (MO),509,Higginsville Lafayette County (MO)
Hillsboro (MO),431,Hillsboro (MO)
Hillsboro Grandview (MO),221,Hillsboro Grandview (MO)
Holden (MO),473,Holden (MO)
Hollister (MO),160,Hollister (MO)
Hopkins North Nodaway (MO),318,Hopkins North Nodaway (MO)
Houston (MO),425,Houston (MO)
Hughesville Northwest (MO),173,Hughesville Northwest (MO)
Huntsville Westran (MO),414,Huntsville Westran (MO)
Imperial Seckman (MO),256,Imperial Seckman (MO)
Imperial Windsor (MO),234,Imperial Windsor (MO)
Independence Chrisman (MO),580,Independence Chrisman (MO)
Independence Fort Osage (MO),570,Independence Fort Osage (MO)
Independence St. Mary's (MO),115,Independence St. Mary's (MO)
Independence Truman (MO),525,Independence Truman (MO)
Independence Van Horn (MO),424,Independence Van Horn (MO)
Jackson (MO),668,Jackson (MO)
Jasper (MO),456,Jasper (MO)
Jefferson City (MO),745,Jefferson City (MO)
Jefferson City Blair Oaks (MO),449,Jefferson City Blair Oaks (MO)
Jefferson City Helias (MO),537,Jefferson City Helias (MO)
Jennings (MO),283,Jennings (MO)
Joplin (MO),999,Joplin (MO)
Joplin Cornerstone (MO),118,Joplin Cornerstone (MO)
Joplin Cornerstone Family (MO),5,Joplin Cornerstone (MO)
Joplin McAuley Catholic (MO),128,Joplin McAuley Catholic (MO)
Joplin Memorial (MO),159,Joplin Memorial (MO)
Joplin Parkwood (MO),167,Joplin Parkwood (MO)
Kahoka Clark County (MO),410,Kahoka Clark County (MO)
Kahoka Clark County R-1 (MO),1,Kahoka Clark County (MO)
Kaiser Osage (MO),327,Kaiser Osage (MO)
Kansas City Bishop Hogan (MO),117,Kansas City Bishop Hogan (MO)
Kansas City Bishop Lillis (MO),100,Kansas City Bishop Lillis (MO)
Kansas City Center (MO),598,Kansas City Center (MO)
Kansas City Central (MO),617,Kansas City Central (MO)
Kansas City Kansas City (MO),16,Kansas City Central (MO)
Kansas City De La Salle (MO),139,Kansas City De La Salle (MO)
Kansas City East (MO),343,Kansas City East (MO)
Kansas City Hickman Mills (MO),344,Kansas City Hickman Mills (MO)
Kansas City Hogan Prep Academy (MO),259,Kansas City Hogan Prep Academy (MO)
Kansas City Hogan Prep Charter (MO),99,Kansas City Hogan Prep Academy (MO)
Kansas City HoganPrep Charter (MO),20,Kansas City Hogan Prep Academy (MO)
Kansas City Lincoln College Prep (MO),356,Kansas City Lincoln College Prep (MO)
Kansas City Northeast (MO),513,Kansas City Northeast (MO)
Kansas City Oak Park (MO),621,Kansas City Oak Park (MO)
Kansas City O'Hara (MO),381,Kansas City O'Hara (MO)
Kansas City Park Hill (MO),561,Kansas City Park Hill (MO)
Kansas City Park Hill South (MO),199,Kansas City Park Hill South (MO)
Kansas City Paseo (MO),207,Kansas City Paseo (MO)
Kansas City Pembroke Hill (MO),575,Kansas City Pembroke Hill (MO)
Kansas City Rockhurst (MO),1233,Kansas City Rockhurst (MO)
Kansas City Ruskin (MO),517,Kansas City Ruskin (MO)
Kansas City Southeast (MO),333,Kansas City Southeast (MO)
Kansas City Southwest (MO),145,Kansas City Southwest (MO)
Kansas City Saint Pius X (MO),43,Kansas City St. Pius X (MO)
Kansas City St. Pius (MO),21,Kansas City St. Pius X (MO)
Kansas City St. Pius X (MO),581,Kansas City St. Pius X (MO)
Kansas City Staley (MO),208,Kansas City Staley (MO)
Kansas City University Academy Charter (MO),212,Kansas City University Academy Charter (MO)
Kansas City Westport (MO),327,Kansas City Westport (MO)
Kansas City Winnetonka (MO),502,Kansas City Winnetonka (MO)
Kearney (MO),563,Kearney (MO)
Kennett (MO),488,Kennett (MO)
King City (MO),414,King City (MO)
Kingdom City North Callaway (MO),471,Kingdom City North Callaway (MO)
Kirksville (MO),513,Kirksville (MO)
Kirkwood (MO),850,Kirkwood (MO)
Kirkwood St. John Vianney (MO),529,Kirkwood St. John Vianney (MO)
Kirkwood Vianney (MO),302,Kirkwood St. John Vianney (MO)
Knob Noster (MO),472,Knob Noster (MO)
Lake St. Louis Liberty (MO),103,Lake St. Louis Liberty (MO)
Lamar (MO),617,Lamar (MO)
Lancaster Schuyler County (MO),307,Lancaster Schuyler County (MO)
Lathrop (MO),536,Lathrop (MO)
Lawson (MO),557,Lawson (MO)
Leavenworth (MO),181,Leavenworth (MO)
Lebanon (MO),509,Lebanon (MO)
Lees Summit (MO),19,Lee's Summit (MO)
Lee's Summit (MO),589,Lee's Summit (MO)
Lees Summit North (MO),20,Lee's Summit North (MO)
Lee's Summit North (MO),302,Lee's Summit North (MO)
Lee's Summit Saint Michael the Archangel (MO),28,Lee's Summit St. Michael the Archangel (MO)
Lees Summit St. Michael (MO),19,Lee's Summit St. Michael the Archangel (MO)
Lee's Summit St. Michael the Archangel (MO),39,Lee's Summit St. Michael the Archangel (MO)
Lees Summit Summit Christian (MO),18,Lee's Summit Summit Christian Academy (MO)
Lee's Summit Summit Christian Academy (MO),130,Lee's Summit Summit Christian Academy (MO)
Lees Summit West (MO),19,Lee's Summit West (MO)
Lee's Summit West (MO),238,Lee's Summit West (MO)
Lexington (MO),520,Lexington (MO)
Lexington Wentworth Military Academy (MO),302,Lexington Wentworth Military Academy (MO)
Liberal (MO),358,Liberal (MO)
Liberty (MO),761,Liberty (MO)
Liberty North (MO),181,Liberty North (MO)
Lincoln (MO),243,Lincoln (MO)
Lockwood (MO),422,Lockwood (MO)
Logan-Rogersville (MO),261,Logan-Rogersville (MO)
Lone Jack (MO),349,Lone Jack (MO)
Lone Jack Kingsville (MO),16,Lone Jack-Kingsville (MO)
Lone Jack-Kingsville (MO),49,Lone Jack-Kingsville (MO)
Louisiana (MO),436,Louisiana (MO)
Ludlow Southwest (MO),400,Ludlow Southwest (MO)
Macon (MO),457,Macon (MO)
Malden (MO),500,Malden (MO)
Manchester Kennedy (MO),158,Manchester Kennedy (MO)
Manchester Parkway South (MO),345,Manchester Parkway South (MO)
Maplewood-Richmond Heights (MO),344,Maplewood-Richmond Heights (MO)
Marceline (MO),523,Marceline (MO)
Marionville (MO),479,Marionville (MO)
Marshall (MO),509,Marshall (MO)
Marshfield (MO),471,Marshfield (MO)
Maryland Heights Pattonville (MO),385,Maryland Heights Pattonville (MO)
Maryville (MO),815,Maryville (MO)
Maysville (MO),380,Maysville (MO)
Maysville Winston (MO),15,Maysville-Winston (MO)
Maysville-Winston (MO),53,Maysville-Winston (MO)
Memphis Scotland County (MO),391,Memphis Scotland County (MO)
Mexico (MO),517,Mexico (MO)
Mexico MacMillan (MO),1,Mexico McMillan (MO)
Mexico McMillan (MO),3,Mexico McMillan (MO)
MexicoMcMillan (MO),1,Mexico McMillan (MO)
Mexico Military Academy (MO),1,Mexico Missouri Military Academy (MO)
Mexico Missouri Military Academy (MO),486,Mexico Missouri Military Academy (MO)
Milan (MO),402,Milan (MO)
Miller (MO),445,Miller (MO)
Missouri School for the Deaf (MO),305,Missouri School for the Deaf (MO)
Moberly (MO),519,Moberly (MO)
Mokane South Callaway (MO),280,Mokane South Callaway (MO)
Monett (MO),579,Monett (MO)
Monroe City (MO),470,Monroe City (MO)
Montgomery City Montgomery County (MO),412,Montgomery City Montgomery County (MO)
Mound City (MO),366,Mound City (MO)
Mount Vernon (MO),548,Mount Vernon (MO)
Mountain Grove (MO),505,Mountain Grove (MO)
Mountain View Liberty (MO),389,Mountain View Liberty (MO)
Neosho (MO),561,Neosho (MO)
Nevada (MO),577,Nevada (MO)
New Madrid County (MO),2,New Madrid County Central (MO)
New Madrid County Central (MO),358,New Madrid County Central (MO)
Nixa (MO),441,Nixa (MO)
Norborne (MO),330,Norborne (MO)
North Kansas City (MO),573,North Kansas City (MO)
North Kansas City North Kansas (MO),17,North Kansas City (MO)
Oak Grove (MO),557,Oak Grove (MO)
Odessa (MO),538,Odessa (MO)
Ofallon Christian School (MO),12,O'Fallon Christian School District (MO)
O'Fallon Christian School District (MO),2,O'Fallon Christian School District (MO)
Fort Zumwalt (MO),68,O'Fallon Fort Zumwalt (MO)
Ofallon Fort Zumwalt North (MO),18,O'Fallon Fort Zumwalt North (MO)
O'Fallon Fort Zumwalt North (MO),282,O'Fallon Fort Zumwalt North (MO)
Ofallon Fort Zumwalt West (MO),21,O'Fallon Fort Zumwalt West (MO)
O'Fallon Fort Zumwalt West (MO),240,O'Fallon Fort Zumwalt West (MO)
O'Fallon Living Word Christian (MO),112,O'Fallon Living Word Christian (MO)
O'Fallon Saint Dominic (MO),236,O'Fallon St. Dominic (MO)
Ofallon St. Dominic (MO),18,O'Fallon St. Dominic (MO)
Oregon South Holt (MO),401,Oregon South Holt (MO)
Orrick (MO),503,Orrick (MO)
Osceola (MO),458,Osceola (MO)
Overland Ritenour (MO),575,Overland Ritenour (MO)
Owensville (MO),436,Owensville (MO)
Ozark (MO),493,Ozark (MO)
Pacific (MO),436,Pacific (MO)
Palmyra (MO),460,Palmyra (MO)
Paris (MO),385,Paris (MO)
Park Hills Central (MO),274,Park Hills Central (MO)
Perryville (MO),447,Perryville (MO)
Perryville St. Vincent (MO),389,Perryville St. Vincent (MO)
Pierce City (MO),465,Pierce City (MO)
Platte City Platte County (MO),615,Platte City Platte County (MO)
Plattsburg (MO),532,Plattsburg (MO)
Pleasant Hill (MO),551,Pleasant Hill (MO)
Pleasant Hope (MO),153,Pleasant Hope (MO)
Polo (MO),440,Polo (MO)
Poplar Bluff (MO),542,Poplar Bluff (MO)
Portageville (MO),470,Portageville (MO)
Potosi (MO),387,Potosi (MO)
Princeton (MO),418,Princeton (MO)
Raymore-Peculiar (MO),596,Raymore-Peculiar (MO)
Raytown (MO),601,Raytown (MO)
Raytown South (MO),552,Raytown South (MO)
Reeds Springs (MO),407,Reeds Springs (MO)
Republic (MO),502,Republic (MO)
Rich Hill (MO),413,Rich Hill (MO)
Richmond (MO),552,Richmond (MO)
Riverside Park Hill South (MO),101,Riverside Park Hill South (MO)
Rock Port (MO),500,Rock Port (MO)
Rogersville (MO),174,Rogersville (MO)
Rolla (MO),503,Rolla (MO)
Rosendale North Andrew (MO),420,Rosendale North Andrew (MO)
Saint Charles (MO),475,Saint Charles (MO)
Saint Charles Duchesne (MO),421,Saint Charles Duchesne (MO)
Saint Charles Howell (MO),650,Saint Charles Francis Howel (MO)
Saint Charles Howell Central (MO),11,Saint Charles Francis Howel (MO)
St. Charles Howell (MO),19,Saint Charles Francis Howel (MO)
St. Charles Howell Central (MO),19,Saint Charles Francis Howel (MO)
Saint Charles Francis Howell North (MO),5,Saint Charles Francis Howel North (MO)
Saint Charles Howell North (MO),274,Saint Charles Francis Howel North (MO)
St. Charles Howell North (MO),19,Saint Charles Francis Howel North (MO)
Saint Charles Francis Howell South (MO),1,Saint Charles Francis Howell South (MO)
Saint Charles Lutheran (MO),15,Saint Charles Lutheran (MO)
Saint Charles Military Academy (MO),2,Saint Charles Military Academy (MO)
Saint Charles Orchard Farm (MO),321,Saint Charles Orchard Farm (MO)
Saint Charles Overland Farm (MO),1,Saint Charles Orchard Farm (MO)
Saint Charles West (MO),394,Saint Charles West (MO)
"St. Charles West Opp """"Central"""" (MO)",1,"Saint Charles West Opp """"Central"""" (MO)"
Saint Clair (MO),405,Saint Clair (MO)
Saint Clair St. Clair (MO),20,Saint Clair St. Clair (MO)
Saint James (MO),419,Saint James (MO)
St. James Hodge (MO),1,Saint James Hodge (MO)
Saint Joseph (MO),45,Saint Joseph (MO)
Saint Joseph Acme Club (MO),2,Saint Joseph Acme Club (MO)
Saint Joseph Benton (MO),550,Saint Joseph Benton (MO)
Saint Joseph Bishop LeBlond (MO),468,Saint Joseph Bishop LeBlond (MO)
Saint Joseph Cathedral (MO),3,Saint Joseph Cathedral (MO)
Saint Joseph Catholic (MO),1,Saint Joseph Catholic (MO)
"Saint Joseph Central """"B"""" (MO)",3,"Saint Joseph Central """"B"""" (MO)"
Saint Joseph Central (MO),607,Saint Joseph Central (MO)
St. Joseph Christian (MO),7,Saint Joseph Christian (MO)
Saint Joseph Christian (MO),206,Saint Joseph Christian (MO)
Saint Joseph Christian Brothers (MO),72,Saint Joseph Christian Brothers (MO)
St. Joseph Christian-Northland Christian (MO),11,Saint Joseph Christian-Northland Christian (MO)
Saint Joseph Hanson Heights (MO),1,Saint Joseph Hanson Heights (MO)
Saint Joseph Lafayette (MO),514,Saint Joseph Lafayette (MO)
Saint Joseph Robidoux (MO),1,Saint Joseph Robidoux (MO)
St. Louis (MO),1,Saint Louis (MO)
Saint Louis (MO),4,Saint Louis (MO)
Saint Louis Affton (MO),49,Saint Louis Affton (MO)
Saint Louis Aquinas (MO),1,Saint Louis Aquinas (MO)
Saint Louis Assumption (MO),34,Saint Louis Assumption (MO)
Saint Louis Augustinian Academy (MO),30,Saint Louis Augustinian Academy (MO)
St. Louis Bayless (MO),40,Saint Louis Bayless (MO)
Saint Louis Bayless (MO),16,Saint Louis Bayless (MO)
Saint Louis Bayless-Hancock (MO),13,Saint Louis Bayless-Hancock (MO)
St. Louis Beaumont (MO),5,Saint Louis Beaumont (MO)
Saint Louis Beaumont (MO),173,Saint Louis Beaumont (MO)
Saint Louis Bishop DuBourg (MO),244,Saint Louis Bishop DuBourg (MO)
St. Louis Bishop DuBourg-Hancock (MO),45,Saint Louis Bishop DuBourg-Hancock (MO)
Saint Louis Bishop DuBourg-Hancock (MO),30,Saint Louis Bishop DuBourg-Hancock (MO)
Saint Louis Brentwood (MO),2,Saint Louis Brentwood (MO)
Saint Louis Burroughs (MO),423,Saint Louis Burroughs (MO)
Saint Louis Cardinal Ritter (MO),17,Saint Louis Cardinal Ritter College Prep (MO)
Saint Louis Cardinal Ritter College Prep (MO),285,Saint Louis Cardinal Ritter College Prep (MO)
St. Louis Carnahan (MO),122,Saint Louis Carnahan (MO)
Saint Louis Carnahan (MO),11,Saint Louis Carnahan (MO)
Saint Louis Central (MO),69,Saint Louis Central (MO)
Saint Louis Chaminade (MO),490,Saint Louis Chaminade (MO)
Saint Louis Christian Brothers (MO),33,Saint Louis Christian Brothers College (MO)
Saint Louis Christian Brothers College (MO),582,Saint Louis Christian Brothers College (MO)
Saint Louis Clayton (MO),620,Saint Louis Clayton (MO)
St. Louis Clayton-Brentwood (MO),8,Saint Louis Clayton-Brentwood (MO)
Saint Louis Clayton-Brentwood (MO),8,Saint Louis Clayton-Brentwood (MO)
Saint Louis Cleveland (MO),67,Saint Louis Cleveland (MO)
Saint Louis Cleveland Junior Naval Academy (MO),18,Saint Louis Cleveland Junior Naval Academy (MO)
St. Louis Cleveland NJROTC (MO),130,Saint Louis Cleveland NJROTC (MO)
St. Louis College Prep at Madison (MO),12,Saint Louis College Prep at Madison (MO)
St. Louis Confluence Prep Academy (MO),86,Saint Louis Confluence Prep Academy (MO)
Saint Louis Confluence Prep Academy (MO),14,Saint Louis Confluence Prep Academy (MO)
St. Louis Confluence Prep Academy-Grand Center Arts Academy (MO),6,Saint Louis Confluence Prep Academy-Grand Center Arts Academy (MO)
Saint Louis Confluence Prep Academy-Grand Center Arts Academy (MO),6,Saint Louis Confluence Prep Academy-Grand Center Arts Academy (MO)
Saint Louis Country Day (MO),127,Saint Louis Country Day (MO)
Saint Louis Crossroads (MO),2,Saint Louis Crossroads (MO)
Saint Louis DeAndreis (MO),40,Saint Louis DeAndreis (MO)
Saint Louis De Smet Jesuit (MO),14,Saint Louis DeSmet Jesuit (MO)
Saint Louis DeSmet Jesuit (MO),527,Saint Louis DeSmet Jesuit (MO)
Saint Louis Gateway Tech (MO),242,Saint Louis Gateway Tech (MO)
Saint Louis Hadley Tech (MO),3,Saint Louis Hadley Tech (MO)
Saint Louis Hazelwood Central (MO),1,Saint Louis Hazelwood Central (MO)
Saint Louis Hazelwood East (MO),339,Saint Louis Hazelwood East (MO)
Saint Louis Holy Rosary (MO),13,Saint Louis Holy Rosary (MO)
Saint Louis Humboldt Academy (MO),1,Saint Louis Humboldt Academy (MO)
Saint Louis Imagine College Prep (MO),44,Saint Louis Imagine College Prep (MO)
Saint Louis Immaculata (MO),10,Saint Louis Immaculata (MO)
Saint Louis Kennedy (MO),65,Saint Louis Kennedy (MO)
Saint Louis Kirkwood Military Academy (MO),6,Saint Louis Kirkwood Military Academy (MO)
Saint Louis Laboure (MO),4,Saint Louis Laboure (MO)
Saint Louis Ladue Horton (MO),19,Saint Louis Ladue Horton Watkins (MO)
Saint Louis Ladue Horton Watkins (MO),578,Saint Louis Ladue Horton Watkins (MO)
Saint Louis Lafayette (MO),25,Saint Louis Lafayette (MO)
St. Louis Lift for Life Academy (MO),108,Saint Louis Lift for Life Academy (MO)
Saint Louis Lift for Life Academy (MO),64,Saint Louis Lift for Life Academy (MO)
Saint Louis Lindbergh (MO),427,Saint Louis Lindbergh (MO)
Saint Louis Lutheran Central (MO),17,Saint Louis Lutheran Central (MO)
Saint Louis Lutheran North (MO),360,Saint Louis Lutheran North (MO)
Saint Louis Lutheran South (MO),300,Saint Louis Lutheran South (MO)
Saint Louis Madison (MO),1,Saint Louis Madison (MO)
Saint Louis Manual Training (MO),3,Saint Louis Manual Training (MO)
Saint Louis Maplewood (MO),1,Saint Louis Maplewood (MO)
Saint Louis Mary Institute and Country Day (MO),431,Saint Louis Mary Institute and Country Day (MO)
Saint Louis MICDS (MO),34,Saint Louis Mary Institute and Country Day (MO)
Saint Louis McBride (MO),44,Saint Louis McBride (MO)
Saint Louis McKinley (MO),55,Saint Louis McKinley (MO)
Saint Louis McKinney (MO),1,Saint Louis McKinley (MO)
Saint Louis Mehlville (MO),444,Saint Louis Mehlville (MO)
Saint Louis Melville (MO),1,Saint Louis Mehlville (MO)
Saint Louis Mercy (MO),69,Saint Louis Mercy (MO)
St. Louis Miller Career Academy (MO),165,Saint Louis Miller Career Academy (MO)
St. Louis Normandy (MO),1,Saint Louis Normandy (MO)
Saint Louis Normandy (MO),418,Saint Louis Normandy (MO)
Saint Louis Northside Catholic (MO),2,Saint Louis Northside Catholic (MO)
Saint Louis Northwest Academy of Law (MO),106,Saint Louis Northwest Academy of Law (MO)
Saint Louis Oakville (MO),353,Saint Louis Oakville (MO)
Saint Louis O'Fallon Tech (MO),40,Saint Louis O'Fallon Tech (MO)
Saint Louis Parkway (MO),2,Saint Louis Parkway (MO)
Saint Louis Parkway North (MO),350,Saint Louis Parkway North (MO)
Saint Louis Principia (MO),428,Saint Louis Principia (MO)
St. Louis Principia-Whitfield (MO),4,Saint Louis Principia-Whitfield (MO)
Saint Louis Priory (MO),299,Saint Louis Priory (MO)
Saint Louis Ranken Trades (MO),1,Saint Louis Ranken Trades (MO)
Saint Louis Ritenour (MO),2,Saint Louis Ritenour (MO)
Saint Louis Riverview Gardens (MO),424,Saint Louis Riverview Gardens (MO)
Saint Louis Roosevelt (MO),241,Saint Louis Roosevelt (MO)
St. Louis Roosevelt-Carnahan (MO),2,Saint Louis Roosevelt-Cleveland NJROTC (MO)
St. Louis Roosevelt-Cleveland NJROTC (MO),9,Saint Louis Roosevelt-Cleveland NJROTC (MO)
Saint Louis Rosary (MO),99,Saint Louis Rosary (MO)
Saint Louis Smith Academy (MO),5,Saint Louis Smith Academy (MO)
Saint Louis Soldan International Studies (MO),237,Saint Louis Soldan International Studies (MO)
St. Louis Soldan International Studies-Sumner (MO),8,Saint Louis Soldan International Studies-Sumner (MO)
Saint Louis Soldan International Studies-Sumner (MO),12,Saint Louis Soldan International Studies-Sumner (MO)
Saint Louis Soldan-Blewett (MO),11,Saint Louis Soldan-Blewett (MO)
Saint Louis South Side (MO),1,Saint Louis South Side (MO)
Saint Louis Southside Catholic (MO),7,Saint Louis Southside Catholic (MO)
Saint Louis Southwest (MO),50,Saint Louis Southwest (MO)
Saint Louis St. Charles (MO),1,Saint Louis St. Charles (MO)
Saint Louis Saint Francis De Sales (MO),1,Saint Louis St. Francis De Sales (MO)
Saint Louis Saint John Vianney (MO),1,Saint Louis St. John Vianney (MO)
Saint Louis Saint Joseph's Academy (MO),1,Saint Louis St. Joseph's Academy (MO)
Saint Louis St. Louis (MO),21,Saint Louis St. Louis (MO)
Saint Louis St. Marys (MO),20,Saint Louis St. Mary's (MO)
Saint Louis Saint Mary's (MO),304,Saint Louis St. Mary's (MO)
Saint Louis St. Mary's (MO),2,Saint Louis St. Mary's (MO)
Saint Louis St. Pius V (MO),1,Saint Louis St. Pius V (MO)
Saint Louis Saint Thomas of Aquinas (MO),128,Saint Louis St. Thomas of Aquinas (MO)
Saint Louis Saint Vincent De Paul (MO),2,Saint Louis St. Vincent De Paul (MO)
Saint Louis Sumner (MO),325,Saint Louis Sumner (MO)
St. Louis Sumner-Northwest Academy of Law (MO),8,Saint Louis Sumner-Northwest Academy of Law (MO)
St. Louis TDW Academy (MO),2,Saint Louis TDW Academy (MO)
Saint Louis TDW Academy (MO),2,Saint Louis TDW Academy (MO)
Saint Louis Tower Grove Christian (MO),1,Saint Louis Tower Grove Christian (MO)
Saint Louis Trinity Catholic (MO),184,Saint Louis Trinity Catholic (MO)
St. Louis True Divine Word Academy (MO),3,Saint Louis True Divine Word Academy (MO)
St. Louis University (MO),1,Saint Louis University (MO)
Saint Louis University (MO),828,Saint Louis University (MO)
Saint Louis University City (MO),35,Saint Louis University City (MO)
Saint Louis University City JV (MO),2,Saint Louis University City JV (MO)
St. Louis University City-Maplewood-Richmond Heights (MO),7,Saint Louis University City-Maplewood-Richmond Heights (MO)
Saint Louis University Fresh (MO),4,Saint Louis University Fresh (MO)
St. Louis University Prep (MO),1,Saint Louis University Prep (MO)
St. Louis Unversity Undergrads (MO),2,Saint Louis Unversity Undergrads (MO)
Saint Louis Vashon (MO),229,Saint Louis Vashon (MO)
Saint Louis Vashon Miller Academy (MO),17,Saint Louis Vashon Miller Academy (MO)
St. Louis Vashon-Miller Career Academy (MO),12,Saint Louis Vashon-Miller Career Academy (MO)
Saint Louis Vashon-Miller Career Academy (MO),19,Saint Louis Vashon-Miller Career Academy (MO)
St. Louis Vashon-Northwest Academy of Law (MO),8,Saint Louis Vashon-Northwest Academy of Law (MO)
Saint Louis Wakefield (MO),1,Saint Louis Wakefield (MO)
Saint Louis Washington Tech (MO),3,Saint Louis Washington Tech (MO)
Saint Louis Webster Groves (MO),10,Saint Louis Webster Groves (MO)
Saint Louis Wellston (MO),67,Saint Louis Wellston (MO)
Saint Louis West (MO),1,Saint Louis West (MO)
Saint Louis Western (MO),1,Saint Louis Western (MO)
Saint Louis Westminster Christian (MO),233,Saint Louis Westminster Christian (MO)
Saint Louis Yeatman (MO),11,Saint Louis Yeatman (MO)
St. Mary's (MO),1,Saint Mary's (MO)
Saint Mary's (MO),360,Saint Mary's (MO)
Saint Mary's? (MO),1,Saint Mary's (MO)
Saint Peters Fort Zumwalt (MO),1,Saint Peters Fort Zumwalt (MO)
Saint Peters Fort Zumwalt East (MO),186,Saint Peters Fort Zumwalt East (MO)
Saint Peters Fort Zumwalt South (MO),282,Saint Peters Fort Zumwalt South (MO)
Saint Peters Fort Zumwalt West (MO),6,Saint Peters Fort Zumwalt West (MO)
Saint Peters Lutheran (MO),226,Saint Peters Lutheran (MO)
Saint Peters Lutheran Saint Charles (MO),1,Saint Peters Lutheran (MO)
Salem (MO),470,Salem (MO)
Salisbury (MO),414,Salisbury (MO)
Sarcoxie (MO),459,Sarcoxie (MO)
Savannah (MO),565,Savannah (MO)
Scott City (MO),449,Scott City (MO)
Sedalia Smith-Cotton (MO),513,Sedalia Smith-Cotton (MO)
Seneca (MO),583,Seneca (MO)
Shelbina South Shelby (MO),491,Shelbina South Shelby (MO)
Shelbyville North Shelby (MO),436,Shelbyville North Shelby (MO)
Sikeston (MO),526,Sikeston (MO)
Slater (MO),416,Slater (MO)
Smithville (MO),568,Smithville (MO)
Springfield Catholic (MO),413,Springfield Catholic (MO)
Springfield Central (MO),696,Springfield Central (MO)
Springfield Glendale (MO),522,Springfield Glendale (MO)
Springfield Greenwood (MO),194,Springfield Greenwood (MO)
Springfield Hillcrest (MO),505,Springfield Hillcrest (MO)
Springfield Kickapoo (MO),498,Springfield Kickapoo (MO)
Springfield Lighthouse Christian (MO),201,Springfield Lighthouse Christian (MO)
Springfield Parkview (MO),537,Springfield Parkview (MO)
Stanberry (MO),499,Stanberry (MO)
Ste. Genevieve (MO),412,Ste. Genevieve (MO)
Ste. Genevieve Valle Catholic (MO),438,Ste. Genevieve Valle Catholic (MO)
Stewartsville (MO),315,Stewartsville (MO)
Stockton (MO),405,Stockton (MO)
Strafford (MO),378,Strafford (MO)
Sullivan (MO),444,Sullivan (MO)
Sweet Springs (MO),382,Sweet Springs (MO)
Tarkio (MO),391,Tarkio (MO)
Tarkio East Atchison (MO),17,Tarkio East Atchison [Tarkio-Fairfax] (MO)
Tarkio East Atchison [Tarkio-Fairfax] (MO),8,Tarkio East Atchison [Tarkio-Fairfax] (MO)
Tarkio-Fairfax (MO),34,Tarkio East Atchison [Tarkio-Fairfax] (MO)
Thayer (MO),465,Thayer (MO)
Tipton (MO),460,Tipton (MO)
Trenton (MO),476,Trenton (MO)
Troy-Buchanan (MO),388,Troy-Buchanan (MO)
Union (MO),492,Union (MO)
Union Star (MO),258,Union Star (MO)
Unionville Putnam County (MO),353,Unionville Putnam County (MO)
University City (MO),447,University City (MO)
Urbana Skyline (MO),247,Urbana Skyline (MO)
Vandalia Van-Far (MO),374,Vandalia Van-Far (MO)
Vandalia Van-Far-Community (MO),36,Vandalia Van-Far (MO)
Versailles (MO),441,Versailles (MO)
Warrensburg (MO),514,Warrensburg (MO)
Warrenton Warren County (MO),376,Warrenton Warren County (MO)
Warsaw (MO),435,Warsaw (MO)
Washington (MO),678,Washington (MO)
Washington Saint Francis Borgia (MO),492,Washington St. Francis Borgia (MO)
Washington St. Francis (MO),17,Washington St. Francis Borgia (MO)
Waynesville (MO),455,Waynesville (MO)
Webb City (MO),985,Webb City (MO)
Webb City (MO) (TN),1,Webb City (MO)
Webster Groves (MO),824,Webster Groves (MO)
Wellington-Napoleon (MO),474,Wellington-Napoleon (MO)
Wellsville-Middletown (MO),144,Wellsville-Middletown (MO)
Wentzville (MO),163,Wentzville (MO)
Wentzville Holt (MO),277,Wentzville Holt (MO)
Wentzville Timberland (MO),221,Wentzville Timberland (MO)
Wentzville Timberland T (MO),18,Wentzville Timberland (MO)
Weston West Platte (MO),562,Weston West Platte (MO)
WestPlains (MO),454,WestPlains (MO)
Wildwood Lafayette (MO),465,Wildwood Lafayette (MO)
Willard (MO),471,Willard (MO)
Willow Springs (MO),426,Willow Springs (MO)
Windsor Henry County (MO),521,Windsor Henry County (MO)
Winfield (MO),224,Winfield (MO)
Wright City (MO),235,Wright City (MO)
