Alias_Name,GameCount,Standardized_Name
Aberdeen (MS),1066,Aberdeen (MS)
Ackerman (MS),696,Ackerman (MS)
Ackerman Choctaw County (MS),266,Ackerman Choctaw County (MS)
Alcorn AHS (MS),1,Alcorn Academy (MS)
Amite AHS (MS),1,Amite Academy (MS)
Amory (MS),1145,Amory (MS)
"Amory """"B"""" (MS)",14,Amory B (MS)
Amory Hatley (MS),649,Amory Hatley (MS)
Anguilla (MS),403,Anguilla (MS)
Arcola Deer Creek (MS),580,Arcola Deer Creek (MS)
Ashland (MS),102,Ashland (MS)
Attala AHS (MS),2,Attala Academy (MS)
Avon Riverside (MS),750,Avon Riverside (MS)
Baldwyn (MS),908,Baldwyn (MS)
Bassfield (MS),756,Bassfield (MS)
Batesville (MS),151,Batesville (MS)
Batesville North Delta (MS),562,Batesville North Delta (MS)
North Delta (MS) (TN),2,Batesville North Delta (MS)
Batesville South Panola (MS),922,Batesville South Panola (MS)
Batesville West Panola Academy (MS),130,Batesville West Panola Academy (MS)
Bay Springs (MS),868,Bay Springs (MS)
Bay Springs Sylva Bay Academy (MS),533,Bay Springs Sylva Bay Academy (MS)
Bay St. Louis Bay (MS),806,Bay St. Louis Bay (MS)
Baton Rouge Broadmoor (MS),3,Bay St. Louis Bay (MS)
Bay St. Louis St. Stanislaus (MS),934,Bay St. Louis St. Stanislaus (MS)
Bay Saint Louis Bay (MS),53,Bay St. Louis St. Stanislaus (MS)
Bay Saint Louis Saint Stanislaus (MS),34,Bay St. Louis St. Stanislaus (MS)
Bay Saint Louis St. St. anislaus (MS),19,Bay St. Louis St. Stanislaus (MS)
Bay Saint Louis St. Stanislaus (MS),4,Bay St. Louis St. Stanislaus (MS)
Gulf Coast Saint Stanislaus (MS),1,Bay St. Louis St. Stanislaus (MS)
Beaumont (MS),165,Beaumont (MS)
Belden Tupelo Christian Prep (MS),177,Belden Tupelo Christian Prep (MS)
Belden Tupelo Christian (MS),19,Belden Tupelo Christian Prep (MS)
Belmont (MS),669,Belmont (MS)
Belzoni (MS),296,Belzoni (MS)
Belzoni Humphreys Academy (MS),600,Belzoni Humphreys Academy (MS)
Belzoni Humphreys County (MS),926,Belzoni Humphreys County (MS)
Benoit (MS),235,Benoit (MS)
Benoit Brooks (MS),336,Benoit Brooks (MS)
Benoit Nugent Center (MS),120,Benoit Nugent Center (MS)
Benton (MS),327,Benton (MS)
Benton Academy (MS),587,Benton Academy (MS)
Bentonia (MS),301,Bentonia (MS)
Benton-Yazoo County AHS (MS),1,Benton-Yazoo County Academy (MS)
Biloxi (MS),1215,Biloxi (MS)
Biloxi Mercy Cross (MS),586,Biloxi Mercy Cross (MS)
Biloxi Notre Dame (MS),267,Biloxi Notre Dame (MS)
Biloxi St. Patrick (MS),171,Biloxi St. Patrick (MS)
Biloxi Saint Patrick (MS),28,Biloxi St. Patrick (MS)
Blue Springs East Union (MS),157,Blue Springs East Union (MS)
Bogue Chitto (MS),661,Bogue Chitto (MS)
Bolivar County AHS (MS),1,Bolivar County Academy (MS)
Booneville (MS),932,Booneville (MS)
Booneville Thrasher (MS),447,Booneville Thrasher (MS)
Brandon (MS),941,Brandon (MS)
Brandon Academy (MS),208,Brandon Academy (MS)
Brandon Northwest Rankin (MS),544,Brandon Northwest Rankin (MS)
Brookhaven (MS),1215,Brookhaven (MS)
Brookhaven Academy (MS),584,Brookhaven Academy (MS)
Brookhaven Alexander (MS),233,Brookhaven Alexander (MS)
Brookhaven Enterprise (MS),622,Brookhaven Enterprise (MS)
Brookhaven Loyd Star (MS),663,Brookhaven Loyd Star (MS)
Brookhaven West Lincoln (MS),284,Brookhaven West Lincoln (MS)
Brooklyn Forrest County (MS),179,Brooklyn Forrest County (MS)
Brooklyn Forrest County Agricultural (MS),870,Brooklyn Forrest County Agricultural (MS)
"Brooklyn Forrest County Agricultural """"B"""" (MS)",1,Brooklyn Forrest County Agricultural B (MS)
Bruce (MS),843,Bruce (MS)
Buckatunna (MS),180,Buckatunna (MS)
Bucatunna (MS),2,Buckatunna (MS)
Buccatuna (MS),1,Buckatunna (MS)
Burnsville (MS),230,Burnsville (MS)
Byhalia (MS),390,Byhalia (MS)
Byram (MS),451,Byram (MS)
Caledonia (MS),718,Caledonia (MS)
Caladonia (MS),2,Caledonia (MS)
Calenconia (MS),1,Caledonia (MS)
Calendonia (MS),1,Caledonia (MS)
Calhoun City (MS),995,Calhoun City (MS)
Calhoun City Calhoun Academy (MS),495,Calhoun City Calhoun Academy (MS)
Camden Velma Jackson (MS),579,Camden Velma Jackson (MS)
Canton (MS),906,Canton (MS)
Canton Academy (MS),622,Canton Academy (MS)
Carriere Pearl River Central (MS),804,Carriere Pearl River Central (MS)
Carrollton Carroll Academy (MS),612,Carrollton Carroll Academy (MS)
Carthage (MS),615,Carthage (MS)
Carthage Edinburg (MS),529,Carthage Edinburg (MS)
Carthage Leake Central (MS),229,Carthage Leake Central (MS)
Carthage Thomastown (MS),372,Carthage Thomastown (MS)
Centreville (MS),173,Centreville (MS)
Centreville Academy (MS),687,Centreville Academy (MS)
Centreville William Winans (MS),336,Centreville William Winans (MS)
Centreville Winans (MS),1,Centreville William Winans (MS)
Charleston (MS),1053,Charleston (MS)
Charleston East Tallahatchie (MS),248,Charleston East Tallahatchie (MS)
"Charleston East Tallahatchie """"B"""" (MS)",1,Charleston East Tallahatchie B (MS)
Charleston Strider Academy (MS),513,Charleston Strider Academy (MS)
Chickasaw AHS (MS),2,Chickasaw Academy (MS)
Choctaw AHS (MS),4,Choctaw Academy (MS)
Clara (MS),393,Clara (MS)
Clarke AHS (MS),7,Clarke Academy (MS)
Clarke Enterprise (MS),885,Clarke Enterprise (MS)
Clarksdale (MS),1264,Clarksdale (MS)
"Clarksdale """"B"""" (MS)",19,Clarksdale B (MS)
Clarksdale Coahoma Agricultural (MS),508,Clarksdale Coahoma Agricultural (MS)
Clarksdale Coahoma County (MS),694,Clarksdale Coahoma County (MS)
Clarksdale Lee Academy (MS),640,Clarksdale Lee Academy (MS)
Clay AHS (MS),1,Clay Academy (MS)
Cleveland Bayou Academy (MS),616,Cleveland Bayou Academy (MS)
Cleveland Central (MS),1045,Cleveland Central (MS)
Cleveland East Side (MS),555,Cleveland East Side (MS)
Clinton (MS),1080,Clinton (MS)
Clinton Christian Academy (MS),155,Clinton Christian Academy (MS)
Clinton Sumner Hill (MS),107,Clinton Sumner Hill (MS)
Coffeeville (MS),598,Coffeeville (MS)
Coldwater (MS),658,Coldwater (MS)
Collins (MS),897,Collins (MS)
Collinsville West Lauderdale (MS),689,Collinsville West Lauderdale (MS)
Columbia (MS),997,Columbia (MS)
Columbia Academy (MS),603,Columbia Academy (MS)
"Columbia """"B"""" (MS)",13,Columbia B (MS)
Columbia East Marion (MS),610,Columbia East Marion (MS)
Columbia East (MS),90,Columbia East Marion (MS)
Columbus (MS),475,Columbus (MS)
Columbus Caldwell (MS),211,Columbus Caldwell (MS)
Columbus Heritage Academy (MS),611,Columbus Heritage Academy (MS)
Columbus Lee (MS),694,Columbus Lee (MS)
Columbus New Hope (MS),750,Columbus New Hope (MS)
Columbus Victory Christian Academy (MS),168,Columbus Victory Christian Academy (MS)
Columbus Victory Christian (MS),14,Columbus Victory Christian Academy (MS)
Columbus West Lowndes (MS),510,Columbus West Lowndes (MS)
Copiah AHS (MS),6,Copiah Academy (MS)
Corinth (MS),1137,Corinth (MS)
Corinth Biggersville (MS),595,Corinth Biggersville (MS)
Crawford East Oktibbeha (MS),143,Crawford East Oktibbeha (MS)
Crawford Moor (MS),243,Crawford Moor (MS)
Crosby (MS),137,Crosby (MS)
Crowder (MS),153,Crowder (MS)
Cruger-Tchula Academy (MS),341,Cruger-Tchula Academy (MS)
Crystal Springs (MS),908,Crystal Springs (MS)
De Kalb West Kemper (MS),176,De Kalb West Kemper (MS)
De Kalb Kemper (MS),3,De Kalb West Kemper (MS)
Decatur Newton County (MS),403,Decatur Newton County (MS)
Decatur Newton County Academy (MS),571,Decatur Newton County Academy (MS)
DeKalb (MS),236,DeKalb (MS)
DeKalb Kemper Academy (MS),531,DeKalb Kemper Academy (MS)
Dekalb Kemper AHS (MS),1,DeKalb Kemper Academy (MS)
DeKalb Kemper County (MS),405,DeKalb Kemper County (MS)
DIberville (MS),555,DIberville (MS)
D'Iberville (MS),758,D'Iberville (MS)
Drew (MS),709,Drew (MS)
Drew North Sunflower Academy (MS),605,Drew North Sunflower Academy (MS)
North Sunflower (MS),1,Drew North Sunflower Academy (MS)
Drew-Hunter (MS),670,Drew-Hunter (MS)
Dublin (MS),118,Dublin (MS)
Durant (MS),899,Durant (MS)
Durant Williams Sullivan (MS),384,Durant Williams Sullivan (MS)
East Oktibbeha County (MS),290,East Oktibbeha County (MS)
Ecru North Pontotoc (MS),587,Ecru North Pontotoc (MS)
Ellisville (MS),160,Ellisville (MS)
Ellisville South Jones (MS),846,Ellisville South Jones (MS)
Ethel (MS),829,Ethel (MS)
Eupora (MS),916,Eupora (MS)
Falkner (MS),658,Falkner (MS)
Fayette Jefferson County (MS),752,Fayette Jefferson County (MS)
Flora (MS),216,Flora (MS)
Flora East (MS),211,Flora East (MS)
Flora Tri-County Academy (MS),624,Flora Tri-County Academy (MS)
Florence (MS),902,Florence (MS)
Florence McLaurin (MS),483,Florence McLaurin (MS)
"Florence McLaurin """"B"""" (MS)",1,Florence McLaurin B (MS)
Flowood Hartfield Academy (MS),158,Flowood Hartfield Academy (MS)
Flowood University Christian (MS),220,Flowood University Christian (MS)
Forest (MS),949,Forest (MS)
"Forest """"B"""" (MS)",4,Forest B (MS)
Forest Scott Central (MS),690,Forest Scott Central (MS)
Foxworth West Marion (MS),709,Foxworth West Marion (MS)
Foxworth Marion (MS),1,Foxworth West Marion (MS)
Franklin AHS (MS),2,Franklin Academy (MS)
French Camp Academy (MS),766,French Camp Academy (MS)
Friars Point (MS),194,Friars Point (MS)
Fulton (MS),367,Fulton (MS)
Fulton Itawamba Agricultural (MS),827,Fulton Itawamba Agricultural (MS)
Gallman Copiah Academy (MS),620,Gallman Copiah Academy (MS)
Gautier (MS),329,Gautier (MS)
Georgetown Union Academy (MS),344,Georgetown Union Academy (MS)
Glen Alcorn Central (MS),601,Glen Alcorn Central (MS)
Glen Allan (MS),148,Glen Allan (MS)
Gloster (MS),335,Gloster (MS)
Gloster Pine Hills Academy (MS),308,Gloster Pine Hills Academy (MS)
Greenville (MS),1061,Greenville (MS)
"Greenville """"B"""" (MS)",13,Greenville B (MS)
Greenville Christian (MS),575,Greenville Christian (MS)
Greenville O'Bannon (MS),589,Greenville O'Bannon (MS)
Greenville Obannon (MS),19,Greenville O'Bannon (MS)
Greenville Saint Joseph (MS),645,Greenville St. Joseph (MS)
Greenville St. Joseph (MS),250,Greenville St. Joseph (MS)
"Greenville St. Joseph """"B"""" (MS)",1,Greenville St. Joseph B (MS)
Greenville-Weston (MS),224,Greenville T.L. Weston (MS)
Greenville Weston (MS),193,Greenville T.L. Weston (MS)
Greenville T.L. Weston (MS),3,Greenville T.L. Weston (MS)
Greenville T. L. Weston (MS),1,Greenville T.L. Weston (MS)
Greenville Washington (MS),377,Greenville Washington (MS)
Greenwood (MS),1201,Greenwood (MS)
Greenwood Amanda Elzy (MS),589,Greenwood Amanda Elzy (MS)
"Greenwood """"B"""" (MS)",13,Greenwood B (MS)
Greenwood Delta Streets Academy (MS),98,Greenwood Delta Streets Academy (MS)
Greenwood Delta St. reets (MS),13,Greenwood Delta Streets Academy (MS)
Greenwood Pillow Academy (MS),636,Greenwood Pillow Academy (MS)
Grenada (MS),1003,Grenada (MS)
"Grenada """"B"""" (MS)",2,Grenada B (MS)
Grenada Kirk Academy (MS),634,Grenada Kirk Academy (MS)
Gulf Coast Military Academy (MS),225,Gulf Coast Military Academy (MS)
Gulfport (MS),1209,Gulfport (MS)
Gulfport Christian Collegiate Academy (MS),181,Gulfport Christian Collegiate Academy (MS)
Gulfport East (MS),121,Gulfport East (MS)
Gulfport Harrison Central (MS),785,Gulfport Harrison Central (MS)
Gulfport St. John (MS),586,Gulfport St. John (MS)
Gulfport West Harrison (MS),174,Gulfport West Harrison (MS)
Hamilton (MS),705,Hamilton (MS)
Hattiesburg (MS),1255,Hattiesburg (MS)
"Hattiesburg """"B"""" (MS)",26,Hattiesburg B (MS)
Hattiesburg Eatonville (MS),114,Hattiesburg Eatonville (MS)
Euraka (MS),2,Hattiesburg Eureka (MS)
Hattiesburg's Eureka (MS),2,Hattiesburg Eureka (MS)
Eureka (MS),1,Hattiesburg Eureka (MS)
Eureks (MS),1,Hattiesburg Eureka (MS)
Hattiesburg North Forrest (MS),803,Hattiesburg North Forrest (MS)
Hattiesburg Oak Grove (MS),756,Hattiesburg Oak Grove (MS)
Hattiesburg Presbyterian Christian (MS),283,Hattiesburg Presbyterian Christian (MS)
Hattiesburg Sacred Heart (MS),152,Hattiesburg Sacred Heart (MS)
Hattiesburg Sacred Heart Catholic (MS),1,Hattiesburg Sacred Heart (MS)
Hazlehurst (MS),975,Hazlehurst (MS)
Heidelberg (MS),790,Heidelberg (MS)
Heidelberg Academy (MS),505,Heidelberg Academy (MS)
Hernando (MS),783,Hernando (MS)
Hickory (MS),346,Hickory (MS)
Hollandale (MS),194,Hollandale (MS)
Hollandale Simmons (MS),636,Hollandale Simmons (MS)
Holly Springs (MS),789,Holly Springs (MS)
Holly Springs Byers (MS),159,Holly Springs Byers (MS)
Holly Springs Marshall Academy (MS),637,Holly Springs Marshall Academy (MS)
Holmes AHS (MS),62,Holmes Academy (MS)
Horn Lake (MS),758,Horn Lake (MS)
Houston (MS),1020,Houston (MS)
Independence (MS),699,Independence (MS)
Indianola (MS),444,Indianola (MS)
Indianola Academy (MS),690,Indianola Academy (MS)
Indianola Gentry (MS),600,Indianola Gentry (MS)
Inverness (MS),209,Inverness (MS)
Isola (MS),107,Isola (MS)
Itta Bena Leflore County (MS),828,Itta Bena Leflore County (MS)
Iuka (MS),345,Iuka (MS)
Iuka Tishomingo County (MS),375,Iuka Tishomingo County (MS)
Jackson Academy (MS),548,Jackson Academy (MS)
Jackson Bailey (MS),200,Jackson Bailey (MS)
Jackson Callaway (MS),674,Jackson Callaway (MS)
Jackson Central (MS),631,Jackson Central (MS)
"Jackson Central """"B"""" (MS)",13,Jackson Central B (MS)
Jackson Christ Missionary & Industrial (MS),65,Jackson Christ Missionary & Industrial (MS)
Jackson Christ Missionary Industrial College (MS),1,Jackson Christ Missionary & Industrial (MS)
Jackson CouncilHanging Moss (MS),44,Jackson Council Hanging Moss (MS)
Jackson EmmanuelChristian (MS),1,Jackson Emmanuel Christian (MS)
Jackson Forest Hill (MS),857,Jackson Forest Hill (MS)
Jackson Hillcrest Christian (MS),419,Jackson Hillcrest Christian (MS)
Jackson Jim Hill (MS),559,Jackson Jim Hill (MS)
Jackson Lanier (MS),587,Jackson Lanier (MS)
Jackson Magnolia Academy (MS),157,Jackson Magnolia Academy (MS)
Jackson Manhattan Academy (MS),148,Jackson Manhattan Academy (MS)
Jackson McCluer Academy (MS),167,Jackson McCluer Academy (MS)
Jackson Mississippi Baptist (MS),108,Jackson Mississippi Baptist (MS)
Jackson Mississippi Baptist Academy (MS),2,Jackson Mississippi Baptist (MS)
Jackson Murrah (MS),781,Jackson Murrah (MS)
Jackson Prep (MS),712,Jackson Prep (MS)
Jackson Provine (MS),831,Jackson Provine (MS)
Jackson St. Joseph (MS),492,Jackson St. Joseph (MS)
Jackson Wingfield (MS),618,Jackson Wingfield (MS)
Jackson Wingsfield (MS),2,Jackson Wingfield (MS)
Jackson Woodland Hills Academy (MS),277,Jackson Woodland Hills Academy (MS)
Jasper AHS (MS),3,Jasper Academy (MS)
Jefferson AHS (MS),3,Jefferson Academy (MS)
Jefferson County AHS (MS),2,Jefferson County Academy (MS)
Jones AHS (MS),5,Jones Academy (MS)
Kilmichael (MS),390,Kilmichael (MS)
Kilmichael Montgomery County (MS),662,Kilmichael Montgomery County (MS)
Kiln Hancock (MS),694,Kiln Hancock (MS)
Kosciusko (MS),948,Kosciusko (MS)
Kossuth (MS),810,Kossuth (MS)
Lafayette AHS (MS),8,Lafayette Academy (MS)
Lafayette County AHS (MS),1,Lafayette County Academy (MS)
Lake (MS),703,Lake (MS)
Lake Cormorant (MS),178,Lake Cormorant (MS)
Lake Cormorant Lake (MS),19,Lake Cormorant (MS)
Lamar AHS (MS),1,Lamar Academy (MS)
Lambert (MS),182,Lambert (MS)
Laurel (MS),1124,Laurel (MS)
"Laurel """"B"""" (MS)",10,Laurel B (MS)
Laurel Northeast Jones (MS),703,Laurel Northeast Jones (MS)
Laurel Watkins (MS),847,Laurel Watkins (MS)
Laurel West Jones (MS),721,Laurel West Jones (MS)
Leakesville (MS),461,Leakesville (MS)
Leakesville Greene County (MS),439,Leakesville Greene County (MS)
Learned Rebul Academy (MS),503,Learned Rebul Academy (MS)
Leland (MS),1085,Leland (MS)
Lexington (MS),487,Lexington (MS)
Lexington Central Holmes Christian (MS),581,Lexington Central Holmes Christian (MS)
Lexington Central Holmes Academy (MS),11,Lexington Central Holmes Christian (MS)
Lexington Holmes County Central (MS),115,Lexington Holmes County Central (MS)
Lexington Holmes County (MS),20,Lexington Holmes County Central (MS)
Lexington Marshall (MS),540,Lexington Marshall (MS)
Lexington McClain (MS),431,Lexington McClain (MS)
Liberty (MS),418,Liberty (MS)
Liberty Amite County (MS),431,Liberty Amite County (MS)
Liberty Amite (MS),19,Liberty Amite County (MS)
"Liberty Amite County """"B"""" (MS)",1,Liberty Amite County B (MS)
Liberty Amite School Center (MS),589,Liberty Amite School Center (MS)
Linn (MS),134,Linn (MS)
Little Rock Beulah Hubbard (MS),268,Little Rock Beulah Hubbard (MS)
Long Beach (MS),916,Long Beach (MS)
"Long Beach """"B"""" (MS)",1,Long Beach B (MS)
Louisville (MS),1084,Louisville (MS)
Louisville Nanih Waiya (MS),769,Louisville Nanih Waiya (MS)
Louisville Winston Academy (MS),613,Louisville Winston Academy (MS)
Lucedale George County (MS),963,Lucedale George County (MS)
Lula Rich (MS),127,Lula Rich (MS)
Lumberton (MS),953,Lumberton (MS)
Maben (MS),550,Maben (MS)
Maben Cumberland (MS),224,Maben Cumberland (MS)
Maben East Webster (MS),482,Maben East Webster (MS)
Maben West Oktibbeha (MS),140,Maben West Oktibbeha (MS)
Macon Central Academy (MS),151,Macon Central Academy (MS)
Macon Noxubee County (MS),875,Macon Noxubee County (MS)
Madden Leake Academy (MS),611,Madden Leake Academy (MS)
Madison AHS (MS),6,Madison Academy (MS)
Madison Central (MS),455,Madison Central (MS)
Madison Germantown (MS),169,Madison Germantown (MS)
Madison Saint Joseph Catholic (MS),771,Madison St. Joseph Catholic (MS)
"Madison Saint Joseph Catholic """"B"""" (MS)",1,Madison St. Joseph Catholic B (MS)
Madison-Ridgeland (MS),435,Madison-Ridgeland (MS)
Madison-Ridgeland Academy (MS),577,Madison-Ridgeland Academy (MS)
Magee (MS),999,Magee (MS)
Magnolia South Pike (MS),920,Magnolia South Pike (MS)
Mantachie (MS),669,Mantachie (MS)
Marks (MS),210,Marks (MS)
Marks Delta Academy (MS),583,Marks Delta Academy (MS)
Marks Palmer (MS),538,Marks Palmer (MS)
Marks Quitman County (MS),271,Marks Quitman County (MS)
Mathiston (MS),360,Mathiston (MS)
McAdams (MS),855,McAdams (MS)
McComb (MS),1205,McComb (MS)
"McComb """"B"""" (MS)",20,McComb B (MS)
McComb Parklane Academy (MS),636,McComb Parklane Academy (MS)
Mclain (MS),337,Mclain (MS)
Meadville Franklin County (MS),842,Meadville Franklin County (MS)
Mendenhall (MS),948,Mendenhall (MS)
Mendenhall Simpson Academy (MS),641,Mendenhall Simpson Academy (MS)
Meridian (MS),1263,Meridian (MS)
"Meridian """"B"""" (MS)",22,Meridian B (MS)
Meridian Clarkdale (MS),635,Meridian Clarkdale (MS)
Meridian Jefferson Davis Academy (MS),162,Meridian Jefferson Davis Academy (MS)
Meridian Lamar (MS),568,Meridian Lamar (MS)
Meridian Northeast Lauderdale (MS),667,Meridian Northeast Lauderdale (MS)
Meridian Russell Christian Academy (MS),201,Meridian Russell Christian Academy (MS)
Meridian Southeast Lauderdale (MS),641,Meridian Southeast Lauderdale (MS)
Mississippi College Frosh (MS),2,Mississippi College Frosh (MS)
Mississippi College Fresh (MS),1,Mississippi College Frosh (MS)
Mississippi School for the Deaf (MS),517,Mississippi School for the Deaf (MS)
Mississippi State University Frosh (MS),2,Mississippi State University Frosh (MS)
Mississippi State University Fresh (MS),1,Mississippi State University Frosh (MS)
Mize (MS),833,Mize (MS)
Montgomery AHS (MS),1,Montgomery Academy (MS)
Monticello (MS),421,Monticello (MS)
Monticello Lawrence Academy (MS),115,Monticello Lawrence Academy (MS)
Monticello Lawrence County (MS),442,Monticello Lawrence County (MS)
Monticello Topeka Tilton (MS),268,Monticello Topeka Tilton (MS)
Mooreville (MS),636,Mooreville (MS)
Moorhead Agriculture (MS),237,Moorhead Agriculture (MS)
Morton (MS),893,Morton (MS)
Moselle (MS),190,Moselle (MS)
Moss Point (MS),1100,Moss Point (MS)
Moss Point East Central (MS),766,Moss Point East Central (MS)
Moss Point Live Oak (MS),145,Moss Point Live Oak (MS)
Moss Point Magnolia (MS),182,Moss Point Magnolia (MS)
Motley (MS),100,Motley (MS)
Mound Bayou Kennedy (MS),522,Mound Bayou Kennedy (MS)
Mt. Green Academy (MS),1,Mount Green Academy (MS)
Mount Olive (MS),955,Mount Olive (MS)
Mt. Pleasant (MS),66,Mount Pleasant (MS)
Mt. Pleasant Sand Flat (MS),34,Mount Pleasant Sand Flat (MS)
Natchez (MS),488,Natchez (MS)
Natchez Adams County Christian (MS),592,Natchez Adams County Christian (MS)
Natchez Cathedral (MS),945,Natchez Cathedral (MS)
North Natchez (MS),202,Natchez North Natchez (MS)
North Natchez-Adams (MS),4,Natchez North Natchez (MS)
South Natchez (MS),495,Natchez South Natchez (MS)
SouthNatchez-Adams (MS),11,Natchez South Natchez (MS)
South Natchez-Adams (MS),3,Natchez South Natchez (MS)
Natchez Thomas Jefferson (MS),52,Natchez Thomas Jefferson Academy (MS)
Natchez Thomas Jefferson Academy (MS),1,Natchez Thomas Jefferson Academy (MS)
Natchez Trinity Episcopal Day (MS),506,Natchez Trinity Episcopal Day (MS)
Natchez Trinity Episcopal (MS),1,Natchez Trinity Episcopal Day (MS)
Natchez-Adams (MS),273,Natchez-Adams (MS)
Nettleton (MS),771,Nettleton (MS)
New Albany (MS),954,New Albany (MS)
New Augusta (MS),107,New Augusta (MS)
New Augusta Perry Central (MS),462,New Augusta Perry Central (MS)
New Hebron Attendence (MS),394,New Hebron Attendence (MS)
Newton (MS),911,Newton (MS)
Newton AHS (MS),3,Newton Academy (MS)
North Carrollton (MS),289,North Carrollton (MS)
North Carrollton J.Z. George (MS),791,North Carrollton J.Z. George (MS)
North Carrollton Jz George (MS),17,North Carrollton J.Z. George (MS)
Noxapater (MS),907,Noxapater (MS)
Noxumbee (MS),1,Noxapater (MS)
Oakland (MS),163,Oakland (MS)
Ocean Springs (MS),892,Ocean Springs (MS)
Ocean Springs St. Martin (MS),763,Ocean Springs St. Martin (MS)
Ocean Springs Saint Martin (MS),32,Ocean Springs St. Martin (MS)
Okolona (MS),1018,Okolona (MS)
Oktibbeha AHS (MS),1,Oktibbeha Academy (MS)
Olive Branch (MS),940,Olive Branch (MS)
Olive Branch Center Hill (MS),206,Olive Branch Center Hill (MS)
Olive Branch Lewisburg (MS),200,Olive Branch Lewisburg (MS)
Oxford (MS),952,Oxford (MS)
Oxford Lafayette (MS),713,Oxford Lafayette (MS)
Pachuta Clarke Academy (MS),134,Pachuta Clarke Academy (MS)
Pascagoula (MS),1172,Pascagoula (MS)
Pascagoula Our Lady of Victories (MS),197,Pascagoula Our Lady of Victories (MS)
Pascagoula Resurrection (MS),235,Pascagoula Resurrection Catholic (MS)
Pascagoula Resurrection Catholic (MS),185,Pascagoula Resurrection Catholic (MS)
Pass Christian (MS),870,Pass Christian (MS)
Pass Christian Hancock North Central (MS),283,Pass Christian Hancock North Central (MS)
Pearl (MS),902,Pearl (MS)
Pearl Park Place Christian Academy (MS),143,Pearl Park Place Christian Academy (MS)
Pearl Park Place (MS),19,Pearl Park Place Christian Academy (MS)
Pelahatchie (MS),795,Pelahatchie (MS)
Pelahatchie East RankinAcademy (MS),521,Pelahatchie East Rankin Academy (MS)
Pelahatchie East Rankin (MS),21,Pelahatchie East Rankin Academy (MS)
Pelahatchie East Rankin Academy (MS),3,Pelahatchie East Rankin Academy (MS)
Perkinston (MS),158,Perkinston (MS)
Perry County Runnelstown (MS),298,Perry County Runnelstown (MS)
Petal (MS),930,Petal (MS)
Pheba Hebron Christian (MS),243,Pheba Hebron Christian (MS)
Philadelphia (MS),990,Philadelphia (MS)
Philadelphia Choctaw Central (MS),602,Philadelphia Choctaw Central (MS)
Philadelphia Neshoba Central (MS),705,Philadelphia Neshoba Central (MS)
"Philadelphia Neshoba Central """"B"""" (MS)",1,Philadelphia Neshoba Central B (MS)
Picayune (MS),1006,Picayune (MS)
Pike AHS (MS),10,Pike Academy (MS)
Pinola (MS),242,Pinola (MS)
Pinola Simpson Central (MS),346,Pinola Simpson Central (MS)
Pontotoc (MS),1072,Pontotoc (MS)
Pontotoc South Pontotoc (MS),565,Pontotoc South Pontotoc (MS)
Poplarville (MS),896,Poplarville (MS)
Port Gibson (MS),797,Port Gibson (MS)
Port Gibson Chamberlain-Hunt Academy (MS),543,Port Gibson Chamberlain-Hunt Academy (MS)
Potts Camp (MS),155,Potts Camp (MS)
Prentiss (MS),747,Prentiss (MS)
Prentiss Christian (MS),567,Prentiss Christian (MS)
Puckett (MS),838,Puckett (MS)
Purvis (MS),972,Purvis (MS)
Quitman (MS),956,Quitman (MS)
Raleigh (MS),799,Raleigh (MS)
Rankin County AHS (MS),6,Rankin County Academy (MS)
Raymond (MS),781,Raymond (MS)
Raymond Central Hinds Academy (MS),537,Raymond Central Hinds Academy (MS)
Raymond Central Hinds (MS),20,Raymond Central Hinds Academy (MS)
Redwood (MS),156,Redwood (MS)
Richland (MS),483,Richland (MS)
Richton (MS),891,Richton (MS)
Ridgeland (MS),248,Ridgeland (MS)
Ridgeland Saint Andrews Episcopal (MS),544,Ridgeland St. Andrews Episcopal (MS)
Ridgeland Saint Andrew's Episcopal (MS),31,Ridgeland St. Andrews Episcopal (MS)
Ridgeland St. Andrews (MS),19,Ridgeland St. Andrews Episcopal (MS)
Ridgeland Veritas (MS),124,Ridgeland Veritas (MS)
Ripley (MS),854,Ripley (MS)
Rolling Fork (MS),536,Rolling Fork (MS)
Rolling Fork Sharkey Issaquena Academy (MS),567,Rolling Fork Sharkey Issaquena Academy (MS)
Rolling Fork Sharkey Issaquena (MS),1,Rolling Fork Sharkey Issaquena Academy (MS)
Rolling Fork South Delta (MS),351,Rolling Fork South Delta (MS)
Rosedale West Bolivar (MS),865,Rosedale West Bolivar (MS)
Ruleville Central (MS),877,Ruleville Central (MS)
Saltillo (MS),674,Saltillo (MS)
Sand Hill (MS),291,Sand Hill (MS)
Sandhill Pisgah (MS),546,Sandhill Pisgah (MS)
Sarah Strayhorn (MS),191,Sarah Strayhorn (MS)
Sardis North Panola (MS),771,Sardis North Panola (MS)
Sebastopol (MS),710,Sebastopol (MS)
Seminary (MS),862,Seminary (MS)
Senatobia (MS),837,Senatobia (MS)
Senatobia Magnolia Heights (MS),600,Senatobia Magnolia Heights (MS)
Shady Grove (MS),104,Shady Grove (MS)
Shannon (MS),834,Shannon (MS)
Shaw (MS),868,Shaw (MS)
Shelby (MS),207,Shelby (MS)
Shelby Broad Street (MS),564,Shelby Broad Street (MS)
Simpson County AHS (MS),2,Simpson County Academy (MS)
Sledge (MS),122,Sledge (MS)
Smithville (MS),723,Smithville (MS)
Soso (MS),115,Soso (MS)
Southaven (MS),595,Southaven (MS)
Southaven DeSoto Central (MS),259,Southaven DeSoto Central (MS)
Southaven Northpoint Christian (MS),414,Southaven Northpoint Christian (MS)
Southaven Southern Baptist (MS),161,Southaven Southern Baptist (MS)
Star Rankin Academy (MS),161,Star Rankin Academy (MS)
Starkville (MS),1107,Starkville (MS)
Starkville Academy (MS),610,Starkville Academy (MS)
State Line (MS),232,State Line (MS)
Steens Immanuel Christian School (MS),197,Steens Immanuel Christian School (MS)
Stringer (MS),772,Stringer (MS)
Sturgis (MS),567,Sturgis (MS)
Summit (MS),136,Summit (MS)
Summit North Pike (MS),666,Summit North Pike (MS)
Sumrall (MS),827,Sumrall (MS)
Tallahatchie AHS (MS),54,Tallahatchie Academy (MS)
Taylorsville (MS),899,Taylorsville (MS)
Tchula Holmes County Central (MS),247,Tchula Holmes County Central (MS)
Terry (MS),1077,Terry (MS)
Tippah AHS (MS),4,Tippah Academy (MS)
Tishomingo (MS),243,Tishomingo (MS)
Tishomingo AHS (MS),2,Tishomingo Academy (MS)
Tunica Academy (MS),574,Tunica Academy (MS)
Tunica County (MS),237,Tunica County (MS)
Tunica Institute of Learning (MS),4,Tunica Institute of Learning (MS)
Tunica Institute (MS) (TN),1,Tunica Institute of Learning (MS)
Tunica Rosa Fort (MS),553,Tunica Rosa Fort (MS)
Tupelo (MS),1132,Tupelo (MS)
Tupelo Military Institute (MS),10,Tupelo Military Institute (MS)
Tupelo Military Academy (MS),6,Tupelo Military Institute (MS)
Tupelo Military (MS),1,Tupelo Military Institute (MS)
Tylertown (MS),865,Tylertown (MS)
Tylertown Dexter (MS),507,Tylertown Dexter (MS)
Tylertown Salem (MS),662,Tylertown Salem (MS)
Tylertown Walthall Academy (MS),151,Tylertown Walthall Academy (MS)
Union (MS),976,Union (MS)
Utica Consolidated (MS),499,Utica Consolidated (MS)
Utica Hinds CountyAgricultural (MS),489,Utica Hinds County Agricultural (MS)
Utica Hinds County Agricultural (MS),2,Utica Hinds County Agricultural (MS)
Utica Hinds Co-Agri (MS),1,Utica Hinds County Agricultural (MS)
Vaiden (MS),317,Vaiden (MS)
Van Cleave (MS),781,Van Cleave (MS)
Vardaman (MS),824,Vardaman (MS)
Vicksburg (MS),1125,Vicksburg (MS)
Vicksburg Culkin Academy (MS),163,Vicksburg Culkin Academy (MS)
Vicksburg Jett (MS),116,Vicksburg Jett (MS)
Vicksburg Porters Chapel Academy (MS),287,Vicksburg Porter's Chapel Academy (MS)
Vicksburg Porter's Chapel Academy (MS),239,Vicksburg Porter's Chapel Academy (MS)
Vicksburg St.Aloysius (MS),1044,Vicksburg St.Aloysius (MS)
Vicksburg Saint Aloysius (MS),30,Vicksburg St.Aloysius (MS)
Vicksburg St. Aloysius (MS),9,Vicksburg St.Aloysius (MS)
Vicksburg Warren Central (MS),737,Vicksburg Warren Central (MS)
Walnut (MS),654,Walnut (MS)
Walnut Grove Leake County (MS),578,Walnut Grove Leake County (MS)
Washington Academy (MS),386,Washington Academy (MS)
Water Valley (MS),916,Water Valley (MS)
Waynesboro (MS),380,Waynesboro (MS)
Waynesboro Beat Four (MS),329,Waynesboro Beat Four (MS)
Waynesboro Central (MS),422,Waynesboro Central (MS)
Waynesboro Wayne Academy (MS),570,Waynesboro Wayne Academy (MS)
Waynesboro Wayne County (MS),459,Waynesboro Wayne County (MS)
Webb West Tallahatchie (MS),941,Webb West Tallahatchie (MS)
Weir (MS),720,Weir (MS)
Wesson (MS),825,Wesson (MS)
West East Holmes Academy (MS),373,West East Holmes Academy (MS)
West Point (MS),1171,West Point (MS)
West Point Oak Hill Academy (MS),546,West Point Oak Hill Academy (MS)
Wiggins Stone (MS),887,Wiggins Stone (MS)
Wiggins Stone County (MS),159,Wiggins Stone County (MS)
Winona (MS),987,Winona (MS)
Winona Christian (MS),598,Winona Christian (MS)
Winston AHS (MS),3,Winston Academy (MS)
Winston County AHS (MS),1,Winston County Academy (MS)
Woodville (MS),254,Woodville (MS)
Woodville Wilkinson County (MS),531,Woodville Wilkinson County (MS)
Woodville Wilkinson County Christian Academy (MS),591,Woodville Wilkinson County Christian Academy (MS)
WilkinsonCountyChristianAcademy (MS),22,Woodville Wilkinson County Christian Academy (MS)
Yazoo AHS (MS),5,Yazoo Academy (MS)
Yazoo City (MS),1063,Yazoo City (MS)
Yazoo City Manchester Academy (MS),619,Yazoo City Manchester Academy (MS)
Yazoo City Yazoo County (MS),374,Yazoo City Yazoo County (MS)
Bassfield Jefferson Davis County (MS),95,
Blue Mountain (MS),95,
Glade (MS),95,
Rocky Creek (MS),95,
Sallis (MS),95,
Durant AC (MS),94,
Meridian Calvary Christian (MS),94,
Satartia (MS),94,
Merigold (MS),93,
Calhoun (MS),92,
Itta Bena (MS),92,
Jonestown (MS),90,
Sandersville (MS),88,
Ecru (MS),84,
Booneville New Site (MS),82,
Van Vleet Chickasaw Academy (MS),82,
Houlka (MS),81,
Macon Brooksville (MS),80,
Mound Bayou (MS),80,
Pachuta (MS),80,
Myrtle West Union (MS),79,
Shelby North Side (MS),78,
Agricola (MS),76,
Jackson Bailey Magnet (MS),76,
Myrick (MS),76,
Stonewall (MS),76,
Myrtle (MS),75,
Randolph (MS),74,
Shuqualak (MS),74,
Hattiesburg Demonstration (MS),73,
Clinton Mt. Salus Christian (MS),72,
Hattiesburg Beeson Academy (MS),72,
Morgan City (MS),70,
CopiahLincoln Community College (MS),69,
Itawamba Agricultural (MS),69,
Crenshaw (MS),64,
Algoma (MS),63,
Georgetown (MS),61,
Hattiesburg Prep (MS),61,
Gulfport Gulf Coast Military Academy (MS),58,
Hinds Community College (MS),56,
Boyle (MS),53,
Marion County (MS),52,
Webb (MS),51,
Leland Academy (MS),50,
Rolling Fork Henry Weathers (MS),50,
Leland Unity Christian Academy (MS),49,
Ripley South Tippah (MS),49,
Waynesboro Central Wayne (MS),48,
Columbia Training (MS),47,
Walls Sacred Heart (MS),47,
Foxworth West Marion Academy (MS),46,
Ruleville Edwards (MS),46,
Ruth Southwest Mississippi Christian (MS),46,
West (MS),44,
West Oktibbeha County (MS),43,
College Hill (MS),42,
East Lowndes (MS),42,
Jackson Hillcrest Academy (MS),42,
Louise (MS),42,
Roxie Franklin Christian Academy (MS),42,
Benton County [Hickory Flat-Ashland] (MS),41,
Cary (MS),41,
Hattiesburg Central Baptist (MS),40,
Long Beach Coast Episcopal (MS),39,
Meridian Whynot Academy (MS),39,
Grenada Lake Academy (MS),38,
Hattiesburg Alpha Christian (MS),38,
Minter City (MS),38,
Progress (MS),36,
Tutwiler (MS),36,
DLo (MS),34,
Kiln (MS),34,
Alternative (MS),33,
Sumner (MS),33,
North Vicksburg (MS),31,
Our Lady of Victory (MS),29,
Scott County Christian (MS),29,
Jefferson MilitaryCollege (MS),28,
Gunnison (MS),27,
Terry Academy (MS),27,
Leaksville (MS),26,
Lucedale (MS),26,
Notre Dame (MS),26,
Shaw McEvans (MS),26,
Gillsburg (MS),25,
Macon (MS),25,
Madison (MS),25,
Northwest Academy (MS),24,
Jackson (MS),23,
Derma (MS),22,
Flora Tri County (MS),22,
Picayune Maroon (MS),22,
Wheeler (MS),22,
Artesia (MS),21,
Bude (MS),21,
Meridian Lamar Academy (MS),21,
Sanford Academy (MS),21,
Bassfield Jefferson Davis (MS),20,
Madison Ridgeland (MS),20,
Natchez Adams County (MS),20,
Osyka (MS),20,
Scooba (MS),20,
South Pontotoc (MS),20,
Vicksburg Porters Chapel (MS),20,
Booneville Jumpertown (MS),19,
Clinton Christian (MS),19,
Jackson Christian (MS),19,
Roxie (MS),19,
Vicksburg South (MS),19,
Bay Springs Sylva Bay (MS),18,
Enterprise (MS),18,
Florence Discovery (MS),18,
Madison St. Joseph (MS),18,
Magnolia (MS),18,
Carriere Pearl River (MS),17,
De Kalb (MS),17,
Goodman Holmes County Central (MS),17,
Jackson Rowan (MS),17,
West Point Oak Hill (MS),17,
Florence Discovery Christian (MS),16,
Pace (MS),16,
Pascagoula Carver (MS),16,
Schlater (MS),16,
Steens Columbus Christian (MS),16,
Gallman (MS),15,
Sharon (MS),15,
Steens Columbus ChristianAcademy (MS),15,
Pheba (MS),14,
University of SouthernMississippi (MS),14,
Picayune Heritage Christian (MS),13,
Central (MS),12,
Friendship Jones (MS),12,
Louin (MS),12,
Madison Faith Christian (MS),12,
Carriere Pearl River Academy (MS),11,
Edwards (MS),11,
Leland Unity Christian (MS),11,
Mississippi City (MS),11,
Southern Mississippi University (MS),11,
Beat Four (MS),10,
Biloxi Nichols (MS),10,
Lyman (MS),10,
