Alias_Name,GameCount,Standardized_Name
Absarokee (MT),411,Absarokee (MT)
Anaconda (MT),546,Anaconda (MT)
Anaconda Catholic Central (MT),1,Anaconda Catholic Central (MT)
Anaconda Central (MT),10,Anaconda Catholic Central (MT)
Arlee (MT),390,Arlee (MT)
Ashland St. Labre (MT),8,Ashland St. Labre Indian Catholic (MT)
Ashland St. Labre Indian (MT),94,Ashland St. Labre Indian Catholic (MT)
Ashland St. Labre Indian Catholic (MT),41,Ashland St. Labre Indian Catholic (MT)
St. Labre Indian Catholic (MT),3,Ashland St. Labre Indian Catholic (MT)
Augusta (MT),294,Augusta (MT)
Baker (MT),111,Baker (MT)
Baker-Plevna (MT),370,Baker-Plevna (MT)
Belgrade (MT),424,Belgrade (MT)
Belt (MT),392,Belt (MT)
Big Sandy (MT),406,Big Sandy (MT)
Big Timber Sweet Grass (MT),15,Big Timber Sweet Grass County (MT)
Big Timber Sweet Grass County (MT),389,Big Timber Sweet Grass County (MT)
Bigfork (MT),411,Bigfork (MT)
Billings Central Catholic (MT),466,Billings Central Catholic (MT)
Billings Senior (MT),867,Billings Senior (MT)
Billings Skyview (MT),390,Billings Skyview (MT)
Billings West (MT),615,Billings West (MT)
Boulder Jefferson (MT),386,Boulder Jefferson (MT)
Box Elder (MT),259,Box Elder (MT)
Box Elder Rocky (MT),17,Box Elder Rocky Boy (MT)
Box Elder Rocky Boy (MT),137,Box Elder Rocky Boy (MT)
Rocky Boy (MT),6,Box Elder Rocky Boy (MT)
Bozeman (MT),602,Bozeman (MT)
Bozeman Gallatin (MT),48,Bozeman Gallatin (MT)
Bozeman Gallatin County (MT),7,Bozeman Gallatin (MT)
Brady (MT),138,Brady (MT)
Bridger (MT),289,Bridger (MT)
Broadus Powder River (MT),16,Broadus Powder River County (MT)
Broadus Powder River County (MT),342,Broadus Powder River County (MT)
Broadview-Lavina (MT),180,Broadview-Lavina (MT)
Browning (MT),376,Browning (MT)
Busby Northern Cheyenne Tribal (MT),37,Busby Northern Cheyenne Tribal (MT)
Busby Northern CheyenneTribal (MT),57,Busby Northern Cheyenne Tribal (MT)
Butte (MT),786,Butte (MT)
Butte Central Catholic (MT),532,Butte Central Catholic (MT)
Cascade (MT),307,Cascade (MT)
Charlo (MT),405,Charlo (MT)
Chester (MT),169,Chester (MT)
Chester-Joplin-Inverness (MT),194,Chester-Joplin-Inverness (MT)
Chinook (MT),400,Chinook (MT)
Choteau (MT),407,Choteau (MT)
Circle (MT),280,Circle (MT)
Clark Fork co-op [Alberton-Saint Regis] (MT),1,Clark Fork co-op [Alberton-St. Regis] (MT)
Clark Fork co-op [Alberton-St. Regis] (MT),239,Clark Fork co-op [Alberton-St. Regis] (MT)
Clark Fork co-op [Superior-Alberton] (MT),47,Clark Fork co-op [Alberton-St. Regis] (MT)
Clyde Park Shields Valley (MT),360,Clyde Park Shields Valley (MT)
Colstrip (MT),355,Colstrip (MT)
Columbia Falls (MT),422,Columbia Falls (MT)
Columbus (MT),450,Columbus (MT)
Conrad (MT),404,Conrad (MT)
Corvallis (MT),391,Corvallis (MT)
Culbertson (MT),166,Culbertson (MT)
Culbertson-Bainville (MT),157,Culbertson-Bainville (MT)
Custer (MT),41,Custer County (MT)
Custer Co (MT),1,Custer County (MT)
Custer County (MT),8,Custer County (MT)
Custer Melstone (MT),1,Custer-Melstone (MT)
Custer-Melstone (MT),152,Custer-Melstone (MT)
Cut Bank (MT),424,Cut Bank (MT)
Darby (MT),397,Darby (MT)
Deer Lodge Powell County (MT),388,Deer Lodge Powell County (MT)
Denton (MT),250,Denton (MT)
Denton St. anford (MT),16,Denton-Stanford (MT)
Dillon Beaverhead County (MT),465,Dillon Beaverhead County (MT)
Drummond (MT),336,Drummond (MT)
Drummond Flint Creek (MT),14,Drummond Flint Creek co-op [Drummond-Granite] (MT)
Drummond Flint Creek co-op [Drummond-Granite] (MT),11,Drummond Flint Creek co-op [Drummond-Granite] (MT)
Flint Creek co-op [Drummond-Granite] (MT),88,Drummond Flint Creek co-op [Drummond-Granite] (MT)
Dutton (MT),104,Dutton (MT)
Ekalaka Carter County (MT),383,Ekalaka Carter County (MT)
Ennis (MT),368,Ennis (MT)
Eureka Lincoln County (MT),433,Eureka Lincoln County (MT)
Fairfield (MT),338,Fairfield (MT)
Fairview (MT),432,Fairview (MT)
Florence Carlton (MT),18,Florence-Carlton (MT)
Florence-Carlton (MT),309,Florence-Carlton (MT)
Forsyth (MT),357,Forsyth (MT)
Fort Benton (MT),389,Fort Benton (MT)
Frenchtown (MT),466,Frenchtown (MT)
Fromberg (MT),120,Fromberg (MT)
Gallatin Gateway Lone Peak (MT),130,Gallatin Gateway Lone Peak (MT)
Gardiner (MT),358,Gardiner (MT)
Geraldine-Highwood (MT),271,Geraldine-Highwood (MT)
Geyser (MT),108,Geyser (MT)
Glasgow (MT),265,Glasgow (MT)
Glasgow-Hinsdale-Nashua (MT),190,Glasgow-Hinsdale-Nashua (MT)
Glendive Dawson County (MT),119,Glendive Dawson County (MT)
Glendive DawsonCounty (MT),365,Glendive Dawson County (MT)
Glendive Dawson County JV (MT),6,Glendive Dawson County JV (MT)
Glendive Dawson JV (MT),7,Glendive Dawson County JV (MT)
Glendive Dawson County-Terry (MT),8,Glendive Dawson County-Terry (MT)
Glendive Dawson-Terry (MT),30,Glendive Dawson County-Terry (MT)
Grass Range (MT),20,Grass Range (MT)
Grass Range Grass Range (MT),15,Grass Range (MT)
Great Falls (MT),1046,Great Falls (MT)
Great Falls C M Russell (MT),631,Great Falls C M Russell (MT)
Great Falls Russell (MT),18,Great Falls C M Russell (MT)
Great Falls Russell JV (MT),1,Great Falls C M Russell JV (MT)
Great Falls Central (MT),100,Great Falls Central (MT)
Great Falls Central Catholic (MT),21,Great Falls Central Catholic (MT)
Great Falls Central Catholic GFCC (MT),4,Great Falls Central Catholic (MT)
Great Falls Central-Montana School for the Deaf & Blind (MT),48,Great Falls Central-Montana School for the Deaf & Blind (MT)
Great Falls-Montana School for the Deaf & Blind (MT),10,Great Falls Central-Montana School for the Deaf & Blind (MT)
Hamilton (MT),448,Hamilton (MT)
Hardin (MT),413,Hardin (MT)
Harlem-Turner (MT),219,Harlem-Turner (MT)
Harlowton-Ryegate (MT),281,Harlowton-Ryegate (MT)
Havre (MT),616,Havre (MT)
Hays-Lodgepole (MT),262,Hays-Lodgepole (MT)
Heart Butte (MT),203,Heart Butte (MT)
Helena (MT),802,Helena (MT)
Helena High (MT),8,Helena (MT)
Helena Capital (MT),532,Helena Capital (MT)
Highwood (MT),247,Highwood (MT)
Hot Springs (MT),274,Hot Springs (MT)
Hysham (MT),244,Hysham (MT)
Joliet (MT),276,Joliet (MT)
Joplin Inverness (MT),1,Joplin-Inverness (MT)
Joplin-Inverness (MT),98,Joplin-Inverness (MT)
Jordan Garfield County (MT),338,Jordan Garfield County (MT)
Kalispell Flatehead (MT),1,Kalispell Flathead (MT)
Kalispell Flathead (MT),714,Kalispell Flathead (MT)
Kalispell JV (MT),13,Kalispell Flathead JV (MT)
Kalispell Glacier (MT),212,Kalispell Glacier (MT)
Lambert (MT),107,Lambert (MT)
Lambert Richey (MT),16,Lambert-Richey (MT)
Lambert-Richey (MT),121,Lambert-Richey (MT)
Lame Deer (MT),77,Lame Deer (MT)
Lame Deer Lame Deer (MT),16,Lame Deer (MT)
Laurel (MT),487,Laurel (MT)
Lewistown Fergus (MT),474,Lewistown Fergus (MT)
Libby (MT),454,Libby (MT)
Lima (MT),318,Lima (MT)
Lincoln (MT),175,Lincoln (MT)
Livingston Park (MT),425,Livingston Park (MT)
Lodge Grass (MT),308,Lodge Grass (MT)
Malta-Whitewater-Saco (MT),342,Malta-Whitewater-Saco (MT)
Manhattan-Manhattan Christian (MT),299,Manhattan-Manhattan Christian (MT)
Medicine Lake (MT),126,Medicine Lake (MT)
Medicine Lake Froid Medicine (MT),14,Medicine Lake-Froid (MT)
Medicine Lake-Froid (MT),200,Medicine Lake-Froid (MT)
Miles City Custer County (MT),554,Miles City Custer County (MT)
Missoula (MT),147,Missoula (MT)
Missoula Big Sky (MT),451,Missoula Big Sky (MT)
Missoula Hellgate (MT),512,Missoula Hellgate (MT)
Missoula Loyola Sacred (MT),19,Missoula Loyola-Sacred Heart (MT)
Missoula Loyola-Sacred Heart (MT),334,Missoula Loyola-Sacred Heart (MT)
Missoula Sentinal (MT),1,Missoula Sentinel (MT)
Missoula Sentinel (MT),551,Missoula Sentinel (MT)
Mon Dak [Westby-Grenora] (MT),83,Mon Dak [Westby-Grenora] (MT)
MonDak [Westby-Grenora] (MT),19,Mon Dak [Westby-Grenora] (MT)
Mullan (ID)-Saint Regis (MT),1,Mullan (ID)-Saint Regis (MT)
Mullan (ID)-St. Regis (MT),1,Mullan (ID)-Saint Regis (MT)
Mullan-Saint Regis (MT),4,Mullan (ID)-Saint Regis (MT)
Mullan-St. Regis (MT),22,Mullan (ID)-Saint Regis (MT)
Noxon (MT),221,Noxon (MT)
Park City (MT),392,Park City (MT)
Philipsburg Granite (MT),301,Philipsburg Granite (MT)
Plains (MT),295,Plains (MT)
Plentywood (MT),361,Plentywood (MT)
Polson (MT),435,Polson (MT)
Poplar (MT),241,Poplar (MT)
Power (MT),171,Power (MT)
Power-Dutton-Brady (MT),175,Power-Dutton-Brady (MT)
Red Lodge (MT),319,Red Lodge (MT)
Red Lodge Red Lodge (MT),16,Red Lodge (MT)
Reed Point (MT),1,Reed Point (MT)
Reed Point Reed Point (MT),16,Reed Point (MT)
Reed Point-Rapelje (MT),151,Reed Point-Rapelje (MT)
Richey (MT),113,Richey (MT)
Ronan (MT),415,Ronan (MT)
Rosebud (MT),162,Rosebud (MT)
Roundup (MT),320,Roundup (MT)
Roy-Winifred (MT),124,Roy-Winifred (MT)
Rudyard North Star (MT),210,Rudyard North Star (MT)
St.Ignatius (MT),357,Saint Ignatius (MT)
St. Regis (MT),252,Saint Regis (MT)
Sand Coulee Centerville (MT),397,Sand Coulee Centerville (MT)
Savage (MT),325,Savage (MT)
Savage Warriors (MT),1,Savage (MT)
Scobey Opheim (MT),20,Scobey-Opheim (MT)
Scobey-Opheim (MT),136,Scobey-Opheim (MT)
Scobey-Peerless (MT),159,Scobey-Peerless (MT)
Seeley Lake Seeley Swan (MT),18,Seeley Lake-Swan (MT)
Seeley Lake-Swan (MT),368,Seeley Lake-Swan (MT)
Shelby (MT),395,Shelby (MT)
Shepard (MT),2,Shepherd (MT)
Shepherd (MT),400,Shepherd (MT)
Sheridan (MT),391,Sheridan (MT)
Sidney (MT),503,Sidney (MT)
Simms (MT),345,Simms (MT)
Stanford (MT),220,Stanford (MT)
Stevensville (MT),421,Stevensville (MT)
Sunburst North Toole (MT),15,Sunburst North Toole County (MT)
Sunburst North Toole County (MT),353,Sunburst North Toole County (MT)
Superior (MT),357,Superior (MT)
Terry (MT),376,Terry (MT)
Thompson Falls (MT),407,Thompson Falls (MT)
Three Forks-Willow Creek (MT),262,Three Forks-Willow Creek (MT)
Townsend Broadwater (MT),374,Townsend Broadwater (MT)
Tri-City co-op [Hobson-Moore-Judith Gap] (MT),2,Tri-City co-op [Hobson-Moore-JudithGap] (MT)
Tri-City co-op [Hobson-Moore-JudithGap] (MT),247,Tri-City co-op [Hobson-Moore-JudithGap] (MT)
Troy (MT),365,Troy (MT)
Twin Bridges (MT),396,Twin Bridges (MT)
Valier (MT),361,Valier (MT)
Victor (MT),376,Victor (MT)
White Sulphur Springs (MT),356,White Sulphur Springs (MT)
White Sulphur Springs White Sulphur (MT),16,White Sulphur Springs (MT)
Whitefish (MT),489,Whitefish (MT)
Whitehall Harrison (MT),9,Whitehall-Harrison (MT)
Whitehall-Harrison (MT),260,Whitehall-Harrison (MT)
Wibaux (MT),440,Wibaux (MT)
Winifred (MT),192,Winifred (MT)
Winifred Roy Winifred (MT),14,Winifred (MT)
Wolf Point (MT),297,Wolf Point (MT)
Worden (MT),5,Worden Huntley Project (MT)
Worden Huntley Project (MT),431,Worden Huntley Project (MT)
Yellowstone West Yellowstone (MT),331,Yellowstone West Yellowstone (MT)
