Alias_Name,GameCount,Standardized_Name
Acme-Delco (NC),121,Acme-Delco (NC)
Ahoskie (NC),255,Ahoskie (NC)
Ahoskie Hertford County (NC),501,Ahoskie Hertford County (NC)
Albemarle (NC),769,Albemarle (NC)
Andrews (NC),722,Andrews (NC)
Angier Harnett Central (NC),512,Angier Harnett Central (NC)
Apex (NC),659,Apex (NC)
Apex Middle Creek (NC),269,Apex Middle Creek (NC)
Apex South Wake (NC),33,Apex South Wake HomeSchool (NC)
Apex South Wake HomeSchool (NC),14,Apex South Wake HomeSchool (NC)
Arden Christ School (NC),330,Arden Christ School (NC)
Arden Christ (NC),11,Arden Christ School (NC)
Asheboro (NC),726,Asheboro (NC)
Asheboro Southwestern Randolph (NC),577,Asheboro Southwestern Randolph (NC)
Asheville (NC),918,Asheville (NC)
Asheville A.C. Reynolds (NC),723,Asheville A.C. Reynolds (NC)
Asheville Erwin (NC),712,Asheville Erwin (NC)
Asheville School (NC),283,Asheville School (NC)
Asheville School (Independent) (NC),4,Asheville School (NC)
Asheville Stephens-Lee (NC),14,Asheville Stephens-Lee (NC)
Ashville Stephens - Lee (NC),11,Asheville Stephens-Lee (NC)
Asheville Stephens Lee (NC),2,Asheville Stephens-Lee (NC)
Asheville T.C. Roberson (NC),652,Asheville T.C. Roberson (NC)
Asheville Tc Roberson (NC),17,Asheville T.C. Roberson (NC)
Ayden-Grifton (NC),592,Ayden-Grifton (NC)
Ayden Grifton (NC),21,Ayden-Grifton (NC)
Bailey Southern Nash (NC),631,Bailey Southern Nash (NC)
Bakersville Mitchell (NC),572,Bakersville Mitchell (NC)
Barco Currituck County (NC),543,Barco Currituck County (NC)
Bath (NC),126,Bath (NC)
Bayboro Pamlico County (NC),669,Bayboro Pamlico County (NC)
Bear Creek Chatham Central (NC),643,Bear Creek Chatham Central (NC)
Beaufort East Carteret (NC),648,Beaufort East Carteret (NC)
Belhaven Pungo Christian (NC),16,Belhaven Pungo Christian Academy (NC)
Belhaven Pungo Christian Academy (NC),15,Belhaven Pungo Christian Academy (NC)
Belmont South Point (NC),682,Belmont South Point (NC)
Belmont Stuart Cramer (NC),73,Belmont Stuart W. Cramer (NC)
Belmont Stuart W. Cramer (NC),32,Belmont Stuart W. Cramer (NC)
Belmont St. uart W (NC),18,Belmont Stuart W. Cramer (NC)
Belmont Cramer (NC),9,Belmont Stuart W. Cramer (NC)
Benson West Johnston (NC),241,Benson West Johnston (NC)
Bessemer City (NC),706,Bessemer City (NC)
Bethel North Pitt (NC),584,Bethel North Pitt (NC)
Beulaville East Duplin (NC),714,Beulaville East Duplin (NC)
Biscoe East Montgomery (NC),637,Biscoe East Montgomery (NC)
Black Mountain Charles D. Owen (NC),681,Black Mountain Charles D. Owen (NC)
Black Mountain Charles D (NC),18,Black Mountain Charles D. Owen (NC)
Bladenboro (NC),226,Bladenboro (NC)
Bladenboro West Bladen (NC),252,Bladenboro West Bladen (NC)
Boone Watauga (NC),671,Boone Watauga (NC)
Boonville Starmount (NC),689,Boonville Starmount (NC)
Brevard (NC),755,Brevard (NC)
Bryson City Swain County (NC),786,Bryson City Swain County (NC)
Bunn (NC),607,Bunn (NC)
Burgaw (NC),134,Burgaw (NC)
Burgaw Pender (NC),554,Burgaw Pender (NC)
Burlington Cummings (NC),670,Burlington Cummings (NC)
Burlington Walter M. Williams (NC),828,Burlington Walter M. Williams (NC)
Burlington Walter M (NC),20,Burlington Walter M. Williams (NC)
Burnsville Mountain Heritage (NC),561,Burnsville Mountain Heritage (NC)
Buxton Cape Hatteras (NC),128,Buxton Cape Hatteras (NC)
Cabarrus [Cannon-Concord Academy] (NC),19,Cabarrus [Cannon-Concord First Assembly Academy] (NC)
Cabarrus [Cannon-Concord First Assembly Academy] (NC),7,Cabarrus [Cannon-Concord First Assembly Academy] (NC)
Calypso North Duplin (NC),709,Calypso North Duplin (NC)
Camden County (NC),627,Camden County (NC)
Cameron Union Pines (NC),642,Cameron Union Pines (NC)
Camp Lejeune (NC),636,Camp Lejeune (NC)
Camp LeJune (NC),1,Camp Lejeune (NC)
Canton Pisgah (NC),687,Canton Pisgah (NC)
Cary (NC),689,Cary (NC)
Cary Christian (NC),192,Cary Christian (NC)
Cary Green Hope (NC),282,Cary Green Hope (NC)
Cary Panther Creek (NC),216,Cary Panther Creek (NC)
Catawba Bandys (NC),729,Catawba Bandys (NC)
Cerro Gordo West Columbus (NC),640,Cerro Gordo West Columbus (NC)
Chapel Hill (NC),706,Chapel Hill (NC)
Chapel Hill AHOP Christian Academy (NC),4,Chapel Hill AHOP Christian Academy (NC)
Chapel Hill AHOP Christian Leadership Academy (NC),3,Chapel Hill AHOP Christian Academy (NC)
Chapel Hill Carrboro (NC),184,Chapel Hill Carrboro (NC)
Charlotte Ardrey Kell (NC),224,Charlotte Ardrey Kell (NC)
Charlotte Carolina Pride (NC),177,Charlotte Carolina Pride (NC)
Charlotte Catholic (NC),776,Charlotte Catholic (NC)
Charlotte Central (NC),261,Charlotte Central (NC)
Charlotte Christian (NC),270,Charlotte Christian (NC)
Charlotte Country Day (NC),383,Charlotte Country Day (NC)
Charlotte Country (NC),18,Charlotte Country Day (NC)
Charlotte East Mecklenburg (NC),809,Charlotte East Mecklenburg (NC)
Charlotte Garinger (NC),707,Charlotte Garinger (NC)
Charlotte Harding University (NC),704,Charlotte Harding University (NC)
Charlotte Hickory Grove Christian (NC),171,Charlotte Hickory Grove Christian (NC)
Charlotte Hickory Grove (NC),19,Charlotte Hickory Grove Christian (NC)
Charlotte Independence (NC),696,Charlotte Independence (NC)
Charlotte Latin (NC),320,Charlotte Latin (NC)
Charlotte Mallard Creek (NC),239,Charlotte Mallard Creek (NC)
Charlotte Myers Park (NC),838,Charlotte Myers Park (NC)
Charlotte Northside Christian Academy (NC),75,Charlotte Northside Christian Academy (NC)
Charlotte Northside Christian (NC),26,Charlotte Northside Christian Academy (NC)
Charlotte Olympic (NC),649,Charlotte Olympic (NC)
Charlotte Phillip O. Berry Academy of Technology (NC),242,Charlotte Phillip O. Berry Academy of Technology (NC)
Charlotte Providence (NC),414,Charlotte Providence (NC)
Charlotte Providence Day (NC),319,Charlotte Providence Day (NC)
Charlotte South Mecklenburg (NC),701,Charlotte South Mecklenburg (NC)
Charlotte Victory Christian Center (NC),133,Charlotte Victory Christian Center (NC)
Charlotte Waddell (NC),110,Charlotte Waddell (NC)
Charlotte West Mecklenburg (NC),716,Charlotte West Mecklenburg (NC)
Charlotte Zebulon B. Vance (NC),335,Charlotte Zebulon B. Vance (NC)
Cherokee (NC),661,Cherokee (NC)
Cherryville (NC),691,Cherryville (NC)
China Grove Jesse Carson (NC),216,China Grove Jesse Carson (NC)
China Grove South Rowan (NC),685,China Grove South Rowan (NC)
Chocowinity (NC),192,Chocowinity (NC)
Chocowinity Southside (NC),317,Chocowinity Southside (NC)
Claremont Bunker Hill (NC),712,Claremont Bunker Hill (NC)
Clayton (NC),718,Clayton (NC)
Clayton Cleveland (NC),194,Clayton Cleveland (NC)
Clemmons West Forsyth (NC),687,Clemmons West Forsyth (NC)
Clinton (NC),758,Clinton (NC)
Clinton Union (NC),403,Clinton Union (NC)
Columbia (NC),522,Columbia (NC)
Columbus Polk County (NC),419,Columbus Polk County (NC)
Community Of Davidson (NC),145,Community Of Davidson (NC)
Community School of Davidson (NC),20,Community Of Davidson (NC)
Concord (NC),782,Concord (NC)
Concord Cannon (NC),100,Concord Cannon (NC)
Concord Central Cabarrus (NC),632,Concord Central Cabarrus (NC)
Concord Cox Mill (NC),188,Concord Cox Mill (NC)
Concord First Assembly Christian Academy (NC),170,Concord First Assembly Christian Academy (NC)
Concord Jay M. Robinson (NC),261,Concord Jay M. Robinson (NC)
Concord Jay M (NC),21,Concord Jay M. Robinson (NC)
Concord Northwest Cabarrus (NC),658,Concord Northwest Cabarrus (NC)
Connelly Springs East Burke (NC),545,Connelly Springs East Burke (NC)
Conway Northampton County (NC),452,Conway Northampton County (NC)
Conwa Northampton County (NC),131,Conway Northampton County (NC)
Cornelius Hough (NC),202,Cornelius Hough (NC)
Creedmoor South Granville (NC),641,Creedmoor South Granville (NC)
Creswell (NC),435,Creswell (NC)
Cullowhee (NC),103,Cullowhee (NC)
Dallas North Gaston (NC),581,Dallas North Gaston (NC)
Danbury North Stokes (NC),613,Danbury North Stokes (NC)
Deep Run South Lenoir (NC),623,Deep Run South Lenoir (NC)
Denton (NC),228,Denton (NC)
Denton South Davidson (NC),390,Denton South Davidson (NC)
Denver East Lincoln (NC),672,Denver East Lincoln (NC)
Denver North Lincoln (NC),185,Denver North Lincoln (NC)
Dobson Surry Central (NC),688,Dobson Surry Central (NC)
Dudley Southern Wayne (NC),632,Dudley Southern Wayne (NC)
Dunn (NC),209,Dunn (NC)
Dunn Midway (NC),705,Dunn Midway (NC)
Durham (NC),507,Durham (NC)
Durham Hillside (NC),696,Durham Hillside (NC)
Durham Jordan (NC),653,Durham Jordan (NC)
Durham Mount Zion Christian Academy (NC),51,Durham Mount Zion Christian Academy (NC)
Durham Mount Zion (NC),18,Durham Mount Zion Christian Academy (NC)
Durham Northern (NC),776,Durham Northern (NC)
Durham Northern Durham (NC),2,Durham Northern (NC)
Durham Riverside (NC),357,Durham Riverside (NC)
Durham Riverside Durham (NC),18,Durham Riverside (NC)
Durham Southern (NC),734,Durham Southern (NC)
East Bend Forbush (NC),625,East Bend Forbush (NC)
East Chapel Hill (NC),254,East Chapel Hill (NC)
East Flat Rock East Henderson (NC),674,East Flat Rock East Henderson (NC)
Eastern North Carolina School for the Deaf (NC),104,Eastern North Carolina School for the Deaf (NC)
Eden Morehead (NC),711,Eden Morehead (NC)
Edenton John A. Holmes (NC),708,Edenton John A. Holmes (NC)
Edenton John A (NC),20,Edenton John A. Holmes (NC)
Edneyville (NC),224,Edneyville (NC)
Edwards Military Institute (NC),4,Edwards Military Institute (NC)
Edwards Military (NC),2,Edwards Military Institute (NC)
Edwards (NC),1,Edwards Military Institute (NC)
Elizabeth City (NC),136,Elizabeth City (NC)
Elizabeth City Northeastern (NC),774,Elizabeth City Northeastern (NC)
Elizabeth City Pasquotank County (NC),247,Elizabeth City Pasquotank County (NC)
Elizabethtown East Bladen (NC),627,Elizabethtown East Bladen (NC)
Elkin (NC),724,Elkin (NC)
Elon Western Alamance (NC),722,Elon Western Alamance (NC)
Enka (NC),630,Enka (NC)
Erwin (NC),211,Erwin (NC)
Erwin Triton (NC),439,Erwin Triton (NC)
Fairmont (NC),706,Fairmont (NC)
Farmville Central (NC),632,Farmville Central (NC)
Fayetteville (NC),259,Fayetteville (NC)
Fayetteville Berean Baptist (NC),13,Fayetteville Berean Baptist Academy (NC)
Fayetteville Berean Baptist Academy (NC),3,Fayetteville Berean Baptist Academy (NC)
Fayetteville Cape Fear (NC),611,Fayetteville Cape Fear (NC)
Fayetteville Christian (NC),169,Fayetteville Christian (NC)
Fayetteville Douglas Byrd (NC),648,Fayetteville Douglas Byrd (NC)
Fayetteville E.E. Smith (NC),694,Fayetteville E.E. Smith (NC)
Fayetteville Ee Smith (NC),18,Fayetteville E.E. Smith (NC)
Fayetteville Jack Britt (NC),318,Fayetteville Jack Britt (NC)
Fayetteville Massey Hill Classical (NC),53,Fayetteville Massey Hill Classical (NC)
Fayetteville Massey Hill (NC),2,Fayetteville Massey Hill Classical (NC)
Fayetteville Massey (NC),1,Fayetteville Massey Hill Classical (NC)
Fayetteville Pine Forest (NC),711,Fayetteville Pine Forest (NC)
Fayetteville Reid Ross Classical (NC),168,Fayetteville Reid Ross Classical (NC)
Fayetteville Reid Ross (NC),2,Fayetteville Reid Ross Classical (NC)
Fayetteville Seventy-First (NC),726,Fayetteville Seventy-First (NC)
Fayetteville Seventy First (NC),24,Fayetteville Seventy-First (NC)
Fayetteville Terry Sanford (NC),753,Fayetteville Terry Sanford (NC)
Fayetteville Trinity Christian (NC),218,Fayetteville Trinity Christian (NC)
Fayetteville Village Christian Academy (NC),141,Fayetteville Village Christian Academy (NC)
Fayetteville Westover (NC),521,Fayetteville Westover (NC)
Forest City Chase (NC),699,Forest City Chase (NC)
Forest City East Rutherford (NC),674,Forest City East Rutherford (NC)
Four Oaks South Johnston (NC),604,Four Oaks South Johnston (NC)
Franklin (NC),719,Franklin (NC)
Franklinton (NC),642,Franklinton (NC)
Franklinville Providence Grove (NC),199,Franklinville Providence Grove (NC)
Fuquay-Varina (NC),684,Fuquay-Varina (NC)
Fuquay Varina Willow Spring (NC),19,Fuquay-Varina Willow Spring (NC)
Garner Magnet (NC),728,Garner Magnet (NC)
Gaston KIPP Pride (NC),182,Gaston KIPP Pride (NC)
Gaston Northampton-West (NC),294,Gaston Northampton-West (NC)
Gaston Northampton West (NC),1,Gaston Northampton-West (NC)
GastoniaAshbrook (NC),646,Gastonia Ashbrook (NC)
Gastonia Ashbrook (NC),9,Gastonia Ashbrook (NC)
Gastonia Ashley (NC),102,Gastonia Ashley (NC)
Gastonia Forestview (NC),318,Gastonia Forestview (NC)
Gastonia Highland Tech (NC),237,Gastonia Highland Tech (NC)
Gastonia Highland (NC),2,Gastonia Highland Tech (NC)
Gastonia Huss (NC),676,Gastonia Huss (NC)
Gastonia Mount Zion (NC),10,Gastonia Mt. Zion (NC)
Gatesville Gates County (NC),665,Gatesville Gates County (NC)
Gibsonville Eastern Guilford (NC),569,Gibsonville Eastern Guilford (NC)
Goldsboro (NC),791,Goldsboro (NC)
Goldsboro Eastern Wayne (NC),591,Goldsboro Eastern Wayne (NC)
Goldsboro Rosewood (NC),599,Goldsboro Rosewood (NC)
Graham (NC),696,Graham (NC)
Graham Southern Alamance (NC),695,Graham Southern Alamance (NC)
Granite Falls (NC),118,Granite Falls (NC)
Greensboro (NC),179,Greensboro (NC)
Greensboro Ben L. Smith (NC),634,Greensboro Ben L. Smith (NC)
Greensboro Ben L (NC),17,Greensboro Ben L. Smith (NC)
Greensboro Dudley (NC),774,Greensboro Dudley (NC)
Greensboro Grimsley (NC),754,Greensboro Grimsley (NC)
Greensboro Northern Guilford (NC),223,Greensboro Northern Guilford (NC)
Greensboro Northwest Guilford (NC),680,Greensboro Northwest Guilford (NC)
Greensboro Page (NC),827,Greensboro Page (NC)
Greensboro Southeast Guilford (NC),694,Greensboro Southeast Guilford (NC)
Greensboro Southern Guilford (NC),611,Greensboro Southern Guilford (NC)
Greensboro Western Guilford (NC),625,Greensboro Western Guilford (NC)
Greenville D.H. Conley (NC),576,Greenville D.H. Conley (NC)
Greenville Dh Conley (NC),20,Greenville D.H. Conley (NC)
Greenville J.H. Rose (NC),796,Greenville J.H. Rose (NC)
Greenville Jh Rose (NC),22,Greenville J.H. Rose (NC)
Greenville John Paul II Catholic (NC),34,Greenville John Paul II Catholic (NC)
Greenville John Paul (NC),21,Greenville John Paul II Catholic (NC)
Hallsboro (NC),171,Hallsboro (NC)
Hampstead Topsail (NC),445,Hampstead Topsail (NC)
Harrells Christian Academy (NC),278,Harrells Christian Academy (NC)
Harrisburg Hickory Ridge (NC),223,Harrisburg Hickory Ridge (NC)
Havelock (NC),752,Havelock (NC)
Hayesville (NC),699,Hayesville (NC)
Hays North Wilkes (NC),587,Hays North Wilkes (NC)
Henderson (NC),118,Henderson (NC)
Henderson Northern Vance (NC),300,Henderson Northern Vance (NC)
Henderson Southern Vance (NC),318,Henderson Southern Vance (NC)
Henderson Vance County (NC),260,Henderson Vance County (NC)
Henderson Vance (NC),1,Henderson Vance County (NC)
Hendersonville (NC),764,Hendersonville (NC)
Hendersonville North Henderson (NC),345,Hendersonville North Henderson (NC)
Hendersonville West Henderson (NC),689,Hendersonville West Henderson (NC)
Hertford Perquimans (NC),695,Hertford Perquimans (NC)
Hickory (NC),762,Hickory (NC)
Hickory Christian (NC),2,Hickory Christian Academy (NC)
Hickory Christian Academy (NC),2,Hickory Christian Academy (NC)
Hickory St. Stephens (NC),654,Hickory St. Stephens (NC)
Hickory Saint Stephens (NC),30,Hickory St. Stephens (NC)
Hickory St. St. ephens (NC),19,Hickory St. Stephens (NC)
High Point Allen Jay (NC),135,High Point Allen Jay (NC)
High PointCentral (NC),934,High Point Central (NC)
High Point Central (NC),9,High Point Central (NC)
High Point Christian Academy (NC),151,High Point Christian Academy (NC)
High Point Christian (NC),18,High Point Christian Academy (NC)
High Point Southwest Guilford (NC),497,High Point Southwest Guilford (NC)
High Point T. Wingate Andrews (NC),666,High Point T. Wingate Andrews (NC)
High Point T Wingate (NC),19,High Point T. Wingate Andrews (NC)
Hillsborough Cedar Ridge (NC),233,Hillsborough Cedar Ridge (NC)
Hillsborough Orange (NC),677,Hillsborough Orange (NC)
Hobgood Academy (NC),157,Hobgood Academy (NC)
Holly Ridge Dixon (NC),617,Holly Ridge Dixon (NC)
Holly Springs (NC),206,Holly Springs (NC)
Hope Mills Gray's Creek (NC),241,Hope Mills Gray's Creek (NC)
Hope Mills Grays Creek (NC),20,Hope Mills Gray's Creek (NC)
Hope Mills South View (NC),603,Hope Mills South View (NC)
Hudson South Caldwell (NC),532,Hudson South Caldwell (NC)
Huntersville Christ the King (NC),61,Huntersville Christ the King (NC)
Huntersville Christ The (NC),19,Huntersville Christ the King (NC)
Huntersville Hopewell (NC),271,Huntersville Hopewell (NC)
Huntersville Lake Norman Charter (NC),143,Huntersville Lake Norman Charter (NC)
Huntersville North Mecklenburg (NC),711,Huntersville North Mecklenburg (NC)
Huntersville South Lake Christian Academy (NC),191,Huntersville South Lake Christian Academy (NC)
Huntersville SouthLake Christian Academy (NC),21,Huntersville South Lake Christian Academy (NC)
Indian Trail Metrolina Christian Academy (NC),157,Indian Trail Metrolina Christian Academy (NC)
Indian Trail Porter Ridge (NC),252,Indian Trail Porter Ridge (NC)
Jacksonville (NC),756,Jacksonville (NC)
Jacksonville Northside (NC),283,Jacksonville Northside (NC)
Jacksonville Northside Jacksonville (NC),19,Jacksonville Northside (NC)
Jacksonville Southwest Onslow (NC),609,Jacksonville Southwest Onslow (NC)
Jacksonville White Oak (NC),586,Jacksonville White Oak (NC)
Jamestown Ragsdale (NC),730,Jamestown Ragsdale (NC)
Jamesville (NC),253,Jamesville (NC)
Jefferson Ashe Central (NC),225,Jefferson Ashe Central (NC)
Kannapolis A.L. Brown (NC),812,Kannapolis A.L. Brown (NC)
Kannapolis Al (NC),19,Kannapolis A.L. Brown (NC)
Kannapolis Cabarrus Stallions (NC),39,Kannapolis Cabarrus Stallions (NC)
Kannapolis Cabarrus St. allions (NC),15,Kannapolis Cabarrus Stallions (NC)
Kenly North Johnston (NC),604,Kenly North Johnston (NC)
Kernersville Bishop McGuinness (NC),258,Kernersville Bishop McGuinness (NC)
Kernersville East Forsyth (NC),765,Kernersville East Forsyth (NC)
Kernersville Glenn (NC),452,Kernersville Glenn (NC)
Kill Devil Hills First Flight (NC),231,Kill Devil Hills First Flight (NC)
King West Stokes (NC),321,King West Stokes (NC)
Kings Mountain (NC),751,Kings Mountain (NC)
Kinston (NC),652,Kinston (NC)
Kinston Arendell Parrott Academy (NC),226,Kinston Arendell Parrott Academy (NC)
Kinston Arendell Parrott (NC),21,Kinston Arendell Parrott Academy (NC)
Kinston Grainger (NC),85,Kinston Jesse W. Grainger (NC)
Kinston Jesse W. Grainger (NC),9,Kinston Jesse W. Grainger (NC)
Knightdale (NC),229,Knightdale (NC)
LaGrange North Lenoir (NC),626,LaGrange North Lenoir (NC)
Lake Waccamaw East Columbus (NC),356,Lake Waccamaw East Columbus (NC)
Lasker Northeast Academy (NC),152,Lasker Northeast Academy (NC)
Laurinburg (NC),28,Laurinburg (NC)
Laurinberg (NC),1,Laurinburg (NC)
Laurinburg Scotland (NC),677,Laurinburg Scotland (NC)
Lawndale Burns (NC),661,Lawndale Burns (NC)
Lees McRae JC (NC),1,Lees-McRae Junior College (NC)
Lees-McRae College (NC),1,Lees-McRae Junior College (NC)
Lees-McRae JC (NC),1,Lees-McRae Junior College (NC)
Leland North Brunswick (NC),567,Leland North Brunswick (NC)
Lenoir (NC),114,Lenoir (NC)
Lenoir Gamewell-Collettsville (NC),123,Lenoir Gamewell-Collettsville (NC)
Lenoir Hibriten (NC),658,Lenoir Hibriten (NC)
Lenoir West Caldwell (NC),527,Lenoir West Caldwell (NC)
Lewisville Forsyth Country Day (NC),112,Lewisville Forsyth Country Day (NC)
Lexington (NC),765,Lexington (NC)
Lexington Central Davidson (NC),691,Lexington Central Davidson (NC)
Lexington North Davidson (NC),732,Lexington North Davidson (NC)
Lexington West Davidson (NC),682,Lexington West Davidson (NC)
Lillington Western Harnett (NC),508,Lillington Western Harnett (NC)
Lincolnton (NC),781,Lincolnton (NC)
Lincolnton North Lincoln (NC),112,Lincolnton North Lincoln (NC)
Lincolnton West Lincoln (NC),673,Lincolnton West Lincoln (NC)
Littleton Northwest Halifax (NC),562,Littleton Northwest Halifax (NC)
Louisburg (NC),647,Louisburg (NC)
Lumberton (NC),688,Lumberton (NC)
Lumberton Littlefield (NC),112,Lumberton Littlefield (NC)
Madison-Mayodan (NC),245,Madison-Mayodan (NC)
Maiden (NC),776,Maiden (NC)
Manteo (NC),632,Manteo (NC)
Marion McDowell (NC),572,Marion McDowell (NC)
Marshall Madison (NC),555,Marshall Madison (NC)
Marshville Forest Hills (NC),744,Marshville Forest Hills (NC)
Matthews David W. Butler (NC),340,Matthews David W. Butler (NC)
Matthews David W (NC),19,Matthews David W. Butler (NC)
Matthews Weddington (NC),321,Matthews Weddington (NC)
Mayodan McMichael (NC),388,Mayodan McMichael (NC)
McLeansville Northeast Guilford (NC),700,McLeansville Northeast Guilford (NC)
Mebane Eastern Alamance (NC),730,Mebane Eastern Alamance (NC)
Merry Hill Lawrence Academy (NC),156,Merry Hill Lawrence Academy (NC)
Millers Creek West Wilkes (NC),674,Millers Creek West Wilkes (NC)
Mineral Springs (NC),1,Mineral Springs (NC)
Minerial Springs (NC),1,Mineral Springs (NC)
Mint Hill Rocky River (NC),168,Mint Hill Rocky River (NC)
Mocksville Davie (NC),728,Mocksville Davie (NC)
Monroe (NC),776,Monroe (NC)
Monroe Central Academy of Technology and Arts (NC),127,Monroe Central Academy of Technology and Arts (NC)
Monroe Parkwood (NC),645,Monroe Parkwood (NC)
Monroe Parkwood Wolf (NC),19,Monroe Parkwood (NC)
Monroe Piedmont (NC),668,Monroe Piedmont (NC)
Monroe Sun Valley (NC),679,Monroe Sun Valley (NC)
Monroe Union Academy (NC),188,Monroe Union Academy (NC)
Mooresboro Thomas Jefferson Classical Academy (NC),181,Mooresboro Thomas Jefferson Classical Academy (NC)
Mooresboro Thomas Jefferson Academy (NC),19,Mooresboro Thomas Jefferson Classical Academy (NC)
Mooresville (NC),756,Mooresville (NC)
Mooresville Lake Norman (NC),268,Mooresville Lake Norman (NC)
Mooresville Lake Norman Charter (NC),17,Mooresville Lake Norman (NC)
Mooresville Lake Norman Chargers (NC),6,Mooresville Lake Norman (NC)
Mooresville Pine Lake Prep (NC),123,Mooresville Pine Lake Prep (NC)
Mooresville Pine Lake (NC),17,Mooresville Pine Lake Prep (NC)
Morehead City West Carteret (NC),654,Morehead City West Carteret (NC)
Morehead City (NC),3,Morehead City West Carteret (NC)
Morganton Freedom (NC),587,Morganton Freedom (NC)
Morganton Hickory Hawks (NC),125,Morganton Hickory Hawks (NC)
Morganton Patton (NC),182,Morganton Patton (NC)
Mount Airy (NC),823,Mount Airy (NC)
Mt. Airy North Surry (NC),670,Mount Airy North Surry (NC)
Mount Airy North Surry (NC),94,Mount Airy North Surry (NC)
Mt. Gilead West Montgomery (NC),663,Mount Gilead West Montgomery (NC)
Mount Gilead West Montgomery (NC),11,Mount Gilead West Montgomery (NC)
Mount Holly (NC),64,Mount Holly (NC)
Mt. Holly (NC),2,Mount Holly (NC)
Mt. Holly East Gaston (NC),557,Mount Holly East Gaston (NC)
Mount Holly East Gaston (NC),19,Mount Holly East Gaston (NC)
Mt. Holly Mountain Island Charter (NC),85,Mount Holly Mountain Island (NC)
Mount Holly Mountain Island (NC),20,Mount Holly Mountain Island (NC)
Mount Pleasant (NC),717,Mount Pleasant (NC)
Mount Ulla West Rowan (NC),742,Mount Ulla West Rowan (NC)
Murfreesboro (NC),144,Murfreesboro (NC)
Murphy (NC),818,Murphy (NC)
Nashville Nash Central (NC),258,Nashville Nash Central (NC)
New Bern (NC),763,New Bern (NC)
New London North Stanly (NC),663,New London North Stanly (NC)
Newland Avery County (NC),633,Newland Avery County (NC)
Newport Croatan (NC),299,Newport Croatan (NC)
Newton Foard (NC),686,Newton Foard (NC)
Newton Grove Hobbton (NC),673,Newton Grove Hobbton (NC)
Newton-Conover (NC),720,Newton-Conover (NC)
Newton Conover (NC),18,Newton-Conover (NC)
Norlina (NC),113,Norlina (NC)
North Carolina School for the Deaf (NC),179,North Carolina School for the Deaf (NC)
North Carolina for the Deaf (NC),14,North Carolina School for the Deaf (NC)
North Carolina School for Deaf (NC),5,North Carolina School for the Deaf (NC)
Western North Carolina School For The Deaf (NC),3,North Carolina School For The Deaf (NC)
Northside - Pinetown (NC),400,Northside - Pinetown (NC)
Norwood South Stanly (NC),702,Norwood South Stanly (NC)
Oak Ridge Military Academy (NC),37,Oak Ridge Military Academy (NC)
Oak Ridge Military (NC),3,Oak Ridge Military Academy (NC)
Oakboro West Stanly (NC),663,Oakboro West Stanly (NC)
Olin North Iredell (NC),632,Olin North Iredell (NC)
Oxford J.F. Webb (NC),649,Oxford J.F. Webb (NC)
Oxford Jf Webb (NC),18,Oxford J.F. Webb (NC)
OxfordOrphanage (NC),16,Oxford Orphanage (NC)
Oxford Orphanage (NC),9,Oxford Orphanage (NC)
Pembroke (NC),100,Pembroke (NC)
Pembroke Purnell Swett (NC),455,Pembroke Purnell Swett (NC)
Pfafftown Ronald Reagan (NC),231,Pfafftown Ronald Reagan (NC)
Pikeville C.B. Aycock (NC),637,Pikeville C.B. Aycock (NC)
Pikeville Cb Aycock (NC),20,Pikeville C.B. Aycock (NC)
Pilot Mountain East Surry (NC),735,Pilot Mountain East Surry (NC)
Pinetops Southwest Edgecombe (NC),549,Pinetops Southwest Edgecombe (NC)
Pittsboro Northwood (NC),598,Pittsboro Northwood (NC)
Plymouth (NC),647,Plymouth (NC)
Princeton (NC),580,Princeton (NC)
Raeford Hoke County (NC),692,Raeford Hoke County (NC)
Raleigh Athens Drive (NC),497,Raleigh Athens Drive (NC)
Raleigh Broughton (NC),942,Raleigh Broughton (NC)
Raleigh Cardinal Gibbons (NC),320,Raleigh Cardinal Gibbons (NC)
Raleigh Enloe (NC),659,Raleigh Enloe (NC)
Raleigh Leesville Road (NC),376,Raleigh Leesville Road (NC)
Raleigh Millbrook (NC),746,Raleigh Millbrook (NC)
Raleigh North Raleigh Christian Academy (NC),202,Raleigh North Raleigh Christian Academy (NC)
Raleigh North Raleigh (NC),18,Raleigh North Raleigh Christian Academy (NC)
Raleigh Ravenscroft (NC),310,Raleigh Ravenscroft (NC)
Raleigh Sanderson (NC),602,Raleigh Sanderson (NC)
Raleigh St. David's (NC),178,Raleigh St. David's (NC)
Raleigh St. Davids (NC),18,Raleigh St. David's (NC)
Raleigh Saint David's (NC),9,Raleigh St. David's (NC)
Raleigh Wake Christian Academy (NC),331,Raleigh Wake Christian Academy (NC)
Raleigh Wakefield (NC),280,Raleigh Wakefield (NC)
Raleigh Word of God Christian Academy (NC),141,Raleigh Word of God Christian Academy (NC)
Ramseur Eastern Randolph (NC),668,Ramseur Eastern Randolph (NC)
Randleman (NC),715,Randleman (NC)
Red Springs (NC),705,Red Springs (NC)
Reidsville (NC),918,Reidsville (NC)
Rich Square Creecy (NC),16,Rich Square W.S. Creecy (NC)
Rich Square W.S. Creecy (NC),1,Rich Square W.S. Creecy (NC)
Richlands (NC),684,Richlands (NC)
Richlands Liberty Christian (NC),15,Richlands Liberty Christian Academy (NC)
Richlands Liberty Christian Academy (NC),2,Richlands Liberty Christian Academy (NC)
Roanoke Rapids (NC),738,Roanoke Rapids (NC)
Roanoke Rapids Halifax Academy (NC),223,Roanoke Rapids Halifax Academy (NC)
Robbins North Moore (NC),642,Robbins North Moore (NC)
Robbinsville (NC),784,Robbinsville (NC)
Robersonville Roanoke (NC),396,Robersonville Roanoke (NC)
Robersonville South Creek (NC),150,Robersonville South Creek (NC)
Rockingham Richmond (NC),681,Rockingham Richmond (NC)
Rocky Mount (NC),944,Rocky Mount (NC)
RockyMount Senior (NC),70,Rocky Mount (NC)
Rocky Mount Academy (NC),201,Rocky Mount Academy (NC)
Rocky Mount Northern Nash (NC),640,Rocky Mount Northern Nash (NC)
Rocky Mount Prep (NC),127,Rocky Mount Prep (NC)
Rocky Point Heide Trask (NC),258,Rocky Point Heide Trask (NC)
Rolesville (NC),150,Rolesville (NC)
Ronda East Wilkes (NC),616,Ronda East Wilkes (NC)
Rose Hill Union (NC),235,Rose Hill Union (NC)
Roseboro Lakewood (NC),263,Roseboro Lakewood (NC)
Rosman (NC),694,Rosman (NC)
Rowland South Robeson (NC),424,Rowland South Robeson (NC)
Roxboro (NC),105,Roxboro (NC)
Roxboro Bethel Hill Charter (NC),5,Roxboro Bethel Hill Charter (NC)
Roxboro Bethel Hill (NC),1,Roxboro Bethel Hill Charter (NC)
Roxboro Person (NC),630,Roxboro Person (NC)
Roxboro Person County (NC),5,Roxboro Person (NC)
Rutherfordton-Spindale Central (NC),648,Rutherfordton-Spindale Central (NC)
Rutherfordton R S (NC),19,Rutherfordton-Spindale Central (NC)
Rutherfordton R-S Central (NC),19,Rutherfordton-Spindale Central (NC)
St. Pauls (NC),664,Saint Pauls (NC)
Salemburg Lakewood (NC),328,Salemburg Lakewood (NC)
Salisbury Boyden (NC),787,Salisbury Boyden (NC)
Salisbury East Rowan (NC),707,Salisbury East Rowan (NC)
Sanford Central (NC),143,Sanford Central (NC)
Sanford Lee County (NC),562,Sanford Lee County (NC)
Sanford Southern Lee (NC),217,Sanford Southern Lee (NC)
Scotland Neck (NC),119,Scotland Neck (NC)
Seven Springs Spring Creek (NC),259,Seven Springs Spring Creek (NC)
Shallotte West Brunswick (NC),600,Shallotte West Brunswick (NC)
Shelby (NC),937,Shelby (NC)
Shelby Crest (NC),718,Shelby Crest (NC)
Siler City Jordan-Matthews (NC),698,Siler City Jordan-Matthews (NC)
Siler City Jordan Matthews (NC),19,Siler City Jordan-Matthews (NC)
Smithfield-Selma (NC),593,Smithfield-Selma (NC)
Smithfield Selma (NC),19,Smithfield-Selma (NC)
Snow Hill Greene Central (NC),676,Snow Hill Greene Central (NC)
Southeast Halifax (NC),469,Southeast Halifax (NC)
Southeast Raleigh (NC),319,Southeast Raleigh (NC)
Southern Pines Pinecrest (NC),613,Southern Pines Pinecrest (NC)
Southport South Brunswick (NC),558,Southport South Brunswick (NC)
Sparta Alleghany (NC),642,Sparta Alleghany (NC)
Spencer North Rowan (NC),754,Spencer North Rowan (NC)
Spring Lake Overhills (NC),227,Spring Lake Overhills (NC)
Spruce Pine Harris (NC),23,Spruce Pine Harris (NC)
Spruce Pine (NC),5,Spruce Pine Harris (NC)
Statesville (NC),765,Statesville (NC)
Statesville South Iredell (NC),653,Statesville South Iredell (NC)
Statesville West Iredell (NC),551,Statesville West Iredell (NC)
Stem Granville Central (NC),167,Stem Granville Central (NC)
Stoneville (NC),145,Stoneville (NC)
Swan Quarter Mattamuskeet (NC),434,Swan Quarter Mattamuskeet (NC)
Swannanoa Asheville Christian (NC),13,Swannanoa Asheville Christian Academy (NC)
SwannanoaAsheville Christian Academy (NC),10,Swannanoa Asheville Christian Academy (NC)
Swannanoa Asheville Christian Academy (NC),7,Swannanoa Asheville Christian Academy (NC)
Swansboro (NC),658,Swansboro (NC)
Sylva Smoky Mountain (NC),416,Sylva Smoky Mountain (NC)
Sylva-Webster (NC),277,Sylva-Webster (NC)
Tabor City (NC),207,Tabor City (NC)
Tabor City South Columbus (NC),400,Tabor City South Columbus (NC)
Tar Heel (NC),165,Tar Heel (NC)
Tarboro (NC),810,Tarboro (NC)
Tarboro North Edgecombe (NC),592,Tarboro North Edgecombe (NC)
Taylorsville Alexander Central (NC),603,Taylorsville Alexander Central (NC)
Teachey Wallace-Rose Hill (NC),752,Teachey Wallace-Rose Hill (NC)
Teachey Wallace Rose (NC),21,Teachey Wallace-Rose Hill (NC)
Thomasville (NC),801,Thomasville (NC)
Thomasville East Davidson (NC),665,Thomasville East Davidson (NC)
Thomasville Ledford (NC),707,Thomasville Ledford (NC)
Trenton Jones (NC),646,Trenton Jones (NC)
Trenton Jones Senior (NC),16,Trenton Jones (NC)
Trinity (NC),676,Trinity (NC)
Trinity Wheatmore (NC),178,Trinity Wheatmore (NC)
Tryon (NC),155,Tryon (NC)
Valdese Draughn (NC),189,Valdese Draughn (NC)
Vanceboro West Craven (NC),611,Vanceboro West Craven (NC)
Wadesboro Anson (NC),695,Wadesboro Anson (NC)
Wake Forest Heritage (NC),170,Wake Forest Heritage (NC)
Wake Forest North Wake Saints (NC),37,Wake Forest North Wake (NC)
Wake Forest North Wake (NC),18,Wake Forest North Wake (NC)
Wake Forest Wake Prep (NC),17,Wake Forest Wake Prep (NC)
Wake Forest Wake Prep Academy (NC),4,Wake Forest Wake Prep (NC)
Wake Forest-Rolesville (NC),658,Wake Forest-Rolesville (NC)
Walkertown (NC),153,Walkertown (NC)
Walnut Cove South Stokes (NC),650,Walnut Cove South Stokes (NC)
Warrensville Northwest Ashe (NC),171,Warrensville Northwest Ashe (NC)
Warrenton Warren County (NC),489,Warrenton Warren County (NC)
Warsaw James Kenan (NC),745,Warsaw James Kenan (NC)
Warsaw Keenan (NC),3,Warsaw James Kenan (NC)
Washington (NC),708,Washington (NC)
Waxhaw Cuthbertson (NC),192,Waxhaw Cuthbertson (NC)
Waxhaw Marvin Ridge (NC),212,Waxhaw Marvin Ridge (NC)
Waynesville Tuscola (NC),669,Waynesville Tuscola (NC)
Weaverville North Buncombe (NC),682,Weaverville North Buncombe (NC)
Weldon (NC),658,Weldon (NC)
Wendell Corinth Holders (NC),159,Wendell Corinth Holders (NC)
Wendell East Wake (NC),526,Wendell East Wake (NC)
Wentworth Rockingham County (NC),513,Wentworth Rockingham County (NC)
West Charlotte (NC),773,West Charlotte (NC)
West Jefferson Ashe County (NC),308,West Jefferson Ashe County (NC)
West Jefferson Beaver Creek (NC),228,West Jefferson Beaver Creek (NC)
Whiteville (NC),749,Whiteville (NC)
Wilkesboro Wilkes Central (NC),696,Wilkesboro Wilkes Central (NC)
Williamston (NC),443,Williamston (NC)
Williamston Bear Grass Charter School (NC),68,Williamston Bear Grass Charter School (NC)
Williamston Bear Grass (NC),17,Williamston Bear Grass Charter School (NC)
Williamston Riverside (NC),157,Williamston Riverside (NC)
Wilmington Ashley (NC),236,Wilmington Ashley (NC)
Wilmington E.A. Laney (NC),514,Wilmington E.A. Laney (NC)
Wilmington Ea Laney (NC),19,Wilmington E.A. Laney (NC)
Wilmington Hoggard (NC),654,Wilmington Hoggard (NC)
Wilmington New Hanover (NC),894,Wilmington New Hanover (NC)
Wilson Beddingfield (NC),528,Wilson Beddingfield (NC)
Wilson Darden (NC),17,Wilson Charles H. Darden (NC)
Wilson Charles H. Darden (NC),1,Wilson Charles H. Darden (NC)
Wilson Coon (NC),171,Wilson Coon (NC)
Wilson Fike (NC),724,Wilson Fike (NC)
Wilson Hunt (NC),546,Wilson James B. Hunt (NC)
Wilson James B. Hunt (NC),1,Wilson James B. Hunt (NC)
Windsor Bertie (NC),684,Windsor Bertie (NC)
Winston Salem Griffith (NC),13,Winston=Salem Griffith (NC)
Winston Salem Winston Salem (NC),15,Winston-Salem (NC)
Winston-Salem Albert H. Anderson (NC),8,Winston-Salem Albert H. Anderson (NC)
Winston-Salem Anderson (NC),2,Winston-Salem Albert H. Anderson (NC)
Winston-Salem Atkins (NC),275,Winston-Salem Atkins (NC)
Winston-Salem Carver (NC),544,Winston-Salem Carver (NC)
Winston Salem Carver (NC),11,Winston-Salem Carver (NC)
Winston-Salem Children's Home (NC),59,Winston-Salem Children's Home (NC)
Winston-Salem Childrens Home (NC),1,Winston-Salem Children's Home (NC)
Winston Salem Edgewood Christian (NC),15,Winston-Salem Edgewood Christian (NC)
Winston Salem Hanes (NC),9,Winston-Salem Hanes (NC)
Winston-Salem Gray (NC),51,Winston-Salem James A. Gray (NC)
Winston Salem Gray (NC),14,Winston-Salem James A. Gray (NC)
Winston-Salem James A. Gray (NC),3,Winston-Salem James A. Gray (NC)
Winston Salem Mineral Springs (NC),10,Winston-Salem Mineral Springs (NC)
Winston-Salem Mount Tabor (NC),554,Winston-Salem Mt. Tabor (NC)
Winston-Salem North Forsyth (NC),678,Winston-Salem North Forsyth (NC)
Winston Salem Northwest Forsyth (NC),1,Winston-Salem Northwest Forsyth (NC)
Winston Salem Oak Grove (NC),20,Winston-Salem Oak Grove (NC)
Winston Salem Old Town (NC),2,Winston-Salem Old Town (NC)
Winston Salem Paisley (NC),5,Winston-Salem Paisley (NC)
Winston-Salem Parkland (NC),664,Winston-Salem Parkland (NC)
Winston-Salem Prep (NC),44,Winston-Salem Prep (NC)
Winston-Salem Preparatory Academy (NC),41,Winston-Salem Prep (NC)
Winston-Salem Preparatory AcademyWinston-Salem (NC),8,Winston-Salem Prep (NC)
Winston-Salem R.J. Reynolds (NC),784,Winston-Salem R.J. Reynolds (NC)
Winston Salem Rj Reynolds (NC),19,Winston-Salem R.J. Reynolds (NC)
Winterville South Central (NC),232,Winterville South Central (NC)
Yanceyville Bartlett Yancey (NC),638,Yanceyville Bartlett Yancey (NC)
Zebulon (NC),148,Zebulon (NC)
