Alias_Name,GameCount,Standardized_Name
Alexander (ND),155,Alexander (ND)
Arthur Dakota (ND),206,Arthur Dakota (ND)
Ashley (ND),147,Ashley (ND)
Beach (ND),488,Beach (ND)
Belcourt Turtle Mountain (ND),464,Belcourt Turtle Mountain (ND)
Berthold (ND),325,Berthold (ND)
Berthold Lewis & Clark [Berthold-Our Redeemer's Christian-North Shore] (ND),4,Berthold Lewis & Clark [Berthold-Our Redeemer's Christian-North Shore] (ND)
Berthold Lewis And (ND),17,Berthold Lewis & Clark [Berthold-Our Redeemer's Christian-North Shore] (ND)
Berthold Our Redeemer's Christian-North Shore (ND),74,Berthold Lewis & Clark [Berthold-Our Redeemer's Christian-North Shore] (ND)
Berthold-Our Redeemer's Christian (ND),9,Berthold Lewis & Clark [Berthold-Our Redeemer's Christian-North Shore] (ND)
Berthold-Our Redeemer's Christian-North (ND),59,Berthold Lewis & Clark [Berthold-Our Redeemer's Christian-North Shore] (ND)
Beulah (ND),528,Beulah (ND)
Bismarck (ND),1095,Bismarck (ND)
Bismarck Century (ND),569,Bismarck Century (ND)
Bismarck Shiloh Christian (ND),256,Bismarck Shiloh Christian (ND)
Bismarck Saint Mary's Central (ND),27,Bismarck St. Mary's Central (ND)
Bismarck St. Marys (ND),18,Bismarck St. Mary's Central (ND)
Bismarck St. Mary's Central (ND),872,Bismarck St. Mary's Central (ND)
Bottineau (ND),509,Bottineau (ND)
Bowman (ND),257,Bowman (ND)
Bowman County co-op [Bowman-Rhame-Scranton] (ND),124,Bowman County co-op [Bowman-Rhame-Scranton] (ND)
Bowman County co-op [Bowman-Scranton] (ND),105,Bowman County co-op [Bowman-Scranton] (ND)
Bristol Filton College (nd),1,Bristol Filton College (ND)
Buxton Central Valley (ND),367,Buxton Central Valley (ND)
Buxton Hillsboro Central (ND),18,Buxton Hillsboro-Central Valley (ND)
Buxton Hillsboro-Central Valley (ND),110,Buxton Hillsboro-Central Valley (ND)
Cando (ND),267,Cando (ND)
Cando North Star-Starkweather (ND),149,Cando North Star-Starkweather (ND)
Carrington Old HS (ND),428,Carrington Old HS (ND)
Carrington-Pingree-Buchanan-Kensal-Sykeston (ND),120,Carrington-Pingree-Buchanan-Kensal-Sykeston (ND)
Carson (ND),226,Carson (ND)
Casselton Central Cass (ND),525,Casselton Central Cass (ND)
Cavalier (ND),638,Cavalier (ND)
Center (ND),221,Center (ND)
Center-Stanton (ND),216,Center-Stanton (ND)
Central McLean [Turtle Lake-Mercer-Underwood-McClusky] (ND),87,Central McLean co-op [Underwood-Turtle Lake-Mercer] (ND)
Central McLean co-op [Underwood-Turtle Lake-Mercer] (ND),31,Central McLean co-op [Underwood-Turtle Lake-Mercer] (ND)
Colfax Richland (ND),386,Colfax Richland (ND)
Cooperstown (ND),139,Cooperstown (ND)
Cooperstown Griggs County (ND),17,Cooperstown Griggs County (ND)
Cooperstown Griggs County Central (ND),250,Cooperstown Griggs County (ND)
Cooperstown Griggs County Central-Finley-Sharon-Midkota (ND),17,Cooperstown Griggs County (ND)
Cooperstown Griggs County Central-Midkota (ND),27,Cooperstown Griggs County (ND)
Cooperstown Griggs-Barnes County [Griggs County Central/North Central/Wimbledon-Courtenay/Midkota] (ND),25,Cooperstown Griggs County (ND)
Cooperstown Griggs-Barnes County [Griggs County Central-North Central-Wimbledon-Courtenay] (ND),57,Cooperstown Griggs County (ND)
Crosby Divide County (ND),553,Crosby Divide County (ND)
Des Lacs-Burlington (ND),479,Des Lacs-Burlington (ND)
Devils Lake (ND),584,Devils Lake (ND)
Dickinson (ND),905,Dickinson (ND)
Dickinson Trinity Old HS (ND),214,Dickinson Trinity Old HS (ND)
Dickinson Trinity-New England (ND),505,Dickinson Trinity-New England (ND)
Drake (ND),274,Drake (ND)
Drake-Anamoose (ND),229,Drake-Anamoose (ND)
Drayton (ND),131,Drayton (ND)
Dunseith (ND),409,Dunseith (ND)
Edgeley (ND),350,Edgeley (ND)
Edinburg (ND),309,Edinburg (ND)
Elgin (ND),159,Elgin (ND)
Elgin Grant County (ND),124,Elgin Grant County (ND)
Ellendale (ND),440,Ellendale (ND)
Ellendale-Edgeley-Kulm (ND),104,Ellendale-Edgeley-Kulm (ND)
Enderlin (ND),404,Enderlin (ND)
Fairmount (ND),171,Fairmount (ND)
Fargo Central (ND),326,Fargo Central (ND)
Fargo Davies (ND),173,Fargo Davies (ND)
Fargo North (ND),601,Fargo North (ND)
Fargo Oak Grove Lutheran (ND),473,Fargo Oak Grove Lutheran (ND)
Fargo Shanley (ND),633,Fargo Shanley (ND)
Fargo South (ND),617,Fargo South (ND)
Fessenden (ND),190,Fessenden (ND)
Fessenden-Bowdon (ND),137,Fessenden-Bowdon (ND)
Finley-Sharon (ND),128,Finley-Sharon (ND)
Finley-Sharon-Hope-Page (ND),130,Finley-Sharon-Hope-Page (ND)
Forman Sargent Central (ND),423,Forman Sargent Central (ND)
Fort Totten Four Winds-Warwick (ND),189,Fort Totten Four Winds-Warwick (ND)
Fort Yates Standing Rock (ND),345,Fort Yates Standing Rock (ND)
Fort Yates Standing Rock-Selfridge (ND),110,Fort Yates Standing Rock-Selfridge (ND)
Garrison (ND),345,Garrison (ND)
Garrison-Max (ND),138,Garrison-Max (ND)
Glen Ullin (ND),208,Glen Ullin (ND)
Glenburn (ND),243,Glenburn (ND)
Grafton (ND),513,Grafton (ND)
Grand Forks Central (ND),819,Grand Forks Central (ND)
Grand Forks Red River (ND),590,Grand Forks Red River (ND)
Grand Forks-Red River (ND),1,Grand Forks Red River (ND)
Grant County co-op [Carson-Elgin-New Leipzig] (ND),28,Grant County co-op [Carson-Elgin-New Leipzig]-Flasher (ND)
Grant County co-op [Carson-Elgin-New Leipzig]-Flasher (ND),72,Grant County co-op [Carson-Elgin-New Leipzig]-Flasher (ND)
Grenora (ND),183,Grenora (ND)
Gwinner Milnor-North Sargent (ND),157,Gwinner Milnor-North Sargent (ND)
Gwinner North Sargent (ND),128,Gwinner North Sargent (ND)
Hankinson (ND),511,Hankinson (ND)
Harvey (ND),458,Harvey (ND)
Harvey-Fessenden-Bowdon (ND),116,Harvey-Fessenden-Bowdon (ND)
Hatton (ND),225,Hatton (ND)
Hatton-Northwood (ND),162,Hatton-Northwood (ND)
Hazen (ND),582,Hazen (ND)
Heart River co-op [Belfield-South Heart] (ND),448,Heart River co-op [Belfield-South Heart] (ND)
Hettinger (ND),392,Hettinger (ND)
Hettinger Scranton (ND),19,Hettinger-Scranton (ND)
Hettinger-Scranton (ND),120,Hettinger-Scranton (ND)
Hillsboro (ND),428,Hillsboro (ND)
Hoople Valley (ND),315,Hoople Valley (ND)
Hope (ND),119,Hope (ND)
Hope-Page (ND),156,Hope-Page (ND)
Hunter Northern Cass (ND),324,Hunter Northern Cass (ND)
Inkster Midway (ND),364,Inkster Midway (ND)
Inkster Midway Minto (ND),17,Inkster Midway-Minto (ND)
Inkster Midway-Mint (ND),7,Inkster Midway-Minto (ND)
Inkster Midway-Minto (ND),96,Inkster Midway-Minto (ND)
Jamestown-Medina-Montpelier (ND),798,Jamestown-Medina-Montpelier (ND)
Kenmare (ND),374,Kenmare (ND)
Kenmare-Bowbells-Burke Central (ND),171,Kenmare-Bowbells-Burke Central (ND)
Kidder County co-op [Steele-Dawson-Tappen] (ND),38,Kidder County co-op [Steele-Dawson-Tappen-Tuttle-Pettibone] (ND)
Kidder County co-op [Steele-Dawson-Tappen-Sterling] (ND),26,Kidder County co-op [Steele-Dawson-Tappen-Tuttle-Pettibone] (ND)
Kidder County co-op [Steele-Dawson-Tappen-Tuttle-Pettibone] (ND),25,Kidder County co-op [Steele-Dawson-Tappen-Tuttle-Pettibone] (ND)
Killdeer Old HS (ND),370,Killdeer Old HS (ND)
Killdeer-Halliday (ND),165,Killdeer-Halliday (ND)
Kindred (ND),512,Kindred (ND)
Kulm (ND),123,Kulm (ND)
Lakota (ND),376,Lakota (ND)
LaMoure (ND),408,LaMoure (ND)
LaMoure-Litchville-Marion (ND),164,LaMoure-Litchville-Marion (ND)
Langdon (ND),358,Langdon (ND)
Larimore (ND),508,Larimore (ND)
Leeds (ND),376,Leeds (ND)
Lidgerwood (ND),111,Lidgerwood (ND)
Lignite Burke Central (ND),199,Lignite Burke Central (ND)
Linton (ND),462,Linton (ND)
Linton-Hazelton-Moffit-Braddock (ND),186,Linton-Hazelton-Moffit-Braddock (ND)
Lisbon (ND),547,Lisbon (ND)
Maddock (ND),324,Maddock (ND)
Mandan (ND),991,Mandan (ND)
Mayville Portland (ND),18,Mayville-Portland (ND)
Mayville-Portland (ND),185,Mayville-Portland (ND)
Mayville-Portland-Clifford-Galesburg (ND),340,Mayville-Portland-Clifford-Galesburg (ND)
McClusky (ND),106,McClusky (ND)
McVille (ND),171,McVille (ND)
Milnor (ND),375,Milnor (ND)
Milnor/North Sargent/Sargent Central (ND),1,Milnor-North Sargent-Sargent Central (ND)
Milnor-North Sargent-Sargent Central (ND),39,Milnor-North Sargent-Sargent Central (ND)
Minot (ND),1023,Minot (ND)
Minot Bishop Ryan (ND),567,Minot Bishop Ryan (ND)
Minot-Dakota Memorial (ND),109,Minot-Dakota Memorial (ND)
Mohall (ND),239,Mohall (ND)
Mott (ND),206,Mott (ND)
Mott Regent (ND),17,Mott-Regent (ND)
Mott-Regent (ND),215,Mott-Regent (ND)
Napoleon-Gackle-Streeter (ND),508,Napoleon-Gackle-Streeter (ND)
New England (ND),289,New England (ND)
New England St. Mary's (ND),111,New England St. Mary's (ND)
New Rockford (ND),283,New Rockford (ND)
New Rockford-Sheyenne (ND),228,New Rockford-Sheyenne (ND)
New Salem-Almont (ND),369,New Salem-Almont (ND)
New Salem-Almont-Glen Ullin (ND),110,New Salem-Almont-Glen Ullin (ND)
New Town (ND),407,New Town (ND)
North Border co-op [Walhalla-Pembina-Neche] (ND),129,North Border co-op [Walhalla-Pembina-Neche] (ND)
North Prairie co-op [Rolette-Wolford-Rolla] (ND),64,North Prairie co-op (ND)
North Prairie co-op [Rolla-Rock Lake-Rolette-Wolford] (ND),20,North Prairie co-op (ND)
North Prairie co-op [Rolla-Rolette] (ND),8,North Prairie co-op (ND)
North Star co-op [Cando-Bisbee-Egeland] (ND),7,North Prairie co-op (ND)
North Star co-op [Cando-Bisbee-Egeland-Starkweather] (ND),1,North Prairie co-op (ND)
Northwood (ND),379,Northwood (ND)
Oakes (ND),547,Oakes (ND)
Page Public (ND),242,Page Public (ND)
Park River (ND),464,Park River (ND)
Parshall (ND),353,Parshall (ND)
Parshall-White Shield (ND),118,Parshall-White Shield (ND)
Pembina (ND),231,Pembina (ND)
Petersburg Dakota Prairie (ND),181,Petersburg Dakota Prairie (ND)
Ray (ND),184,Ray (ND)
Renville Mohall-Lansford-Sherwood (ND),227,Renville Mohall-Lansford-Sherwood (ND)
Richardton Taylor (ND),17,Richardton-Taylor (ND)
Richardton-Taylor (ND),267,Richardton-Taylor (ND)
Richardton-Taylor-Hebron (ND),159,Richardton-Taylor-Hebron (ND)
Rogers North Central (ND),295,Rogers North Central (ND)
Rolette (ND),272,Rolette (ND)
Rolla (ND),361,Rolla (ND)
Rugby (ND),591,Rugby (ND)
Scranton (ND),238,Scranton (ND)
Sherwood (ND),153,Sherwood (ND)
St. John (ND),430,St. John (ND)
St. Thomas (ND),116,St. Thomas (ND)
Stanley (ND),431,Stanley (ND)
Stanley-Powers Lake (ND),122,Stanley-Powers Lake (ND)
Steele-Dawson (ND),336,Steele-Dawson (ND)
Strasburg (ND),371,Strasburg (ND)
Strasburg Emmons Central (ND),2,Strasburg Emmons Central Catholic (ND)
Strasburg Emmons Central Catholic (ND),76,Strasburg Emmons Central Catholic (ND)
Strasburg-Emmons Central (ND),1,Strasburg Emmons Central Catholic (ND)
Strasburg-Zeeland (ND),146,Strasburg-Zeeland (ND)
Surrey (ND),378,Surrey (ND)
Thompson (ND),549,Thompson (ND)
Tioga (ND),422,Tioga (ND)
Tower City Maple Valley (ND),223,Tower City Maple Valley (ND)
Tower City Maple Valley-Enderlin (ND),134,Tower City Maple Valley-Enderlin (ND)
Towner (ND),389,Towner (ND)
Towner-Granville-Upham (ND),189,Towner-Granville-Upham (ND)
Trenton (ND),295,Trenton (ND)
Tri-County co-op [Drake-Anamoose-Goodrich] (ND),20,Tri-County co-op [Drake-Anamoose-McClusky-Goodrich] (ND)
Tri-County co-op [Drake-Anamoose-McClusky-Goodrich] (ND),25,Tri-County co-op [Drake-Anamoose-McClusky-Goodrich] (ND)
Turtle Lake-Mercer (ND),279,Turtle Lake-Mercer (ND)
Underwood (ND),393,Underwood (ND)
Valley City (ND),657,Valley City (ND)
Velva (ND),548,Velva (ND)
Velva Garrison (ND),21,Velva-Garrison (ND)
Velva-Garrison (ND),11,Velva-Garrison (ND)
Wahpeton (ND),619,Wahpeton (ND)
Walhalla (ND),344,Walhalla (ND)
Walhalla North Border (ND),2,Walhalla North Border co-op [Walhalla-Pembina] (ND)
Walhalla North Border co-op [Walhalla-Pembina] (ND),17,Walhalla North Border co-op [Walhalla-Pembina] (ND)
Washburn (ND),381,Washburn (ND)
Watford City Old HS (ND),425,Watford City Old HS (ND)
Watford City-Alexander-Johnson Corners Christian Academy (ND),173,Watford City-Alexander-Johnson Corners Christian Academy (ND)
West Fargo (ND),568,West Fargo (ND)
Westhope (ND),341,Westhope (ND)
Westhope-Newburg-Glenburn (ND),145,Westhope-Newburg-Glenburn (ND)
Westhope Newburg (ND),20,Westhope-Newburg-Melita (ND)
Westhope-Newburg-Melita (ND),24,Westhope-Newburg-Melita (ND)
Williston (ND),913,Williston (ND)
Wilton (ND),290,Wilton (ND)
Wishek (ND),361,Wishek (ND)
Wishek South Border co-op [Wishek-Ashley] (ND),144,Wishek South Border co-op [Wishek-Ashley] (ND)
Wyndmere (ND),416,Wyndmere (ND)
Wyndmere Lidgerwood (ND),20,Wyndmere-Lidgerwood (ND)
Wyndmere-Lidgerwood (ND),193,Wyndmere-Lidgerwood (ND)
Zeeland (ND),101,Zeeland (ND)
