Alias_Name,GameCount,Standardized_Name
Adams (NE),186,Adams (NE)
Adams Freeman (NE),244,Adams Freeman (NE)
Ainsworth (NE),450,Ainsworth (NE)
Albion (NE),276,Albion (NE)
Albion Boone Central (NE),170,Albion Boone Central (NE)
Allen (NE),412,Allen (NE)
Alliance (NE),560,Alliance (NE)
Alma (NE),440,Alma (NE)
Amherst (NE),462,Amherst (NE)
Anselmo-Merna (NE),473,Anselmo-Merna (NE)
Ansely (NE),1,Ansley (NE)
Ansley (NE),388,Ansley (NE)
Ansley Litchfield (NE),16,Ansley-Litchfield (NE)
Ansley-Litchfield (NE),106,Ansley-Litchfield (NE)
Arapahoe (NE),515,Arapahoe (NE)
Arcadia (NE),317,Arcadia (NE)
Arcadia Loup (NE),16,Arcadia-Loup City (NE)
Arcadia-Loup City (NE),93,Arcadia-Loup City (NE)
Arlington (NE),481,Arlington (NE)
Arnold (NE),318,Arnold (NE)
Arnold-Callaway South Loup co-op (NE),138,Arnold-Callaway South Loup co-op (NE)
Arthur County (NE),432,Arthur County (NE)
Ashland (NE),156,Ashland (NE)
Ashland Greenwood (NE),19,Ashland-Greenwood (NE)
Ashland-Greenwood (NE),317,Ashland-Greenwood (NE)
Atkinson West Holt (NE),435,Atkinson West Holt (NE)
Auburn (NE),496,Auburn (NE)
Aurora (NE),628,Aurora (NE)
Axtell (NE),458,Axtell (NE)
Bancroft (NE),105,Bancroft (NE)
Bancroft Rosalie (NE),18,Bancroft-Rosalie (NE)
Bancroft-Rosalie (NE),662,Bancroft-Rosalie (NE)
Bartlett Wheeler Central (NE),281,Bartlett Wheeler Central (NE)
Bartley (NE),143,Bartley (NE)
Bartley Southwest (NE),176,Bartley Southwest (NE)
Bassett North Central (NE),160,Bassett North Central (NE)
Bassett Rock County (NE),247,Bassett Rock County (NE)
Battle Creek (NE),545,Battle Creek (NE)
Bayard (NE),429,Bayard (NE)
Beatrice (NE),578,Beatrice (NE)
Beaver City (NE),180,Beaver City (NE)
Beemer (NE),291,Beemer (NE)
Bellevue (NE),142,Bellevue (NE)
Bellevue East (NE),414,Bellevue East (NE)
Bellevue West (NE),461,Bellevue West (NE)
Benedict Consolidated (NE),233,Benedict Consolidated (NE)
Benkelman (NE),120,Benkelman (NE)
Benkelman Dundy County-Stratton (NE),317,Benkelman Dundy County-Stratton (NE)
Bennington (NE),521,Bennington (NE)
Bertrand (NE),483,Bertrand (NE)
Big Springs (NE),119,Big Springs (NE)
Big Springs South Platte (NE),243,Big Springs South Platte (NE)
Bladen (NE),119,Bladen (NE)
Blair (NE),534,Blair (NE)
Bloomfield (NE),527,Bloomfield (NE)
Blue Hill (NE),487,Blue Hill (NE)
Boys Town (NE),637,Boys Town (NE)
Bradshaw (NE),203,Bradshaw (NE)
Brady (NE),418,Brady (NE)
Brainard East Butler (NE),475,Brainard East Butler (NE)
Bridgeport (NE),444,Bridgeport (NE)
Broken Bow (NE),490,Broken Bow (NE)
Brule (NE),112,Brule (NE)
Bruning (NE),146,Bruning (NE)
Bruning-Davenport-Shickley (NE),339,Bruning-Davenport-Shickley (NE)
Burwell (NE),491,Burwell (NE)
Butte (NE),271,Butte (NE)
Cairo Centura (NE),458,Cairo Centura (NE)
Callaway (NE),309,Callaway (NE)
Cambridge (NE),532,Cambridge (NE)
Campbell (NE),149,Campbell (NE)
Cedar Bluffs (NE),455,Cedar Bluffs (NE)
Cedar Rapids Riverside (NE),284,Cedar Rapids Riverside (NE)
Central City (NE),495,Central City (NE)
Central City Nebraska Christian (NE),429,Central City Nebraska Christian (NE)
Chadron (NE),533,Chadron (NE)
Chadron Assumption (NE),1,Chadron Assumption Academy (NE)
Chadron Assumption Academy (NE),4,Chadron Assumption Academy (NE)
Chambers (NE),305,Chambers (NE)
Chambers Wheeler (NE),16,Chambers-Wheeler Central (NE)
Chambers-Wheeler Central (NE),84,Chambers-Wheeler Central (NE)
Chappell (NE),287,Chappell (NE)
Chappell Creek Valley (NE),187,Chappell Creek Valley (NE)
Chester-Hubbell-Byron (NE),205,Chester-Hubbell-Byron (NE)
Clarks Public (NE),244,Clarks Public (NE)
Clarkson (NE),343,Clarkson (NE)
Clarkson Leigh (NE),18,Clarkson-Leigh (NE)
Clarkson-Leigh (NE),115,Clarkson-Leigh (NE)
Clarkson-LeighClarkson (NE),8,Clarkson-Leigh (NE)
Clay Center (NE),312,Clay Center (NE)
Clearwater (NE),264,Clearwater (NE)
Clearwater-Orchard (NE),122,Clearwater-Orchard (NE)
Cody-Kilgore (NE),425,Cody-Kilgore (NE)
Coleridge (NE),374,Coleridge (NE)
Columbus (NE),543,Columbus (NE)
Columbus Lakeview (NE),492,Columbus Lakeview (NE)
Columbus Scotus (NE),18,Columbus Scotus Central Catholic (NE)
Columbus Scotus Central Catholic (NE),523,Columbus Scotus Central Catholic (NE)
Cook Nemaha Valley (NE),281,Cook Nemaha Valley (NE)
Cozad (NE),511,Cozad (NE)
Crawford (NE),437,Crawford (NE)
Creighton (NE),528,Creighton (NE)
Crete (NE),573,Crete (NE)
Crofton (NE),466,Crofton (NE)
Culbertson (NE),240,Culbertson (NE)
Curtis Medicine Valley (NE),462,Curtis Medicine Valley (NE)
Dalton Leyton (NE),410,Dalton Leyton (NE)
Davenport (NE),136,Davenport (NE)
David City (NE),475,David City (NE)
David City Aquinas (NE),710,David City Aquinas (NE)
Dawson-Verdon (NE),207,Dawson-Verdon (NE)
Daykin Meridian (NE),419,Daykin Meridian (NE)
De Witt Tri-County (NE),104,De Witt Tri-County (NE)
Decatur (NE),112,Decatur (NE)
Deshler (NE),448,Deshler (NE)
DeWitt Tri County (NE),400,DeWitt Tri County (NE)
Diller (NE),214,Diller (NE)
Diller-Odell (NE),231,Diller-Odell (NE)
Dix (NE),123,Dix (NE)
Dodge (NE),366,Dodge (NE)
Doniphan (NE),236,Doniphan (NE)
Doniphan Trumbull (NE),18,Doniphan-Trumbull (NE)
Doniphan-Trumbull (NE),221,Doniphan-Trumbull (NE)
Dorchester (NE),380,Dorchester (NE)
Dunning Sandhills (NE),265,Dunning Sandhills (NE)
Dunning Sandhills Thedford (NE),20,Dunning Sandhills-Thedford (NE)
Dunning Sandhills-Thedford (NE),169,Dunning Sandhills-Thedford (NE)
Elba (NE),318,Elba (NE)
Elgin (NE),299,Elgin (NE)
Elgin Pope (NE),17,Elgin Pope John XXIII (NE)
Elgin Pope John XXIII (NE),428,Elgin Pope John XXIII (NE)
Elgin-Pope John (NE),9,Elgin Pope John XXIII (NE)
Elkhorn (NE),596,Elkhorn (NE)
Elkhorn Mount Michael Benedictine (NE),448,Elkhorn Mt. Michael Benedictine (NE)
Elm Creek (NE),455,Elm Creek (NE)
Elmwood (NE),141,Elmwood (NE)
Elmwood-Murdock (NE),336,Elmwood-Murdock (NE)
Elwood (NE),453,Elwood (NE)
Emerson-Hubbard (NE),433,Emerson-Hubbard (NE)
Eustis Hi Line (NE),16,Eustis Hi-Line [Eustis-Farnam-Elwood] (NE)
Eustis Hi-Line [Eustis-Farnam-Elwood] (NE),17,Eustis Hi-Line [Eustis-Farnam-Elwood] (NE)
Eustis Public (NE),162,Eustis Public (NE)
Eustis-Farnam (NE),283,Eustis-Farnam (NE)
Ewing (NE),306,Ewing (NE)
Exeter (NE),173,Exeter (NE)
Exeter-Milligan (NE),180,Exeter-Milligan (NE)
Fairbury (NE),489,Fairbury (NE)
Fairfield Sandy Creek (NE),478,Fairfield Sandy Creek (NE)
Fairmont (NE),177,Fairmont (NE)
Falls City (NE),510,Falls City (NE)
Falls City Sacred Heart (NE),631,Falls City Sacred Heart (NE)
Farnam (NE),151,Farnam (NE)
Filley (NE),165,Filley (NE)
Firth Norris (NE),504,Firth Norris (NE)
Fort Calhoun (NE),446,Fort Calhoun (NE)
Franklin (NE),437,Franklin (NE)
Fremont (NE),560,Fremont (NE)
Fremont Archbishop Bergan (NE),544,Fremont Archbishop Bergan (NE)
Friend (NE),403,Friend (NE)
Fullerton (NE),483,Fullerton (NE)
Geneva (NE),266,Geneva (NE)
Geneva Fillmore Central (NE),237,Geneva Fillmore Central (NE)
Genoa (NE),232,Genoa (NE)
Genoa Twin River (NE),201,Genoa Twin River (NE)
Gering (NE),496,Gering (NE)
Gibbon (NE),469,Gibbon (NE)
Giltner (NE),478,Giltner (NE)
Gordon (NE),251,Gordon (NE)
Gordon Rushville (NE),17,Gordon-Rushville (NE)
Gordon-Rushville (NE),181,Gordon-Rushville (NE)
Gothenburg (NE),532,Gothenburg (NE)
Grand Island (NE),788,Grand Island (NE)
Grand Island Catholic (NE),17,Grand Island Central Catholic (NE)
Grand Island Central Catholic (NE),454,Grand Island Central Catholic (NE)
Grand Island Heartland Lutheran (NE),157,Grand Island Heartland Lutheran (NE)
Grand Island Northwest (NE),519,Grand Island Northwest (NE)
Grant Perkins County (NE),507,Grant Perkins County (NE)
Greeley Central Valley (NE),333,Greeley Central Valley (NE)
Gretna (NE),654,Gretna (NE)
Guide Rock (NE),193,Guide Rock (NE)
Hampton (NE),460,Hampton (NE)
Harrisburg Banner County (NE),375,Harrisburg Banner County (NE)
Harrison Sioux County (NE),372,Harrison Sioux County (NE)
Hartington (NE),359,Hartington (NE)
Hartington Cedar Catholic (NE),499,Hartington Cedar Catholic (NE)
Hartington Newcastle (NE),18,Hartington-Newcastle (NE)
Hartington-Newcastle (NE),84,Hartington-Newcastle (NE)
Harvard (NE),456,Harvard (NE)
Hastings (NE),626,Hastings (NE)
Hastings Adams Central (NE),514,Hastings Adams Central (NE)
Hastings Saint Cecilia (NE),550,Hastings St. Cecilia (NE)
Hay Springs (NE),397,Hay Springs (NE)
Hayes Center (NE),385,Hayes Center (NE)
Hebron (NE),263,Hebron (NE)
Hebron Thayer Central (NE),226,Hebron Thayer Central (NE)
Hebron Thayer Central Community (NE),11,Hebron Thayer Central (NE)
Hemingford (NE),442,Hemingford (NE)
Henderson (NE),233,Henderson (NE)
Henderson Heartland (NE),244,Henderson Heartland (NE)
Hershey (NE),444,Hershey (NE)
Hildreth (NE),258,Hildreth (NE)
Holbrook (NE),110,Holbrook (NE)
Holdrege (NE),513,Holdrege (NE)
Homer (NE),467,Homer (NE)
Hooper Logan View (NE),423,Hooper Logan View (NE)
Howells (NE),351,Howells (NE)
Howells Dodge (NE),19,Howells-Dodge (NE)
Howells-Dodge (NE),213,Howells-Dodge (NE)
Humboldt (NE),263,Humboldt (NE)
Humboldt Table (NE),16,Humboldt-Table Rock (NE)
Humboldt-Table Rock (NE),3,Humboldt-Table Rock (NE)
Humboldt-Table Rock-Steinauer (NE),209,Humboldt-Table Rock-Steinauer (NE)
Humphrey (NE),350,Humphrey (NE)
Humphrey Saint Francis (NE),553,Humphrey St. Francis (NE)
Hyannis (NE),421,Hyannis (NE)
Imperial Chase County (NE),500,Imperial Chase County (NE)
Indianola Republican Valley (NE),261,Indianola Republican Valley (NE)
Johnson Brock (NE),17,Johnson-Brock (NE)
Johnson-Brock (NE),471,Johnson-Brock (NE)
Juanita (NE),3,Juanita (NE)
Juniata (NE),1,Juanita (NE)
Kearney (NE),765,Kearney (NE)
Kearney Catholic (NE),480,Kearney Catholic (NE)
Kenesaw (NE),465,Kenesaw (NE)
Kimball (NE),596,Kimball (NE)
Laurel (NE),221,Laurel (NE)
Laurel Concord (NE),16,Laurel-Concord (NE)
Laurel-Concord (NE),158,Laurel-Concord (NE)
Laurel-Concord-Coleridge (NE),104,Laurel-Concord-Coleridge (NE)
Lawrence (NE),258,Lawrence (NE)
Lawrence-Nelson (NE),260,Lawrence-Nelson (NE)
Lebanon (NE),2,Lebanon Beaver Valley (NE)
Lebanon Beaver Valley (NE),114,Lebanon Beaver Valley (NE)
Leigh (NE),310,Leigh (NE)
Lewellen Rural (NE),132,Lewellen Rural (NE)
Lewiston (NE),436,Lewiston (NE)
Lexington (NE),557,Lexington (NE)
Lexington St. Ann's (NE),138,Lexington St. Ann's (NE)
Lincoln (NE),929,Lincoln (NE)
Lincoln Christian (NE),258,Lincoln Christian (NE)
Lincoln East (NE),498,Lincoln East (NE)
Lincoln Lutheran (NE),254,Lincoln Lutheran (NE)
Lincoln North Star (NE),198,Lincoln North Star (NE)
Lincoln Northeast (NE),570,Lincoln Northeast (NE)
Lincoln Parkview Christian (NE),216,Lincoln Parkview Christian (NE)
Lincoln Pius X (NE),552,Lincoln Pius X (NE)
Lincoln Pius X Catholic (NE),3,Lincoln Pius X (NE)
Lincoln Southeast (NE),676,Lincoln Southeast (NE)
Lincoln Southwest (NE),237,Lincoln Southwest (NE)
Lincoln St. anding Bear (NE),17,Lincoln Standing Bear (NE)
Lindsay Holy Family (NE),346,Lindsay Holy Family (NE)
Litchfield (NE),264,Litchfield (NE)
Lodgepole (NE),216,Lodgepole (NE)
Loomis (NE),472,Loomis (NE)
Louisville (NE),519,Louisville (NE)
Loup City (NE),351,Loup City (NE)
Lyman (NE),202,Lyman (NE)
Lynch (NE),253,Lynch (NE)
Lyons Decatur (NE),17,Lyons-Decatur Northeast (NE)
Lyons-Decatur Northeast (NE),423,Lyons-Decatur Northeast (NE)
Macy Omaha Nation (NE),356,Macy Omaha Nation (NE)
Madison (NE),479,Madison (NE)
Madrid Wheatland (NE),267,Madrid Wheatland (NE)
Malcolm (NE),453,Malcolm (NE)
Marquette (NE),154,Marquette (NE)
Maxwell (NE),465,Maxwell (NE)
Maywood (NE),347,Maywood (NE)
Maywood Hayes (NE),16,Maywood-Hayes Center (NE)
Maywood-Hayes Center (NE),69,Maywood-Hayes Center (NE)
McCook (NE),639,McCook (NE)
McCool Junction (NE),421,McCool Junction (NE)
Mead (NE),473,Mead (NE)
Milford-Dorchester (NE),450,Milford-Dorchester (NE)
Milligan (NE),223,Milligan (NE)
Minatare (NE),403,Minatare (NE)
Minden (NE),502,Minden (NE)
Mitchell (NE),491,Mitchell (NE)
Monroe (NE),218,Monroe (NE)
Morrill (NE),440,Morrill (NE)
Mullen (NE),516,Mullen (NE)
Murdock (NE),134,Murdock (NE)
Murray Conestoga (NE),380,Murray Conestoga (NE)
Nebraska City (NE),499,Nebraska City (NE)
Nebraska City Lourdes Central Catholic (NE),482,Nebraska City Lourdes Central Catholic (NE)
Neligh-Oakdale (NE),457,Neligh-Oakdale (NE)
Nelson (NE),248,Nelson (NE)
Newcastle (NE),350,Newcastle (NE)
Newman Grove (NE),312,Newman Grove (NE)
Newman Grove Newman Grove (NE),16,Newman Grove (NE)
Niobrara (NE),215,Niobrara (NE)
Norfolk (NE),564,Norfolk (NE)
Norfolk Catholic (NE),577,Norfolk Catholic (NE)
Norfolk Lutheran Northeast (NE),17,Norfolk Lutheran-Northeast (NE)
Norfolk Lutheran-Northeast (NE),192,Norfolk Lutheran-Northeast (NE)
North Bend Central (NE),477,North Bend Central (NE)
North Loup-Scotia (NE),309,North Loup-Scotia (NE)
North Platte (NE),753,North Platte (NE)
North Platte Saint Patrick's (NE),881,North Platte St. Patrick's (NE)
North Platte St. Patricks (NE),18,North Platte St. Patrick's (NE)
Oakland Craig (NE),17,Oakland-Craig (NE)
Oakland-Craig (NE),523,Oakland-Craig (NE)
Odell (NE),214,Odell (NE)
Ogallala (NE),488,Ogallala (NE)
Omaha Archbishop Ryan (NE),124,Omaha Archbishop Ryan (NE)
Omaha Benson (NE),565,Omaha Benson (NE)
Omaha Brownell Talbot College Prep (NE),388,Omaha Brownell Talbot College Prep (NE)
Omaha Bryan (NE),438,Omaha Bryan (NE)
Omaha Burke (NE),542,Omaha Burke (NE)
Omaha Central (NE),1021,Omaha Central (NE)
Omaha Christian Academy (NE),263,Omaha Christian Academy (NE)
Omaha Concordia (NE),166,Omaha Concordia (NE)
Omaha Creighton Prep (NE),18,Omaha Creighton Prep (NE)
Omaha Creighton Preparatory (NE),728,Omaha Creighton Prep (NE)
Omaha Elkhorn South (NE),158,Omaha Elkhorn South (NE)
Omaha Gross Catholic (NE),474,Omaha Gross Catholic (NE)
Omaha Holy Name (NE),122,Omaha Holy Name (NE)
Omaha Millard (NE),109,Omaha Millard (NE)
Omaha Millard North (NE),472,Omaha Millard North (NE)
Omaha Millard South (NE),438,Omaha Millard South (NE)
Omaha Millard West (NE),324,Omaha Millard West (NE)
Omaha North (NE),627,Omaha North (NE)
Omaha Northwest (NE),454,Omaha Northwest (NE)
Omaha Roncalli Catholic (NE),441,Omaha Roncalli Catholic (NE)
Omaha Skutt Catholic (NE),329,Omaha Skutt Catholic (NE)
Omaha South (NE),664,Omaha South (NE)
Omaha Saint Cecilia Cathedral (NE),166,Omaha St. Cecilia Cathedral (NE)
Omaha St. Joseph (NE),56,Omaha St. Joseph (NE)
Omaha St. Joseph's Catholic (NE),6,Omaha St. Joseph (NE)
Omaha Tech (NE),321,Omaha Tech (NE)
Omaha Westside (NE),717,Omaha Westside (NE)
O'Neill (NE),424,O'Neill (NE)
O'Neill Saint Mary's (NE),27,O'Neill Saint Mary's (NE)
O'neill Saint Mary's Academy (NE),3,O'Neill Saint Mary's (NE)
O'Neill St .Mary (NE),1,O'Neill Saint Mary's (NE)
Oneill St. Marys (NE),18,O'Neill Saint Mary's (NE)
Orchard (NE),279,Orchard (NE)
Ord (NE),516,Ord (NE)
Orleans (NE),172,Orleans (NE)
Osceola (NE),450,Osceola (NE)
Oshkosh (NE),10,Oshkosh Garden County (NE)
Oshkosh Garden County (NE),448,Oshkosh Garden County (NE)
Osmond (NE),436,Osmond (NE)
Overton (NE),484,Overton (NE)
Oxford (NE),1,Oxford Community (NE)
Oxford Community (NE),172,Oxford Community (NE)
Oxford Southern Valley (NE),259,Oxford Southern Valley (NE)
Palisade (NE),109,Palisade (NE)
Palisades (NE),3,Palisade (NE)
Palmer (NE),475,Palmer (NE)
Palmyra (NE),455,Palmyra (NE)
Papillion (NE),209,Papillion (NE)
La Vista (NE),1,Papillion La Vista (NE)
Papillion La Vista (NE),12,Papillion La Vista (NE)
Papillion Lavista (NE),10,Papillion La Vista (NE)
Papillion-La Vista (NE),423,Papillion-La Vista (NE)
Papillion Lavista South (NE),19,Papillion-La Vista South (NE)
Papillion-La Vista South (NE),200,Papillion-La Vista South (NE)
Pawnee City (NE),473,Pawnee City (NE)
Paxton (NE),438,Paxton (NE)
Pender (NE),539,Pender (NE)
Petersburg (NE),219,Petersburg (NE)
Pierce (NE),551,Pierce (NE)
Plainview (NE),486,Plainview (NE)
Plattsmouth (NE),505,Plattsmouth (NE)
Pleasanton (NE),458,Pleasanton (NE)
Polk High Plains (NE),207,Polk High Plains (NE)
Polk-Hordville (NE),393,Polk-Hordville (NE)
Ponca (NE),467,Ponca (NE)
Potter (NE),109,Potter (NE)
Potter Dix (NE),15,Potter-Dix (NE)
Potter-Dix (NE),284,Potter-Dix (NE)
Prague (NE),274,Prague (NE)
Ralston (NE),495,Ralston (NE)
Randolph (NE),479,Randolph (NE)
Ravenna (NE),468,Ravenna (NE)
Raymond Central (NE),463,Raymond Central (NE)
Red Cloud (NE),484,Red Cloud (NE)
Remsen Niobrara-Verdigre (NE),114,Remsen Niobrara-Verdigre (NE)
Rising City (NE),244,Rising City (NE)
Roseland (NE),112,Roseland (NE)
Roseland Silver Lake (NE),334,Roseland Silver Lake (NE)
Rushville (NE),228,Rushville (NE)
Rushin (NE),1,Ruskin (NE)
Ruskin (NE),69,Ruskin (NE)
Saint Edward (NE),549,Saint Edward (NE)
Saint Paul (NE),462,Saint Paul (NE)
Santee (NE),191,Santee (NE)
Sargent (NE),359,Sargent (NE)
Sargent Twin Loup (NE),138,Sargent Twin Loup (NE)
Schuyler (NE),505,Schuyler (NE)
Scottsbluff (NE),798,Scottsbluff (NE)
Scribner (NE),164,Scribner (NE)
Scribner-Snyder (NE),379,Scribner-Snyder (NE)
Seward (NE),528,Seward (NE)
Shelby-Rising City (NE),449,Shelby-Rising City (NE)
Shelton (NE),437,Shelton (NE)
Shickley (NE),326,Shickley (NE)
Sidney (NE),506,Sidney (NE)
Sidney St. Patrick's Academy (NE),162,Sidney St. Patrick's Academy (NE)
Silver Creek (NE),246,Silver Creek (NE)
South Sioux City (NE),480,South Sioux City (NE)
Spalding (NE),147,Spalding (NE)
Spalding Academy (NE),371,Spalding Academy (NE)
Spencer Boyd County (NE),241,Spencer Boyd County (NE)
Spencer-Naper (NE),124,Spencer-Naper (NE)
Springfield Platteview (NE),522,Springfield Platteview (NE)
Springfield Plattview (NE),3,Springfield Platteview (NE)
Springview Keya Paha (NE),236,Springview Keya Paha (NE)
Stanton (NE),523,Stanton (NE)
Stapleton-McPherson County (NE),367,Stapleton-McPherson County (NE)
Stella Southeast Nebraska Consolidated (NE),291,Stella Southeast Nebraska Consolidated (NE)
Sterling (NE),482,Sterling (NE)
Stratton (NE),163,Stratton (NE)
Stromsburg (NE),251,Stromsburg (NE)
Stromsburg Cross County (NE),226,Stromsburg Cross County (NE)
Stuart (NE),434,Stuart (NE)
Sumner (NE),1,Sumner Eddyville (NE)
Sumner Eddyville (NE),19,Sumner Eddyville (NE)
Sumner-Eddyville-Miller (NE),420,Sumner-Eddyville-Miller (NE)
Superior (NE),485,Superior (NE)
Sutherland (NE),461,Sutherland (NE)
Sutton (NE),492,Sutton (NE)
Syracuse (NE),483,Syracuse (NE)
Table Rock (NE),214,Table Rock (NE)
Taylor Loup City (NE),1,Taylor Loup County (NE)
Taylor Loup County (NE),271,Taylor Loup County (NE)
Tecumseh (NE),317,Tecumseh (NE)
Tecumseh Johnson County (NE),16,Tecumseh Johnson County Central (NE)
Tecumseh Johnson County Central (NE),142,Tecumseh Johnson County Central (NE)
Tekamah Herman (NE),17,Tekamah-Herman (NE)
Tekamah-Herman (NE),452,Tekamah-Herman (NE)
Thedford (NE),270,Thedford (NE)
Tilden Elkhorn Valley (NE),456,Tilden Elkhorn Valley (NE)
Trenton (NE),182,Trenton (NE)
Trenton Hitchcock County USD (NE),199,Trenton Hitchcock County USD (NE)
Trumbull (NE),219,Trumbull (NE)
Tryon McPherson County (NE),296,Tryon McPherson County (NE)
Utica Centennial (NE),486,Utica Centennial (NE)
Valentine (NE),510,Valentine (NE)
Valley Douglas County (NE),18,Valley Douglas County West (NE)
Valley Douglas County West (NE),428,Valley Douglas County West (NE)
Venango (NE),132,Venango (NE)
Verdigre (NE),277,Verdigre (NE)
Waco Nebraska Lutheran (NE),366,Waco Nebraska Lutheran (NE)
Wahoo (NE),518,Wahoo (NE)
Wahoo Bishop Neumann (NE),669,Wahoo Bishop Neumann (NE)
Wakefield (NE),498,Wakefield (NE)
Wallace (NE),443,Wallace (NE)
Walthill (NE),439,Walthill (NE)
Wauneta (NE),130,Wauneta (NE)
Wauneta Palisade (NE),16,Wauneta-Palisade (NE)
Wauneta-Palisade (NE),279,Wauneta-Palisade (NE)
Wausa (NE),436,Wausa (NE)
Waverly (NE),550,Waverly (NE)
Wayne (NE),482,Wayne (NE)
Weeping Water (NE),465,Weeping Water (NE)
West Des Moines Dowling Catholic (NE),1,West Des Moines Dowling Catholic (IA)
West Point (NE),598,West Point (NE)
West Point Central Catholic (NE),218,West Point Central Catholic (NE)
West Point Guardian Angels Central Catholic (NE),472,West Point Guardian Angels Central Catholic (NE)
West Point-Beemer (NE),179,West Point-Beemer (NE)
Wilber Clatonia (NE),17,Wilber-Clatonia (NE)
Wilber-Clatonia (NE),470,Wilber-Clatonia (NE)
Wilcox (NE),215,Wilcox (NE)
Wilcox Hildreth (NE),18,Wilcox-Hildreth (NE)
Wilcox-Hildreth (NE),201,Wilcox-Hildreth (NE)
Winnebago (NE),414,Winnebago (NE)
Winside (NE),460,Winside (NE)
Wisner Pilger (NE),18,Wisner-Pilger (NE)
Wisner-Pilger (NE),493,Wisner-Pilger (NE)
Wolbach (NE),204,Wolbach (NE)
Wood River (NE),453,Wood River (NE)
Wood River Rural (NE),1,Wood River (NE)
Wymore (NE),18,Wymore (NE)
Wymore Central (NE),1,Wymore (NE)
Wymore Southern (NE),446,Wymore Southern (NE)
Wynot (NE),448,Wynot (NE)
York (NE),540,York (NE)
Yutan (NE),474,Yutan (NE)
