Alias_Name,GameCount,Standardized_Name
Aberdeen Matawan Regional (NJ),891,Aberdeen Matawan Regional (NJ)
Absecon Holy Spirit (NJ),961,Absecon Holy Spirit (NJ)
Allendale Northern Highlands (NJ),665,Allendale Northern Highlands (NJ)
Allentown (NJ),708,Allentown (NJ)
Annandale North Hunterdon (NJ),779,Annandale North Hunterdon (NJ)
AsburyPark (NJ),1171,Asbury Park (NJ)
Asbury Park (NJ),18,Asbury Park (NJ)
Atco Edgewood Regional (NJ),193,Atco Edgewood Regional (NJ)
Atco Winslow Township (NJ),659,Atco Winslow Township (NJ)
Atlantic City (NJ),1150,Atlantic City (NJ)
Atlantic City JV (NJ),20,Atlantic City JV (NJ)
Atlantic City Sophs (NJ),3,Atlantic City JV (NJ)
Atlantic City Juniors (NJ),1,Atlantic City JV (NJ)
AC Kennedy (NJ),1,Atlantic City Kennedy (NJ)
Atlantic Highlands (NJ),232,Atlantic Highlands (NJ)
Audubon (NJ),980,Audubon (NJ)
Barnegat (NJ),201,Barnegat (NJ)
Basking Ridge (NJ),686,Basking Ridge (NJ)
Basking Ridge Ridge (NJ),17,Basking Ridge (NJ)
Bayley-Ellard (NJ),528,Bayley-Ellard (NJ)
Bayonne (NJ),872,Bayonne (NJ)
Bayonne Marist (NJ),569,Bayonne Marist (NJ)
Bayville Central Regional (NJ),460,Bayville Central Regional (NJ)
Belleville (NJ),1054,Belleville (NJ)
Belvidere (NJ),788,Belvidere (NJ)
Bergen Community College (NJ),7,Bergen Community College (NJ)
Bergen Junior College (NJ),1,Bergen Community College (NJ)
Bergenfield (NJ),859,Bergenfield (NJ)
Berkeley Heights Governor Livingston (NJ),622,Berkeley Heights Governor Livingston (NJ)
Bernardsville Bernards (NJ),1064,Bernardsville Bernards (NJ)
Blackwood Highland Regional (NJ),615,Blackwood Highland Regional (NJ)
Blairstown Blair Academy (NJ),947,Blairstown Blair Academy (NJ)
Blairstown North Warren Regional (NJ),491,Blairstown North Warren Regional (NJ)
Bloomfield (NJ),1328,Bloomfield (NJ)
Bloomfield Voc-Tech (NJ),63,Bloomfield Voc-Tech (NJ)
BloomfieldVoc-Tech (NJ),1,Bloomfield Voc-Tech (NJ)
Bogota (NJ),1050,Bogota (NJ)
Boonton (NJ),1012,Boonton (NJ)
Bordentown (NJ),1083,Bordentown (NJ)
Bordentown Manual (NJ),34,Bordentown Manual Training (NJ)
Bordentown Manual Training (NJ),3,Bordentown Manual Training (NJ)
Bordentown Manual JV (NJ),2,Bordentown Manual Training JV (NJ)
Bordentown Military Institute (NJ),638,Bordentown Military Institute (NJ)
Bound Brook (NJ),1005,Bound Brook (NJ)
Brick (NJ),448,Brick (NJ)
Brick Memorial (NJ),487,Brick Memorial (NJ)
Brick Township (NJ),689,Brick Township (NJ)
Bridgeton (NJ),1132,Bridgeton (NJ)
Bridgewater-Raritan (NJ),638,Bridgewater-Raritan (NJ)
Bridgewater-Raritan East (NJ),249,Bridgewater-Raritan East (NJ)
Bridgewater-RaritanWest (NJ),350,Bridgewater-Raritan West (NJ)
Bridgewater-Raritan West (NJ),6,Bridgewater-Raritan West (NJ)
Buena Regional (NJ),521,Buena Regional (NJ)
Burlington All Saints (NJ),8,Burlington All Saints (NJ)
All Saints (NJ),5,Burlington All Saints (NJ)
BurlingtonCity (NJ),1125,Burlington City (NJ)
BurlingtonCity JV (NJ),2,Burlington City JV (NJ)
Burlington Township (NJ),635,Burlington Township (NJ)
Butler (NJ),1045,Butler (NJ)
Camden (NJ),1182,Camden (NJ)
Camden Kipp Cooper (NJ),17,Camden Kipp Cooper (NJ)
Camden KIPP Cooper Norcross (NJ),5,Camden Kipp Cooper (NJ)
Camden St. Joseph (NJ),191,Camden St. Joseph (NJ)
Camden Woodrow Wilson (NJ),886,Camden Woodrow Wilson (NJ)
Cape May Court House Middle Township (NJ),922,Cape May Court House Middle Township (NJ)
Cape May Court House Middle (NJ),1,Cape May Court House Middle Township (NJ)
Cape May Lower Cape (NJ),18,Cape May Lower Cape (NJ)
Cape May Lower Cape May (NJ),10,Cape May Lower Cape (NJ)
Carneys Point Penns Grove (NJ),1138,Carneys Point Penns Grove (NJ)
Carneys Point St. James (NJ),471,Carneys Point St. James (NJ)
Carteret (NJ),798,Carteret (NJ)
Cedar Grove (NJ),663,Cedar Grove (NJ)
Central (NJ),139,Central (NJ)
Chatham (NJ),838,Chatham (NJ)
Chatham Borough (NJ),104,Chatham Borough (NJ)
Chatham Township (NJ),225,Chatham Township (NJ)
Cherry Hill Camden Catholic (NJ),861,Cherry Hill Camden Catholic (NJ)
Cherry Hill East (NJ),560,Cherry Hill East (NJ)
Cherry Hill Cherry Hill East (NJ),17,Cherry Hill East (NJ)
Cherry Hill West (NJ),593,Cherry Hill West (NJ)
Cherry Hill Cherry Hill West (NJ),17,Cherry Hill West (NJ)
Chester West Morris Central (NJ),690,Chester West Morris Central (NJ)
Cinnaminson (NJ),556,Cinnaminson (NJ)
Clark Johnson (NJ),679,Clark Arthur L. Johnson Regional (NJ)
Clark Arthur L. Johnson Regional (NJ),376,Clark Arthur L. Johnson Regional (NJ)
Schoolclark Arthur L. Johnson Regional (NJ),1,Clark Arthur L. Johnson Regional (NJ)
Clayton (NJ),1021,Clayton (NJ)
Cliffside Park (NJ),1103,Cliffside Park (NJ)
Clifton (NJ),1125,Clifton (NJ)
Clifton Paul VI Regional (NJ),127,Clifton Paul VI Regional (NJ)
Clifton Pope Paul VI Regional (NJ),2,Clifton Paul VI Regional (NJ)
Collingswood (NJ),1128,Collingswood (NJ)
Colonia (NJ),580,Colonia (NJ)
Colts Neck (NJ),260,Colts Neck (NJ)
Columbus Northern Burlington (NJ),631,Columbus Northern Burlington (NJ)
Columbus North Burlington (NJ),16,Columbus Northern Burlington (NJ)
Columbus Northern Burlington County Regional (NJ),8,Columbus Northern Burlington (NJ)
Cornwall On Hudson New York Military Academy (NJ),5,Cornwall On Hudson New York Military Academy (NY)
Cranford (NJ),1103,Cranford (NJ)
Cresskill (NJ),681,Cresskill (NJ)
Delran (NJ),506,Delran (NJ)
Delran Holy Cross (NJ),741,Delran Holy Cross (NJ)
Demarest Northern Valley Regional (NJ),693,Demarest Northern Valley Regional (NJ)
NV-Demarest (NJ),37,Demarest Northern Valley Regional (NJ)
Demarest Nv Demarest (NJ),16,Demarest Northern Valley Regional (NJ)
Demarest Northern Valley Regional JV (NJ),1,Demarest Northern Valley Regional JV (NJ)
Denville Morris Catholic (NJ),649,Denville Morris Catholic (NJ)
Deptford (NJ),688,Deptford (NJ)
Deptford Township (NJ),1,Deptford (NJ)
Dover (NJ),1116,Dover (NJ)
Dumont (NJ),1068,Dumont (NJ)
Dunellen (NJ),812,Dunellen (NJ)
Dwight-Englewood (NJ),675,Dwight-Englewood (NJ)
East Brunswick (NJ),652,East Brunswick (NJ)
East Hanover Hanover Park (NJ),705,East Hanover Hanover Park (NJ)
East Orange (NJ),967,East Orange (NJ)
East Orange East Orange (NJ),21,East Orange (NJ)
East Orange Campus (NJ),225,East Orange Campus (NJ)
East Orange Clifford J. Scott (NJ),562,East Orange Clifford J. Scott (NJ)
East Paterson Memorial (NJ),113,East Paterson Memorial (NJ)
East Rutherford (NJ),217,East Rutherford (NJ)
East Rutherford Becton (NJ),1023,East Rutherford Becton (NJ)
Edison (NJ),667,Edison (NJ)
Edison Bishop Ahr (NJ),442,Edison Bishop Ahr (NJ)
Edison John P. Stevens (NJ),604,Edison John P. Stevens (NJ)
Edison Jp St. evens (NJ),18,Edison John P. Stevens (NJ)
Edison St. Thomas Aquinas (NJ),29,Edison St. Thomas Aquinas (NJ)
Edison Saint Thomas Aquinas (NJ),20,Edison St. Thomas Aquinas (NJ)
Edison St. Thomas (NJ),19,Edison St. Thomas Aquinas (NJ)
Edison Wardlaw-Hartridge (NJ),272,Edison Wardlaw-Hartridge (NJ)
Edison Wardlaw Hartridge (NJ),34,Edison Wardlaw-Hartridge (NJ)
Egg Harbor City Cedar Creek (NJ),160,Egg Harbor City Cedar Creek (NJ)
Egg Harbor Township (NJ),609,Egg Harbor Township (NJ)
Elizabeth (NJ),1185,Elizabeth (NJ)
Elizabeth Battin (NJ),149,Elizabeth Battin (NJ)
Elizabeth St. Mary Assumption (NJ),35,Elizabeth St. Mary of the Assumption (NJ)
Elizabeth St. Mary of the Assumption (NJ),10,Elizabeth St. Mary of the Assumption (NJ)
Elizabeth St. Mary-Assumption (NJ),8,Elizabeth St. Mary of the Assumption (NJ)
Elmwood Park (NJ),714,Elmwood Park (NJ)
Elmwood Park East PatersonMemorial (NJ),8,Elmwood Park (NJ)
Elmwood Park Memorial (NJ),1,Elmwood Park (NJ)
Emerson (NJ),618,Emerson (NJ)
Emerson Borough (NJ),346,Emerson Borough (NJ)
Emerson Boro (NJ),32,Emerson Borough (NJ)
Englewood (NJ),738,Englewood (NJ)
Englewood Dwight Morrow (NJ),1097,Englewood Dwight Morrow (NJ)
Englewood Dwight-Englewood (NJ),1,Englewood Dwight Morrow (NJ)
Englewood St. Cecilia (NJ),495,Englewood St. Cecilia (NJ)
Englewood St. Cecelia (NJ),5,Englewood St. Cecilia (NJ)
Englishtown Manalapan (NJ),566,Englishtown Manalapan (NJ)
Erial Timber Creek Regional (NJ),262,Erial Timber Creek Regional (NJ)
Erial Timber Creek (NJ),6,Erial Timber Creek Regional (NJ)
Kingsley School (NJ),114,Essex Fells Kingsley (NJ)
Essex FellsNew Jersey Kingsley School (NJ),4,Essex Fells Kingsley (NJ)
Essex Fells Kingsley (NJ),1,Essex Fells Kingsley (NJ)
Fair Lawn (NJ),873,Fair Lawn (NJ)
Farmingdale Howell (NJ),611,Farmingdale Howell (NJ)
Flanders Mount Olive (NJ),527,Flanders Mt. Olive (NJ)
Flanders Mt. Olive (NJ),1,Flanders Mt. Olive (NJ)
Flemington Hunterdon Central (NJ),1139,Flemington Hunterdon Central (NJ)
Florence Township Memorial (NJ),846,Florence Township Memorial (NJ)
Florence Township (NJ),17,Florence Township Memorial (NJ)
Fort Lee (NJ),867,Fort Lee (NJ)
Franklin Borough (NJ),370,Franklin Borough (NJ)
Franklin Lakes Ramapo (NJ),816,Franklin Lakes Ramapo (NJ)
Franklinville Delsea (NJ),770,Franklinville Delsea (NJ)
Freehold Boro (NJ),1079,Freehold Boro (NJ)
Freehold Township (NJ),543,Freehold Township (NJ)
Frenchtown Delaware Valley (NJ),716,Frenchtown Delaware Valley (NJ)
Galloway Absegami (NJ),533,Galloway Absegami (NJ)
Garfield (NJ),1087,Garfield (NJ)
Gladstone Gill St. Bernard's (NJ),441,Gladstone Gill St. Bernard's (NJ)
Glandstone Gill St. Bernard's (NJ),22,Gladstone Gill St. Bernard's (NJ)
Glassboro (NJ),1204,Glassboro (NJ)
Glen Gardner Voorhees (NJ),481,Glen Gardner Voorhees (NJ)
Glen Ridge (NJ),962,Glen Ridge (NJ)
Glen Rock (NJ),741,Glen Rock (NJ)
Gloucester Catholic (NJ),667,Gloucester Catholic (NJ)
GloucesterCity (NJ),1115,Gloucester City (NJ)
Gloucester City (NJ),19,Gloucester City (NJ)
Gloucester City Gloucester Catholic (NJ),17,Gloucester City Catholic (NJ)
Gloucester City Catholic (NJ),2,Gloucester City Catholic (NJ)
GloucesterCity JV (NJ),5,Gloucester City JV (NJ)
Green Brook (NJ),140,Green Brook (NJ)
Hackensack (NJ),1304,Hackensack (NJ)
Hackensack Bergen Tech (NJ),581,Hackensack Bergen Tech (NJ)
Hackensack Holy Trinity (NJ),7,Hackensack Holy Trinity (NJ)
Hackensack Holy Trinity School (NJ),2,Hackensack Holy Trinity (NJ)
Hackettstown (NJ),1006,Hackettstown (NJ)
Hackettstown Centenary Collegiate Institute (NJ),10,Hackettstown Centenary Collegiate Institute (NJ)
Hackettstown Centenary College (NJ),5,Hackettstown Centenary Collegiate Institute (NJ)
Hackettstown Centenary College Institution (NJ),5,Hackettstown Centenary Collegiate Institute (NJ)
Haddon Heights (NJ),1075,Haddon Heights (NJ)
Haddonfield (NJ),1168,Haddonfield (NJ)
Haddonfield Paul VI (NJ),775,Haddonfield Paul VI (NJ)
Haddonfield St. John's (NJ),1,Haddonfield St. John's Military Academy (NJ)
Haddonfield St. John's Military Academy (NJ),1,Haddonfield St. John's Military Academy (NJ)
Haledon Manchester Regional (NJ),611,Haledon Manchester Regional (NJ)
Hamburg Wallkill Valley (NJ),409,Hamburg Wallkill Valley (NJ)
Hamburg Wallkill Valley Regional (NJ),13,Hamburg Wallkill Valley (NJ)
Hamilton (NJ),274,Hamilton (NJ)
Hamilton East (NJ),129,Hamilton East (NJ)
HamiltonEast-Steinert (NJ),276,Hamilton East-Steinert (NJ)
Hamilton Nottingham (NJ),317,Hamilton Nottingham (NJ)
Hamilton Steinert (NJ),291,Hamilton Steinert (NJ)
Hamilton West (NJ),578,Hamilton West (NJ)
Hammonton (NJ),1104,Hammonton (NJ)
HammontonSt. Joseph (NJ),658,Hammonton St. Joseph (NJ)
Hammonton Saint Joseph (NJ),36,Hammonton St. Joseph (NJ)
Hammonton St. Joseph's (NJ),17,Hammonton St. Joseph (NJ)
Hammonton St. Joseph (NJ),12,Hammonton St. Joseph (NJ)
Harrison (NJ),833,Harrison (NJ)
Hasbrouck Heights (NJ),1180,Hasbrouck Heights (NJ)
Hawthorne (NJ),932,Hawthorne (NJ)
Hazlet Raritan (NJ),673,Hazlet Raritan (NJ)
Highland Park (NJ),847,Highland Park (NJ)
Highland Park Irving (NJ),1,Highland Park (NJ)
Hightstown (NJ),595,Hightstown (NJ)
Hightstown The Peddie School (NJ),1045,Hightstown The Peddie School (NJ)
Hightstown Peddie (NJ),32,Hightstown The Peddie School (NJ)
"Hightstown Peddie """"B"""" (NJ)",1,Hightstown The Peddie School B (NJ)
Hightstown Peddie JV (NJ),19,Hightstown The Peddie School JV (NJ)
Hillsborough (NJ),582,Hillsborough (NJ)
Hillsdale Pascack Valley (NJ),765,Hillsdale Pascack Valley (NJ)
Hillside (NJ),945,Hillside (NJ)
Ho Ho Kus St. Lukes (NJ),196,Ho Ho Kus St. Lukes (NJ)
Ho Ho Kus St. Luke's (NJ),1,Ho Ho Kus St. Lukes (NJ)
Ho Ho Kus St. Lukes JV (NJ),1,Ho Ho Kus St. Lukes JV (NJ)
Hoboken (NJ),835,Hoboken (NJ)
Hoboken Stevens Academy (NJ),172,Hoboken Stevens Academy (NJ)
Hoboken Stevens Instituteof Technology JV (NJ),1,Hoboken Stevens Academy (NJ)
Holmdel (NJ),498,Holmdel (NJ)
Holmdel St.John Vianney (NJ),334,Holmdel St. John-Vianney (NJ)
Holmdel St. John-Vianney (NJ),329,Holmdel St. John-Vianney (NJ)
Holmdel Saint John-Vianney (NJ),31,Holmdel St. John-Vianney (NJ)
Holmdel St. John (NJ),22,Holmdel St. John-Vianney (NJ)
Holmdel St. John Vianney (NJ),11,Holmdel St. John-Vianney (NJ)
Hopatcong (NJ),550,Hopatcong (NJ)
Immaculate Conception (NJ),125,Immaculate Conception (NJ)
Irvington (NJ),1107,Irvington (NJ)
Iselin Kennedy Memorial (NJ),514,Iselin Kennedy Memorial (NJ)
Iselin John F. Kennedy Memorial (NJ),10,Iselin Kennedy Memorial (NJ)
Jackson Liberty (NJ),175,Jackson Liberty (NJ)
Jackson Township Jackson Memorial (NJ),669,Jackson Township Jackson Memorial (NJ)
Jamesburg New Jersey Training (NJ),49,Jamesburg New Jersey Training (NJ)
New Jersey Training (NJ),12,Jamesburg New Jersey Training (NJ)
Jamesburg New Jersey Training School (NJ),3,Jamesburg New Jersey Training (NJ)
Jersey City Dickinson (NJ),1065,Jersey City Dickinson (NJ)
Jersey City Ferris (NJ),817,Jersey City Ferris (NJ)
Jersey City Hudson Catholic (NJ),557,Jersey City Hudson Catholic (NJ)
Jersey City Lincoln (NJ),1003,Jersey City Lincoln (NJ)
Jersey City Snyder (NJ),803,Jersey City Snyder (NJ)
Jersey City St. Anthony (NJ),92,Jersey City St. Anthony (NJ)
Jersey City St. Joseph (NJ),1,Jersey City St. Joseph (NJ)
Jersey City St. Joseph School (NJ),1,Jersey City St. Joseph (NJ)
Jersey City St. Peters Prep (NJ),29,Jersey City St. Peters Prep (NJ)
Jersey City St. Peters (NJ),17,Jersey City St. Peters Prep (NJ)
Jersey City St. Peter's (NJ),10,Jersey City St. Peters Prep (NJ)
Jersey St. Peters (NJ),6,Jersey City St. Peters Prep (NJ)
Jersey City Saint Peter's Prep (NJ),1165,Jersey City St. Peter's Prep (NJ)
Jersey City Saint Peter's Prep Alumni (NJ),1,Jersey City St. Peter's Prep Alumni (NJ)
Keansburg (NJ),590,Keansburg (NJ)
Kearny (NJ),975,Kearny (NJ)
Kenilworth Brearley (NJ),558,Kenilworth Brearley (NJ)
Keyport (NJ),1047,Keyport (NJ)
Keyport-Hudson Regional (NJ),155,Keyport-Hudson Regional (NJ)
Keyport Hudson (NJ),19,Keyport-Hudson Regional (NJ)
Kinnelon (NJ),612,Kinnelon (NJ)
Lakehurst Manchester Township (NJ),919,Lakehurst Manchester Township (NJ)
Lakewood (NJ),1106,Lakewood (NJ)
Lambertville South Hunterdon (NJ),945,Lambertville South Hunterdon (NJ)
Lanoka Harbor Lacey Township (NJ),485,Lanoka Harbor Lacey Township (NJ)
Lawrenceville Lawrence (NJ),710,Lawrenceville Lawrence (NJ)
Lawrenceville Notre Dame (NJ),639,Lawrenceville Notre Dame (NJ)
Lawrenceville School (NJ),825,Lawrenceville School (NJ)
Leonia (NJ),847,Leonia (NJ)
Linden (NJ),986,Linden (NJ)
Lindenwold (NJ),242,Lindenwold (NJ)
Linwood Mainland Regional (NJ),670,Linwood Mainland Regional (NJ)
Little Falls Passaic Valley (NJ),873,Little Falls Passaic Valley (NJ)
Little Silver Red Bank Regional (NJ),1027,Little Silver Red Bank Regional (NJ)
Livingston (NJ),699,Livingston (NJ)
Livingston Newark Academy (NJ),1026,Livingston Newark Academy (NJ)
Livingston School (NJ),4,Livingston Newark Academy (NJ)
Lodi (NJ),977,Lodi (NJ)
Long Branch (NJ),1184,Long Branch (NJ)
LowerCape MayRegional (NJ),909,Lower Cape May Regional (NJ)
Lower Cape May Regional (NJ),3,Lower Cape May Regional (NJ)
Lower Cape May Regiona (NJ),1,Lower Cape May Regional (NJ)
Lyndhurst (NJ),1047,Lyndhurst (NJ)
Madison (NJ),1005,Madison (NJ)
Madison Bayley Ellard (NJ),21,Madison Bayley-Ellard (NJ)
Madison Bayley-Ellard (NJ),11,Madison Bayley-Ellard (NJ)
Madison Township (NJ),616,Madison Township (NJ)
Mahwah (NJ),730,Mahwah (NJ)
Manahawkin Southern Regional (NJ),906,Manahawkin Southern Regional (NJ)
Manasquan (NJ),1053,Manasquan (NJ)
Manville (NJ),659,Manville (NJ)
Maple Shade (NJ),527,Maple Shade (NJ)
Maplewood Columbia (NJ),1158,Maplewood Columbia (NJ)
Marlboro (NJ),581,Marlboro (NJ)
Marlton Cherokee (NJ),564,Marlton Cherokee (NJ)
Martinsville The Pingry School (NJ),1079,Martinsville The Pingry School (NJ)
Martinsville The Pingry (NJ),18,Martinsville The Pingry School (NJ)
Martinsville Pingry JV (NJ),3,Martinsville The Pingry School JV (NJ)
Mays Landing Atlantic County Vo-Tech (NJ),122,Mays Landing Atlantic County Vo-Tech (NJ)
Mays Landing Atlantic County (NJ),16,Mays Landing Atlantic County Vo-Tech (NJ)
Mays Landing Oakcrest (NJ),645,Mays Landing Oakcrest (NJ)
Medford Lenape (NJ),738,Medford Lenape (NJ)
Medford Shawnee (NJ),604,Medford Shawnee (NJ)
Merchantville (NJ),431,Merchantville (NJ)
Metuchen (NJ),958,Metuchen (NJ)
Metuchen St. Joseph (NJ),133,Metuchen St. Joseph (NJ)
Middlesex (NJ),642,Middlesex (NJ)
Middletown North (NJ),1004,Middletown North (NJ)
Middletown South (NJ),559,Middletown South (NJ)
Midland Park (NJ),541,Midland Park (NJ)
Millburn (NJ),1029,Millburn (NJ)
Millington Bonnie BraeFarm For Boys (NJ),1,Millington Bonnie Brae Farm For Boys (NJ)
Millville (NJ),1171,Millville (NJ)
Monmouth Junction South Brunswick (NJ),627,Monmouth Junction South Brunswick (NJ)
Monroe Township (NJ),435,Monroe Township (NJ)
Montclair (NJ),1425,Montclair (NJ)
Montclair Immaculate Conception (NJ),553,Montclair Immaculate Conception (NJ)
Montclair Kimberley Academy (NJ),1089,Montclair Kimberley Academy (NJ)
Mont clair State University (NJ),78,Montclair State University (NJ)
Montclair State University (NJ),1,Montclair State University (NJ)
Montclair State University Fresh (NJ),1,Montclair State University Frosh (NJ)
Montclair State University Frosh (NJ),1,Montclair State University Frosh (NJ)
Montclair StateUniversity Frosh (NJ),1,Montclair State University Frosh (NJ)
Montvale Pascack Hills (NJ),656,Montvale Pascack Hills (NJ)
Montvale Saint Joseph Regional (NJ),733,Montvale St. Joseph Regional (NJ)
Montvale St. Joseph Regional (NJ),1,Montvale St. Joseph Regional (NJ)
Montville (NJ),558,Montville (NJ)
Moorestown (NJ),1075,Moorestown (NJ)
Morristown (NJ),1087,Morristown (NJ)
Morristown Delbarton (NJ),805,Morristown Delbarton (NJ)
Morristown-Beard (NJ),961,Morristown-Beard (NJ)
Mount Holly (NJ),23,Mount Holly Academy (NJ)
Mount Holly Academy (NJ),7,Mount Holly Academy (NJ)
Mt. Holly Rancocas Valley (NJ),1006,Mount Holly Rancocas Valley Regional (NJ)
Mt. Holly RancocasValley Regional (NJ),236,Mount Holly Rancocas Valley Regional (NJ)
Mt. Holly Rancocas Valley Regional (NJ),3,Mount Holly Rancocas Valley Regional (NJ)
Mountain Lakes (NJ),852,Mountain Lakes (NJ)
Mullica Hill Clearview (NJ),639,Mullica Hill Clearview (NJ)
Mullica Hill ClearviewRegional (NJ),1,Mullica Hill Clearview (NJ)
Neptune (NJ),1097,Neptune (NJ)
Netcong (NJ),353,Netcong (NJ)
New Brunswick St. Peter's (NJ),572,New Brunswick St. Peter's (NJ)
New Brunswick St. Peters (NJ),11,New Brunswick St. Peter's (NJ)
New Brunswick St. Peter (NJ),1,New Brunswick St. Peter's (NJ)
New Egypt (NJ),253,New Egypt (NJ)
New Jersey School for the Deaf (NJ),241,New Jersey School for the Deaf (NJ)
New Milford (NJ),690,New Milford (NJ)
New Monmouth Mater Dei (NJ),580,New Monmouth Mater Dei (NJ)
New Providence (NJ),683,New Providence (NJ)
Newark Barringer (NJ),1298,Newark Barringer (NJ)
Newark Central (NJ),1110,Newark Central (NJ)
Newark Collegiate Academy (NJ),92,Newark Collegiate Academy (NJ)
Newark Collegiate (NJ),15,Newark Collegiate Academy (NJ)
Newark East Side (NJ),1070,Newark East Side (NJ)
Newark Essex Catholic (NJ),415,Newark Essex Catholic (NJ)
Newark Shabazz (NJ),467,Newark Shabazz (NJ)
Newark Shabazz-South Side (NJ),833,Newark Shabazz-South Side (NJ)
Newark Southside (NJ),55,Newark South Side (NJ)
Newark South Side (NJ),1,Newark South Side (NJ)
Newark St.Benedict'sPrep (NJ),531,Newark St.Benedict's Prep (NJ)
Newark St. Benedict's Preparatory (NJ),1,Newark St.Benedict's Prep (NJ)
Newark St. Benedict's Prep JV (NJ),1,Newark St.Benedict's Prep JV (NJ)
Newark Vailsburg (NJ),251,Newark Vailsburg (NJ)
Newark Weequahic (NJ),911,Newark Weequahic (NJ)
Newark West Side (NJ),925,Newark West Side (NJ)
NewBrunswick (NJ),1106,NewBrunswick (NJ)
Newton (NJ),1061,Newton (NJ)
Newton Kittatinny Regional (NJ),475,Newton Kittatinny Regional (NJ)
North Arlington (NJ),877,North Arlington (NJ)
North Arlington Queen of Peace (NJ),842,North Arlington Queen of Peace (NJ)
North Bergen (NJ),703,North Bergen (NJ)
North Brunswick (NJ),438,North Brunswick (NJ)
North Caldwell West Essex (NJ),690,North Caldwell West Essex (NJ)
North Plainfield (NJ),1056,North Plainfield (NJ)
Nutley (NJ),1067,Nutley (NJ)
Oak Ridge Jefferson Township (NJ),626,Oak Ridge Jefferson Township (NJ)
Oakhurst Ocean Township (NJ),645,Oakhurst Ocean Township (NJ)
Oakland Indian Hills (NJ),661,Oakland Indian Hills (NJ)
Ocean City (NJ),1019,Ocean City (NJ)
Old Bridge (NJ),324,Old Bridge (NJ)
Old Bridge Cedar Ridge (NJ),198,Old Bridge Cedar Ridge (NJ)
Old Bridge Madison Central (NJ),301,Old Bridge Madison Central (NJ)
Old Tappan Northern Valley (NJ),1128,Old Tappan Northern Valley (NJ)
NV-Old Tappan (NJ),39,Old Tappan Northern Valley (NJ)
Old Tappan Nv Old (NJ),21,Old Tappan Northern Valley (NJ)
Oradell Bergen Catholic (NJ),785,Oradell Bergen Catholic (NJ)
Oradell River Dell (NJ),775,Oradell River Dell (NJ)
Orange (NJ),1189,Orange (NJ)
Orange Carteret Academy (NJ),361,Orange Carteret Academy (NJ)
OrangeOur Lady of the Valley (NJ),168,Orange Our Lady of the Valley (NJ)
Orange Our Lady of the Valley (NJ),5,Orange Our Lady of the Valley (NJ)
Palisades Park-Leonia (NJ),595,Palisades Park-Leonia (NJ)
Palmyra (NJ),1118,Palmyra (NJ)
Paramus (NJ),1575,Paramus (NJ)
Paramus Catholic (NJ),613,Paramus Catholic (NJ)
Park Ridge (NJ),1048,Park Ridge (NJ)
Parlin Sayreville (NJ),846,Parlin Sayreville (NJ)
Parsippany (NJ),661,Parsippany (NJ)
Parsippany Hills (NJ),564,Parsippany Hills (NJ)
Passaic (NJ),1235,Passaic (NJ)
Passaic Pope Pius XII (NJ),412,Passaic Pope Pius XII (NJ)
Passaic Pope Pius XXII (NJ),5,Passaic Pope Pius XII (NJ)
PatersonCatholic (NJ),429,Paterson Catholic (NJ)
Paterson Central (NJ),171,Paterson Central (NJ)
Paterson Eastside (NJ),1044,Paterson Eastside (NJ)
Paterson Kennedy (NJ),1181,Paterson Kennedy (NJ)
Paulsboro (NJ),1068,Paulsboro (NJ)
Pemberton (NJ),947,Pemberton (NJ)
Pennington (NJ),292,Pennington (NJ)
Pennington Hopewell ValleyCentral (NJ),208,Pennington Hopewell Valley Central (NJ)
Pennington Hopewell Valley Central (NJ),65,Pennington Hopewell Valley Central (NJ)
Pennington School (NJ),704,Pennington School (NJ)
The Pennington School (NJ),1,Pennington School (NJ)
ThePenningtonSchool (NJ),1,Pennington School (NJ)
Pennsauken (NJ),707,Pennsauken (NJ)
Pennsauken Bishop Eustace Prep (NJ),576,Pennsauken Bishop Eustace Prep (NJ)
Pennsauken BishopEustace (NJ),2,Pennsauken Bishop Eustace Prep (NJ)
Pennsville Memorial (NJ),670,Pennsville Memorial (NJ)
Perth Amboy (NJ),993,Perth Amboy (NJ)
Philadelphia St. Thomas More (NJ),6,Philadelphia St. Thomas More (PA)
Phillipsburg (NJ),1438,Phillipsburg (NJ)
Phillipsburg Catholic (NJ),566,Phillipsburg Catholic (NJ)
Phillipsburgh Saints Philip & James School (NJ),3,Phillipsburgh Saints Philip & James School (NJ)
Phillipsburg Sts Philip & James (NJ),1,Phillipsburgh Saints Philip & James School (NJ)
Pine Beach Admiral FarragutAcademy (NJ),458,Pine Beach Admiral Farragut Academy (NJ)
Pine Beach Admiral Farragut Academy (NJ),1,Pine Beach Admiral Farragut Academy (NJ)
Pine Hill Overbrook (NJ),874,Pine Hill Overbrook (NJ)
Piscataway (NJ),701,Piscataway (NJ)
Piscataway St. Pius X (NJ),142,Piscataway St. Pius X (NJ)
Pitman (NJ),997,Pitman (NJ)
Pittsgrove Schalick (NJ),472,Pittsgrove Schalick (NJ)
Plainfield (NJ),1182,Plainfield (NJ)
Plainsboro West Windsor North West (NJ),8,Plainsboro West Windsor North West (NJ)
Plainsboro West Windsor North (NJ),7,Plainsboro West Windsor North West (NJ)
Pleasantville (NJ),1713,Pleasantville (NJ)
Point Pleasant Beach (NJ),942,Point Pleasant Beach (NJ)
Point Pleasant Beach Point Pleasant (NJ),17,Point Pleasant Beach (NJ)
Point Pleasant Boro (NJ),604,Point Pleasant Borough (NJ)
Point Pleasant Borough (NJ),313,Point Pleasant Borough (NJ)
Point Pleasant Point Pleasant (NJ),21,Point Pleasant Borough (NJ)
Point Pleasant (NJ),5,Point Pleasant Borough (NJ)
Pompton Lakes (NJ),948,Pompton Lakes (NJ)
Pompton Plains Pequannock (NJ),673,Pompton Plains Pequannock (NJ)
Pompton Plains Pequannock Township (NJ),3,Pompton Plains Pequannock (NJ)
Princeton (NJ),992,Princeton (NJ)
Princeton Day School (NJ),309,Princeton Day School (NJ)
Princeton Day (NJ),127,Princeton Day School (NJ)
Princeton Country Day (NJ),2,Princeton Day School (NJ)
Princeton Hun (NJ),782,Princeton Hun School (NJ)
Princeton Hun School (NJ),213,Princeton Hun School (NJ)
Princeton Junction West Windsor-Plainsboro South (NJ),444,Princeton Junction West Windsor-Plainsboro South (NJ)
Princeton Prep (NJ),217,Princeton Prep (NJ)
"Princeton University """"C"""" (NJ)",1,Princeton University C (NJ)
Princeton University Frosh (NJ),88,Princeton University Frosh (NJ)
Princeton Univerity Frosh (NJ),7,Princeton University Frosh (NJ)
"Princeton University Frosh """"B"""" (NJ)",2,Princeton University Frosh B (NJ)
Rahway (NJ),1158,Rahway (NJ)
Ramsey (NJ),1073,Ramsey (NJ)
Ramsey Don Bosco Prep (NJ),747,Ramsey Don Bosco Prep (NJ)
Ramsey Don Bosco (NJ),20,Ramsey Don Bosco Prep (NJ)
Randolph (NJ),665,Randolph (NJ)
Red Bank Catholic (NJ),823,Red Bank Catholic (NJ)
Richland St.AugustinePrep (NJ),327,Richland St.Augustine Prep (NJ)
Richland Saint Augustine Prep (NJ),38,Richland St.Augustine Prep (NJ)
Richland St. Augustine (NJ),18,Richland St.Augustine Prep (NJ)
Richland St. Augustine Prep (NJ),1,Richland St.Augustine Prep (NJ)
Ridgefield Memorial (NJ),638,Ridgefield Memorial (NJ)
Ridgefield Park (NJ),1120,Ridgefield Park (NJ)
Ridgewood (NJ),1172,Ridgewood (NJ)
Riverside (NJ),969,Riverside (NJ)
Robbinsville (NJ),188,Robbinsville (NJ)
Rockaway (NJ),231,Rockaway (NJ)
Rockaway Morris Hills (NJ),727,Rockaway Morris Hills (NJ)
Rockaway Morris Hills Regional (NJ),1,Rockaway Morris Hills (NJ)
Rockaway Morris Knolls (NJ),644,Rockaway Morris Knolls (NJ)
Roselle Abraham Clark (NJ),1120,Roselle Abraham Clark (NJ)
Roselle Park (NJ),1030,Roselle Park (NJ)
Rumson-Fair Haven (NJ),867,Rumson-Fair Haven (NJ)
Rumson Fair (NJ),20,Rumson-Fair Haven (NJ)
Rumson Fair-Haven (NJ),1,Rumson-Fair Haven (NJ)
Runnemede Triton (NJ),627,Runnemede Triton (NJ)
Runnemede Triton Regional (NJ),10,Runnemede Triton (NJ)
Rutgers Prep School (NJ),235,Rutgers Prep School (NJ)
Rutherford (NJ),1196,Rutherford (NJ)
Rutherford St. Mary (NJ),858,Rutherford St. Mary (NJ)
Rutherford Saint Mary (NJ),28,Rutherford St. Mary (NJ)
Saddle Brook (NJ),693,Saddle Brook (NJ)
Salem (NJ),1062,Salem (NJ)
Scotch Plains-Fanwood (NJ),974,Scotch Plains-Fanwood (NJ)
Seabrook Cumberland (NJ),473,Seabrook Cumberland (NJ)
Secaucus (NJ),491,Secaucus (NJ)
Sewell Washington Township (NJ),637,Sewell Washington Township (NJ)
Skillman Montgomery (NJ),233,Skillman Montgomery (NJ)
Somerdale Sterling (NJ),630,Somerdale Sterling (NJ)
Somerdale St. erling Silver (NJ),18,Somerdale Sterling (NJ)
McCorkle School (NJ),9,Somerset County Lloyd Mccorkle Training School For Boys And Girls (NJ)
Somerset County Lloyd Mccorkle Training School For Boys And Girls (NJ),5,Somerset County Lloyd Mccorkle Training School For Boys And Girls (NJ)
McCorkle (NJ),1,Somerset County Lloyd Mccorkle Training School For Boys And Girls (NJ)
Somerset Franklin (NJ),756,Somerset Franklin (NJ)
Somerset Franklin Township (NJ),2,Somerset Franklin (NJ)
Somerville (NJ),1123,Somerville (NJ)
Somerville Immaculata (NJ),627,Somerville Immaculata (NJ)
South Amboy Cardinal McCarrick (NJ),160,South Amboy Cardinal McCarrick (NJ)
South Amboy St. Mary's Regional (NJ),27,South Amboy St. Mary's Regional (NJ)
South Amboy St. Mary (NJ),1,South Amboy St. Mary's Regional (NJ)
South Plainfield (NJ),606,South Plainfield (NJ)
South River (NJ),1017,South River (NJ)
Sparta (NJ),699,Sparta (NJ)
Sparta Pope John XXIII (NJ),678,Sparta Pope John XXIII (NJ)
Sparta Sussex County Tech (NJ),463,Sparta Sussex County Tech (NJ)
Sparta Sussex County Vo-Tech (NJ),1,Sparta Sussex County Tech (NJ)
Spotswood (NJ),489,Spotswood (NJ)
Springfield Jonathan Dayton Regional (NJ),621,Springfield Jonathan Dayton Regional (NJ)
Springfield Dayton (NJ),271,Springfield Jonathan Dayton Regional (NJ)
Stanhope Lenape Valley (NJ),556,Stanhope Lenape Valley (NJ)
Succasunna Roxbury (NJ),1087,Succasunna Roxbury (NJ)
Summit (NJ),1145,Summit (NJ)
Summit Oratory Catholic Prep (NJ),134,Summit Oratory Catholic Prep (NJ)
Sussex County Franklin (NJ),412,Sussex County Franklin (NJ)
Sussex High Point (NJ),590,Sussex High Point (NJ)
Swedesboro Kingsway Regional (NJ),190,Swedesboro Kingsway Regional (NJ)
Tabernacle Seneca (NJ),229,Tabernacle Seneca (NJ)
Teaneck (NJ),985,Teaneck (NJ)
Tenafly (NJ),1013,Tenafly (NJ)
The College of New Jersey (NJ),952,The College of New Jersey (NJ)
Tinton Falls MonmouthRegional (NJ),631,Tinton Falls Monmouth Regional (NJ)
Tinton Falls Monmouth Regional (NJ),20,Tinton Falls Monmouth Regional (NJ)
Toms River East (NJ),495,Toms River East (NJ)
Toms River Monsignor Donovan Catholic (NJ),603,Toms River Monsignor Donovan Catholic (NJ)
Toms River North (NJ),637,Toms River North (NJ)
Toms River South (NJ),1047,Toms River South (NJ)
Trenton Catholic (NJ),214,Trenton Catholic (NJ)
Trenton Catholic-Immaculate Conception (NJ),240,Trenton Catholic-Immaculate Conception (NJ)
Trenton Central (NJ),1169,Trenton Central (NJ)
Trenton Ewing (NJ),723,Trenton Ewing (NJ)
Trenton Hamilton North-Nottingham (NJ),142,Trenton Hamilton North-Nottingham (NJ)
Trenton McCorristinCatholic (NJ),397,Trenton McCorristin Catholic (NJ)
McCorristin (NJ),15,Trenton McCorristin Catholic (NJ)
Trenton McCorristin Catholic (NJ),10,Trenton McCorristin Catholic (NJ)
Hamilton McCorristinCatholic (NJ),1,Trenton McCorristin Catholic (NJ)
McCorrister (NJ),1,Trenton McCorristin Catholic (NJ)
TrentonStateCollege (NJ),18,Trenton State College (NJ)
Trenton State Teachers College (NJ),16,Trenton State College (NJ)
Trenton State JV (NJ),3,Trenton State College JV (NJ)
TrentonStateCollege JV (NJ),1,Trenton State College JV (NJ)
Tuckerton Pinelands Regional (NJ),433,Tuckerton Pinelands Regional (NJ)
Tuckerton Pineland Regional (NJ),1,Tuckerton Pinelands Regional (NJ)
Union (NJ),1046,Union (NJ)
Union City (NJ),188,Union City (NJ)
Union City Emerson (NJ),798,Union City Emerson (NJ)
Union City St. Michael's (NJ),161,Union City St. Michael's (NJ)
Union City St. Michaels (NJ),12,Union City St. Michael's (NJ)
Union St. Michael's (NJ),3,Union City St. Michael's (NJ)
Union City Union Hill (NJ),779,Union City Union Hill (NJ)
Union City Union Hills (NJ),4,Union City Union Hill (NJ)
Universtiy of Pennsylvania Frosh (NJ),5,Universtiy of Pennsylvania Frosh (PA)
Upsala College Frosh (NJ),4,Upsala College Frosh (NJ)
Upsala College Fresh (NJ),1,Upsala College Frosh (NJ)
Vernon (NJ),498,Vernon (NJ)
Verona (NJ),883,Verona (NJ)
Vineland (NJ),1156,Vineland (NJ)
Voorhees Eastern (NJ),636,Voorhees Eastern (NJ)
Voorhees Eastern Regional (NJ),3,Voorhees Eastern (NJ)
Waldwick-Midland Park (NJ),637,Waldwick-Midland Park (NJ)
Waldwick Midland (NJ),17,Waldwick-Midland Park (NJ)
Wall Township (NJ),695,Wall Township (NJ)
Wallington (NJ),785,Wallington (NJ)
Wanaque Lakeland Regional (NJ),720,Wanaque Lakeland Regional (NJ)
Warren WatchungHills Regional (NJ),700,Warren Watchung Hills Regional (NJ)
Warren Watchung Hills Regional (NJ),10,Warren Watchung Hills Regional (NJ)
Washington Township Westwood (NJ),1072,Washington Township Westwood (NJ)
Washington Warren Hills Regional (NJ),1040,Washington Warren Hills Regional (NJ)
Washington Warren Hills (NJ),10,Washington Warren Hills Regional (NJ)
Wayne DePaul Catholic (NJ),737,Wayne DePaul Catholic (NJ)
Wayn DePaul Catholice (NJ),22,Wayne DePaul Catholic (NJ)
Wayne De Paul (NJ),12,Wayne DePaul Catholic (NJ)
Wayne DePaul (NJ),11,Wayne DePaul Catholic (NJ)
Wayne Hills (NJ),677,Wayne Hills (NJ)
Wayne Neumann Prep (NJ),107,Wayne Neumann Prep (NJ)
Wayne PassaicCounty Tech (NJ),566,Wayne Passaic County Tech (NJ)
Wayne Passaic County (NJ),20,Wayne Passaic County Tech (NJ)
Wayne Passaic County Tech (NJ),1,Wayne Passaic County Tech (NJ)
Wayne Valley (NJ),802,Wayne Valley (NJ)
Weehawken (NJ),765,Weehawken (NJ)
Wenonah Military Academy (NJ),208,Wenonah Military Academy (NJ)
West Caldwell (NJ),957,West Caldwell (NJ)
West Long Branch Shore Regional (NJ),644,West Long Branch Shore Regional (NJ)
West Milford (NJ),674,West Milford (NJ)
West Morris Mendham (NJ),536,West Morris Mendham (NJ)
West New York Memorial (NJ),963,West New York Memorial (NJ)
Western New York Memorial (NJ),39,West New York Memorial (NJ)
West New York St.Josephof thePalisades (NJ),347,West New York St.Joseph of  the Palisades (NJ)
West New York St. Joseph Palisades (NJ),122,West New York St.Joseph of  the Palisades (NJ)
West New York St. Joseph's (NJ),11,West New York St.Joseph of  the Palisades (NJ)
Western New York St. Joseph of the Palisades (NJ),10,West New York St.Joseph of  the Palisades (NJ)
West New York St. Joseph of the Palisade (NJ),5,West New York St.Joseph of  the Palisades (NJ)
West New York St. Joseph of the Palisades (NJ),2,West New York St.Joseph of  the Palisades (NJ)
West Orange (NJ),1084,West Orange (NJ)
West Orange Carteret Prep (NJ),209,West Orange Carteret Prep (NJ)
West Orange Carteret Prep School (NJ),12,West Orange Carteret Prep (NJ)
West Orange Mountain (NJ),203,West Orange Mountain (NJ)
West Orange Seton Hall Prep (NJ),1055,West Orange Seton Hall Prep (NJ)
West Orange Seton Hall (NJ),17,West Orange Seton Hall Prep (NJ)
West Philadelphia Catholic (NJ),7,West Philadelphia Catholic (PA)
West Windsor-Plainsboro North (NJ),174,West Windsor-Plainsboro North (NJ)
West Windsor-Plainsboro North-West Windsor-Plainsboro South (NJ),28,West Windsor-Plainsboro North-South (NJ)
West Windsor-Plainsboro North-South (NJ),21,West Windsor-Plainsboro North-South (NJ)
Westfield (NJ),1257,Westfield (NJ)
Westmont Haddon Township (NJ),613,Westmont Haddon Township (NJ)
Westville West Deptford (NJ),672,Westville West Deptford (NJ)
Wharton (NJ),114,Wharton (NJ)
Whippany Park (NJ),561,Whippany Park (NJ)
Wildwood (NJ),859,Wildwood (NJ)
Williamstown (NJ),687,Williamstown (NJ)
Willingboro (NJ),552,Willingboro (NJ)
Willingboro Kennedy (NJ),219,Willingboro Kennedy (NJ)
Wood Ridge Wood-Ridge (NJ),702,Wood Ridge Wood-Ridge (NJ)
Wood Ridge Wood Ridge (NJ),18,Wood Ridge Wood-Ridge (NJ)
Woodbine Baron De Hirsch Agricultural School (NJ),8,Woodbine Baron De Hirsch Agricultural School (NJ)
Baron de Hirsch School (NJ),4,Woodbine Baron De Hirsch Agricultural School (NJ)
Woodbridge (NJ),987,Woodbridge (NJ)
Woodbury (NJ),1123,Woodbury (NJ)
Woodbury Heights Gateway Regional (NJ),576,Woodbury Heights Gateway Regional (NJ)
Wood-Ridge (NJ),258,Wood-Ridge (NJ)
Woodstown (NJ),1168,Woodstown (NJ)
Woolwich Township Kingsway (NJ),1010,Woolwich Township Kingsway (NJ)
