Alias_Name,GameCount,Standardized_Name
Alamogordo (NM),629,Alamogordo (NM)
Albuquerque (NM),623,Albuquerque (NM)
Albuquerque Academy (NM),472,Albuquerque Academy (NM)
Albuquerque Atrisco Heritage Academy (NM),152,Albuquerque Atrisco Heritage Academy (NM)
Albuquerque Cibola (NM),520,Albuquerque Cibola (NM)
Albuquerque Del Norte (NM),544,Albuquerque Del Norte (NM)
Albuquerque Eldorado (NM),633,Albuquerque Eldorado (NM)
Albuquerque Highland (NM),819,Albuquerque Highland (NM)
Albuquerque Hope Christian (NM),184,Albuquerque Hope Christian (NM)
Albuquerque La Cueva (NM),450,Albuquerque La Cueva (NM)
Albuquerque Manzano (NM),692,Albuquerque Manzano (NM)
Albuquerque Menaul (NM),431,Albuquerque Menaul (NM)
Albuquerque Rio Grande (NM),533,Albuquerque Rio Grande (NM)
Albuquerque Sandia (NM),746,Albuquerque Sandia (NM)
Albuquerque St. Pius (NM),8,Albuquerque St. Pius X (NM)
Albuquerque St. Pius X (NM),538,Albuquerque St. Pius X (NM)
Albuquerque Valley (NM),560,Albuquerque Valley (NM)
Albuquerque Volcano Vista (NM),189,Albuquerque Volcano Vista (NM)
Albuquerque West Mesa (NM),514,Albuquerque West Mesa (NM)
Animas (NM),414,Animas (NM)
Anthony Gadsden (NM),487,Anthony Gadsden (NM)
Artesia (NM),1008,Artesia (NM)
Aztec (NM),750,Aztec (NM)
Bayard Cobre (NM),520,Bayard Cobre (NM)
Belen (NM),534,Belen (NM)
Bernalillo (NM),357,Bernalillo (NM)
Bloomfield (NM),636,Bloomfield (NM)
Capitan (NM),473,Capitan (NM)
Carlsbad (NM),733,Carlsbad (NM)
Carrizozo (NM),346,Carrizozo (NM)
Chaparral (NM),178,Chaparral (NM)
Clayton (NM),508,Clayton (NM)
Cloudcroft (NM),381,Cloudcroft (NM)
Clovis (NM),815,Clovis (NM)
Crown Point (NM),411,Crown Point (NM)
Cuba (NM),425,Cuba (NM)
Deming (NM),561,Deming (NM)
Dexter (NM),491,Dexter (NM)
Dora (NM),108,Dora (NM)
Dulce (NM),355,Dulce (NM)
Espanola McCurdy (NM),372,Espanola McCurdy (NM)
Espanola McCurdy Mission (NM),29,Espanola McCurdy (NM)
Espanola Valley (NM),472,Espanola Valley (NM)
Estancia (NM),508,Estancia (NM)
Eunice (NM),524,Eunice (NM)
Farmington (NM),760,Farmington (NM)
Farmington Navajo Prep (NM),367,Farmington Navajo Prep (NM)
Farmington Piedra Vista (NM),318,Farmington Piedra Vista (NM)
Floyd (NM),193,Floyd (NM)
Fort Sumner (NM),359,Fort Sumner (NM)
Fort Sumner House (NM),7,Fort Sumner-House (NM)
Fort Sumner-House (NM),109,Fort Sumner-House (NM)
Fort Wingate (NM),392,Fort Wingate (NM)
Fort Wingate Wingate (NM),9,Fort Wingate (NM)
Gallup (NM),573,Gallup (NM)
Gallup Miyamura (NM),179,Gallup Miyamura (NM)
Grants (NM),526,Grants (NM)
Hagerman (NM),453,Hagerman (NM)
Hatch Valley (NM),454,Hatch Valley (NM)
Hobbs (NM),662,Hobbs (NM)
Hondo (NM),209,Hondo (NM)
Jal (NM),482,Jal (NM)
Kirtland Central (NM),640,Kirtland Central (NM)
Lake Arthur (NM),245,Lake Arthur (NM)
Las Cruces (NM),1014,Las Cruces (NM)
Las Cruces Centennial (NM),147,Las Cruces Centennial (NM)
Las Cruces Mayfield (NM),676,Las Cruces Mayfield (NM)
Las Cruces Mesilla Valley (NM),7,Las Cruces Mesilla Valley Christian (NM)
Las Cruces Mesilla Valley Christian (NM),155,Las Cruces Mesilla Valley Christian (NM)
Las Cruces Onate (NM),387,Las Cruces Onate (NM)
Las Vegas Robertson (NM),548,Las Vegas Robertson (NM)
Logan (NM),217,Logan (NM)
Lordsburg (NM),520,Lordsburg (NM)
Los Alamos (NM),534,Los Alamos (NM)
Los Lunas (NM),514,Los Lunas (NM)
Los Lunas Valencia (NM),187,Los Lunas Valencia (NM)
Loving (NM),343,Loving (NM)
Lovington (NM),581,Lovington (NM)
Magdalena (NM),243,Magdalena (NM)
Magdalena Alamo Navajo (NM),109,Magdalena Alamo Navajo (NM)
Melrose (NM),315,Melrose (NM)
Mescalero Apache (NM),194,Mescalero Apache (NM)
Moriarty (NM),505,Moriarty (NM)
Mountainair (NM),345,Mountainair (NM)
Navajo Pine (NM),266,Navajo Pine (NM)
New Laguna Acoma (NM),438,New Laguna Acoma (NM)
New Mexico School for the Deaf (NM),95,New Mexico School for the Deaf (NM)
New Mexico State (NM),2,New Mexico State University (NM)
New Mexico State College (NM),1,New Mexico State University (NM)
New Mexico State University (NM),1,New Mexico State University (NM)
Newcomb (NM),335,Newcomb (NM)
Pojoaque Valley (NM),293,Pojoaque Valley (NM)
Portales (NM),579,Portales (NM)
Questa (NM),379,Questa (NM)
Ramah (NM),259,Ramah (NM)
Raton (NM),564,Raton (NM)
Reserve (NM),277,Reserve (NM)
Rio Rancho (NM),316,Rio Rancho (NM)
Rio Rancho Cleveland (NM),191,Rio Rancho Cleveland (NM)
Roswell (NM),847,Roswell (NM)
Roswell Gateway Christian (NM),221,Roswell Gateway Christian (NM)
Roswell Goddard (NM),593,Roswell Goddard (NM)
Roswell New Mexico (NM),8,Roswell New Mexico Military Institute (NM)
Roswell New Mexico Military Institute (NM),523,Roswell New Mexico Military Institute (NM)
Ruidoso (NM),559,Ruidoso (NM)
Santa Fe (NM),566,Santa Fe (NM)
Santa Fe New Mexico (NM),16,Santa Fe (NM)
Santa Fe Capital (NM),365,Santa Fe Capital (NM)
Santa Fe Indian (NM),314,Santa Fe Indian (NM)
Santa Fe Indians (NM),19,Santa Fe Indian (NM)
Santa Fe St. Michaels (NM),9,Santa Fe St. Michaels (NM)
Santa Fe St.Michael's (NM),426,Santa Fe St. Michaels (NM)
Santa Rosa (NM),518,Santa Rosa (NM)
Santa Teresa (NM),329,Santa Teresa (NM)
Shiprock (NM),478,Shiprock (NM)
Silver City (NM),593,Silver City (NM)
Silver City Silver (NM),9,Silver City (NM)
Socorro (NM),540,Socorro (NM)
Socorro B (NM),1,Socorro JV (NM)
Socorro JV (NM),2,Socorro JV (NM)
Springer (NM),257,Springer (NM)
Taos (NM),510,Taos (NM)
Tatum (NM),421,Tatum (NM)
Texico (NM),515,Texico (NM)
Thoreau (NM),445,Thoreau (NM)
Tierra Amarilla Escalante (NM),448,Tierra Amarilla Escalante (NM)
Tohatchi (NM),458,Tohatchi (NM)
Truth or Consequences Hot Springs (NM),467,Truth or Consequences Hot Springs (NM)
Tucumcari (NM),543,Tucumcari (NM)
Tularosa (NM),547,Tularosa (NM)
Vaughn (NM),224,Vaughn (NM)
Las Vegas West Las (NM),20,West Las Vegas (NM)
West Las Vegas (NM),481,West Las Vegas (NM)
Zuni (NM),404,Zuni (NM)
