Alias_Name,GameCount,Standardized_Name
Accord Rondout Valley (NY),206,Accord Rondout Valley (NY)
Adams South Jefferson (NY),343,Adams South Jefferson (NY)
Afton Central (NY),108,Afton Central (NY)
Akron (NY),422,Akron (NY)
Albany (NY),286,Albany (NY)
Albany Academy for Boys (NY),247,Albany Academy for Boys (NY)
Albany Academy (NY),1,Albany Academy for Boys (NY)
Albany Bishop Maginn (NY),191,Albany Bishop Maginn (NY)
Albany Christian Brothers Academy (NY),344,Albany Christian Brothers Academy (NY)
Albany Christian Brothers (NY),21,Albany Christian Brothers Academy (NY)
Albany Colonie Central (NY),296,Albany Colonie Central (NY)
Albany Green Tech (NY),116,Albany Green Tech (NY)
Albion (NY),493,Albion (NY)
Albion Purple (NY),15,Albion (NY)
Alden (NY),447,Alden (NY)
Alexandria Bay Alexandria Central (NY),406,Alexandria Bay Alexandria Central (NY)
Allegany-Limestone (NY),350,Allegany-Limestone (NY)
Allegany Limestone (NY),14,Allegany-Limestone (NY)
Altmar-Parish-Williamstown (NY),375,Altmar-Parish-Williamstown (NY)
Amherst Central (NY),445,Amherst Central (NY)
Amherst Sweet Home (NY),560,Amherst Sweet Home (NY)
Amityville Memorial (NY),401,Amityville Memorial (NY)
Amsterdam (NY),346,Amsterdam (NY)
Angola Lake Shore (NY),428,Angola Lake Shore (NY)
Ardsley (NY),371,Ardsley (NY)
Armonk Byram Hills (NY),370,Armonk Byram Hills (NY)
Astoria St. John's Prep (NY),11,Astoria St. John's Prep (NY)
Astoria St. John's Prep School (NY),9,Astoria St. John's Prep (NY)
Athol Springs Saint Francis (NY),604,Athol Springs St. Francis (NY)
Attica (NY),375,Attica (NY)
Auburn (NY),477,Auburn (NY)
Averill Park (NY),275,Averill Park (NY)
Avon (NY),445,Avon (NY)
Babylon (NY),440,Babylon (NY)
Bainbridge-Guilford (NY),114,Bainbridge-Guilford (NY)
Bainbridge Guilford (NY),22,Bainbridge-Guilford (NY)
Bainbridge-Guilford-Afton (NY),328,Bainbridge-Guilford-Afton (NY)
Baldwin (NY),476,Baldwin (NY)
Baldwinsville Baker (NY),446,Baldwinsville Baker (NY)
Baldwinsville (NY),16,Baldwinsville Baker (NY)
Ballston Spa (NY),402,Ballston Spa (NY)
Bardonia Albertus Magnus (NY),264,Bardonia Albertus Magnus (NY)
Barker (NY),280,Barker (NY)
Batavia (NY),530,Batavia (NY)
Batavia Notre Dame (NY),407,Batavia Notre Dame (NY)
Bath Haverling (NY),502,Bath Haverling (NY)
Haverling Bath (NY),3,Bath Haverling (NY)
Bay Shore (NY),395,Bay Shore (NY)
Bayport-Blue Point (NY),389,Bayport-Blue Point (NY)
Bayside (NY),370,Bayside (NY)
Bayside Cardozo (NY),124,Bayside Cardozo (NY)
Bayside Cardoza (NY),1,Bayside Cardozo (NY)
Beacon (NY),307,Beacon (NY)
Beaver Falls Beaver River (NY),334,Beaver Falls Beaver River (NY)
Bedford Fox Lane (NY),419,Bedford Fox Lane (NY)
Bellmore John F. Kennedy (NY),362,Bellmore John F. Kennedy (NY)
Bellmore Kennedy (NY),5,Bellmore John F. Kennedy (NY)
Bemus Point Maple Grove (NY),237,Bemus Point Maple Grove (NY)
Bemus Point Maple Grove-Chautauqua Lake (NY),172,Bemus Point Maple Grove-Chautauqua Lake (NY)
Berne Helderberg Valley [Berne-Knox-Westerlo-Duanesburg] (NY),7,Berne-Knox-Westerlo (NY)
Berne-Knox-Westerlo (NY),2,Berne-Knox-Westerlo (NY)
Bethpage (NY),443,Bethpage (NY)
Binghampton North (NY),141,Binghampton North (NY)
Binghamton (NY),999,Binghamton (NY)
Binghamton Chenango Forks (NY),744,Binghamton Chenango Forks (NY)
Binghamton Chenango Valley Central (NY),513,Binghamton Chenango Valley Central (NY)
Binghamton Seton Catholic Central (NY),421,Binghamton Seton Catholic Central (NY)
Seton Catholic (NY),19,Binghamton Seton Catholic Central (NY)
Bohemia Connetquot (NY),379,Bohemia Connetquot (NY)
Bohemia Connetquot T (NY),15,Bohemia Connetquot (NY)
Boiceville Onteora (NY),159,Boiceville Onteora (NY)
Bolivar (NY),203,Bolivar (NY)
Bolivar-Richburg (NY),221,Bolivar-Richburg (NY)
Bolivar Richburg (NY),1,Bolivar-Richburg (NY)
Boonville Adirondack (NY),371,Boonville Adirondack (NY)
Brasher Falls St. Lawrence Central (NY),258,Brasher Falls St. Lawrence Central (NY)
Brasher Falls Saint Lawrence Central (NY),26,Brasher Falls St. Lawrence Central (NY)
Brasher Falls St. Lawrence (NY),13,Brasher Falls St. Lawrence Central (NY)
Brentwood (NY),337,Brentwood (NY)
Brewster (NY),420,Brewster (NY)
Briarcliff Manor Briarcliff (NY),375,Briarcliff Manor Briarcliff (NY)
Briarcliff Manor (NY),1,Briarcliff Manor Briarcliff (NY)
Broadalbin-Perth (NY),334,Broadalbin-Perth (NY)
Broadalbin Perth (NY),16,Broadalbin-Perth (NY)
Brockport (NY),438,Brockport (NY)
Brocton (NY),271,Brocton (NY)
Bronx Cardinal Hayes (NY),545,Bronx Cardinal Hayes (NY)
Bronx Cardinal Spellman (NY),376,Bronx Cardinal Spellman (NY)
Bronx Columbus (NY),266,Bronx Columbus (NY)
Bronx DeWitt Clinton (NY),358,Bronx DeWitt Clinton (NY)
Bronx Evander Childs (NY),305,Bronx Evander Childs (NY)
Bronx Evander?Childs (NY),1,Bronx Evander Childs (NY)
Bronx Fieldston (NY),321,Bronx Fieldston (NY)
Bronx Fordham Prep (NY),428,Bronx Fordham Prep (NY)
Bronx Fordham Prep School (NY),21,Bronx Fordham Prep (NY)
Bronx Kennedy (NY),431,Bronx Kennedy (NY)
Bronx Lehman (NY),313,Bronx Lehman (NY)
Bronx Mott Haven (NY),120,Bronx Mott Haven (NY)
Bronx Mount Saint Michael Academy (NY),643,Bronx Mt. St. Michael Academy (NY)
Bronx Mt. St. Academy (NY),18,Bronx Mt. St. Michael Academy (NY)
Bronx Riverdale Country (NY),370,Bronx Riverdale Country (NY)
Bronx Riverdale Country School (NY),10,Bronx Riverdale Country (NY)
Bronx Smith (NY),160,Bronx Smith (NY)
Bronx St. Catherine (NY),3,Bronx St. Catharine Academy (NY)
Bronx St. Catharine Academy (NY),1,Bronx St. Catharine Academy (NY)
Bronx Stevenson (NY),285,Bronx Stevenson (NY)
Bronx Truman (NY),316,Bronx Truman (NY)
Bronxville (NY),404,Bronxville (NY)
Bronxville ConcordiaPrep (NY),10,Bronxville Concordia Prep (NY)
Bronxville Concordia Prep School (NY),6,Bronxville Concordia Prep (NY)
Bronxville Concordia Prep (NY),3,Bronxville Concordia Prep (NY)
Bronxville Concordia Prep (NY) (NY),1,Bronxville Concordia Prep (NY)
Brookhaven Bellport (NY),423,Brookhaven Bellport (NY)
Brooklyn Automotive (NY),144,Brooklyn Automotive (NY)
Brooklyn Bishop Ford (NY),164,Brooklyn Bishop Ford (NY)
Brooklyn Boys & Girls (NY),301,Brooklyn Boys & Girls (NY)
Brooklyn Boys And (NY),13,Brooklyn Boys & Girls (NY)
Brooklyn Canarsie (NY),324,Brooklyn Canarsie (NY)
Brooklyn Erasmus Hall (NY),396,Brooklyn Erasmus Hall (NY)
Brooklyn Evening (NY),6,Brooklyn Evening (NY)
Brooklyn Evening High School (NY),1,Brooklyn Evening (NY)
Brooklyn Fort Hamilton (NY),295,Brooklyn Fort Hamilton (NY)
Brooklyn Frank J. Macchiarola (NY),59,Brooklyn Frank J. Macchiarola (NY)
Brooklyn Frank J (NY),20,Brooklyn Frank J. Macchiarola (NY)
Brooklyn Grady (NY),206,Brooklyn Grady (NY)
Brooklyn Grand Street Campus (NY),195,Brooklyn Grand Street Campus (NY)
Brooklyn Jefferson (NY),292,Brooklyn Jefferson (NY)
Brooklyn John Jay (NY),128,Brooklyn John Jay (NY)
Brooklyn Lafayette (NY),302,Brooklyn Lafayette (NY)
Brooklyn Lane (NY),204,Brooklyn Lane (NY)
Brooklyn Lincoln (NY),429,Brooklyn Lincoln (NY)
Brooklyn Madison (NY),321,Brooklyn Madison (NY)
Brooklyn Midwood (NY),326,Brooklyn Midwood (NY)
Brooklyn Nazareth (NY),210,Brooklyn Nazareth (NY)
Brooklyn New Utrecht (NY),314,Brooklyn New Utrecht (NY)
Brooklyn Poly Prep Country Day (NY),404,Brooklyn Poly Prep Country Day (NY)
Brooklyn Prep (NY),73,Brooklyn Poly Prep Country Day (NY)
Brooklyn Prep School (NY),15,Brooklyn Poly Prep Country Day (NY)
Brooklyn Sheepshead Bay (NY),300,Brooklyn Sheepshead Bay (NY)
Brooklyn South Shore (NY),344,Brooklyn South Shore (NY)
Brooklyn Saint John's Prep (NY),6,Brooklyn St Johns Prep (NY)
Brooklyn St Johns Prep (NY),1,Brooklyn St Johns Prep (NY)
Brooklyn St. John's Prep (NY),103,Brooklyn St. John's Prep (NY)
Brooklyn Tech (NY),325,Brooklyn Tech (NY)
Brooklyn Tilden (NY),297,Brooklyn Tilden (NY)
Brooklyn Xaverian (NY),265,Brooklyn Xaverian (NY)
Brookville Long Island Lutheran (NY),352,Brookville Long Island Lutheran (NY)
Brookville Long Island (NY),16,Brookville Long Island Lutheran (NY)
Buffalo Bennett (NY),308,Buffalo Bennett (NY)
Buffalo Bishop Timon (NY),151,Buffalo Bishop Timon (NY)
Buffalo Bishop Timon-Saint Jude (NY),348,Buffalo Bishop Timon-St. Jude (NY)
Buffalo Bishop Turner-Carroll (NY),110,Buffalo Bishop Turner-Carroll (NY)
Buffalo Burgard-Math Science Tech Prep at Seneca (NY),376,Buffalo Burgard-Math Science Tech Prep at Seneca (NY)
Buffalo Canisius (NY),570,Buffalo Canisius (NY)
Buffalo Grover Cleveland (NY),282,Buffalo Grover Cleveland (NY)
Buffalo Health Sciences Academy (NY),14,Buffalo Health Sciences Academy (NY)
Buffalo Health Sciences-Buffalo Academy of Science-Global Concepts (NY),3,Buffalo Health Sciences Academy (NY)
Buffalo Hutchinson Tech (NY),162,Buffalo Hutchinson Tech (NY)
Buffalo Hutchinson Central (NY),20,Buffalo Hutchinson Tech (NY)
Buffalo Hutchinson Central Tech (NY),6,Buffalo Hutchinson Tech (NY)
Buffalo Hutchinson (NY),1,Buffalo Hutchinson Tech (NY)
Buffalo Hutchinson-Central Tech-Emerson Vo-Tech (NY),311,Buffalo Hutchinson-Central Tech-Emerson Vo-Tech (NY)
Buffalo Hutchinson-Central Tech-Emerson Vo-Tech-City Honors (NY),78,Buffalo Hutchinson-Central Tech-Emerson Vo-Tech (NY)
Buffalo Hutchinson-Central Tech-Emerson Vo-Tech-City Honors-School of the Arts (NY),25,Buffalo Hutchinson-Central Tech-Emerson Vo-Tech (NY)
Buffalo Hutchinson-Central Tech-Da Vinci (NY),6,Buffalo Hutchinson-Central Tech-Emerson Vo-Tech (NY)
Buffalo Kenmore West (NY),443,Buffalo Kenmore West (NY)
Buffalo Kensington (NY),227,Buffalo Kensington (NY)
Buffalo Lafayette (NY),303,Buffalo Lafayette (NY)
Buffalo Lewis J (NY),16,Buffalo Lewis J. Bennett (NY)
Buffalo Lewis J. Bennett (NY),9,Buffalo Lewis J. Bennett (NY)
Buffalo McKinley (NY),440,Buffalo McKinley (NY)
Buffalo Nichols (NY),402,Buffalo Nichols (NY)
Buffalo Riverside (NY),231,Buffalo Riverside (NY)
Buffalo Riverside-International Prep at Grove-LaFayette-Da Vinci (NY),126,Buffalo Riverside-International Prep at Grove-LaFayette-Da Vinci (NY)
Buffalo Seneca Voc-Tech (NY),262,Buffalo Seneca Voc-Tech (NY)
Buffalo South Park (NY),263,Buffalo South Park (NY)
Buffalo South Park-Middle Early College (NY),196,Buffalo South Park-Middle Early College (NY)
Buffalo Saint Joseph's Collegiate Institute (NY),538,Buffalo St. Joseph's Collegiate Institute (NY)
Buffalo Turner-Carroll (NY),108,Buffalo Turner-Carroll (NY)
Buffalo Western New York Maritime Charter-Health Sciences (NY),43,Buffalo Western New York Maritime Charter (NY)
Buffalo Western New (NY),15,Buffalo Western New York Maritime Charter (NY)
Buffalo Western New York Maritime Charter (NY),2,Buffalo Western New York Maritime Charter (NY)
Buffalo Western New York Maritime Charter-Tapestry (NY),2,Buffalo Western New York Maritime Charter (NY)
Burnt Hills (NY),105,Burnt Hills (NY)
Burnt Hills Burnt Hills (NY),18,Burnt Hills (NY)
Burnt Hills-Ballston Lake (NY),210,Burnt Hills-Ballston Lake (NY)
Cairo-Durham (NY),93,Cairo-Durham (NY)
Cairo Durham (NY),11,Cairo-Durham (NY)
Caledonia-Mumford (NY),553,Caledonia-Mumford (NY)
Cambria Heights Campus Magnet (NY),195,Cambria Heights Campus Magnet (NY)
Cambridge (NY),411,Cambridge (NY)
Camden (NY),376,Camden (NY)
Camillus West Genesee (NY),466,Camillus West Genesee (NY)
Canajoharie (NY),230,Canajoharie (NY)
Canajoharie Central (NY),131,Canajoharie Central (NY)
Canajoharie-Fort Plain (NY),10,Canajoharie-Fort Plain (NY)
Canajoharie Fort (NY),6,Canajoharie-Fort Plain (NY)
Canandaigua Academy (NY),587,Canandaigua Academy (NY)
Canastota (NY),382,Canastota (NY)
Candor (NY),348,Candor (NY)
Canisteo (NY),235,Canisteo (NY)
Canisteo-Greenwood (NY),163,Canisteo-Greenwood (NY)
Canisteo Greenwood (NY),19,Canisteo-Greenwood (NY)
Canton (NY),405,Canton (NY)
Carle Place (NY),358,Carle Place (NY)
Carmel (NY),463,Carmel (NY)
Carthage (NY),383,Carthage (NY)
Cato-Meridian (NY),368,Cato-Meridian (NY)
Cato Meridian (NY),17,Cato-Meridian (NY)
Cattaraugus-Little Valley (NY),396,Cattaraugus-Little Valley (NY)
Cattaraugus Little (NY),15,Cattaraugus-Little Valley (NY)
Cazenovia (NY),436,Cazenovia (NY)
Cedarhurst Lawrence (NY),510,Cedarhurst Lawrence (NY)
Center Moriches (NY),170,Center Moriches (NY)
Centereach (NY),377,Centereach (NY)
Central Islip (NY),360,Central Islip (NY)
Central Square (NY),420,Central Square (NY)
Central Valley Monroe-Woodbury (NY),305,Central Valley Monroe-Woodbury (NY)
Central Valley Monroe Woodbury (NY),19,Central Valley Monroe-Woodbury (NY)
Chappaqua Greeley (NY),411,Chappaqua Greeley (NY)
Chatham (NY),265,Chatham (NY)
Cheektowaga (NY),447,Cheektowaga (NY)
Cheektowaga Cleveland Hill (NY),469,Cheektowaga Cleveland Hill (NY)
Cheektowaga Kennedy (NY),440,Cheektowaga Kennedy (NY)
Cheektowaga Maryvale (NY),450,Cheektowaga Maryvale (NY)
Chester (NY),200,Chester (NY)
Chester Seward (NY),19,Chester-Seward Park (NY)
Chester-Seward Park (NY),4,Chester-Seward Park (NY)
Chittenango (NY),390,Chittenango (NY)
Churchville-Chili (NY),276,Churchville-Chili (NY)
Churchville Chili (NY),17,Churchville-Chili (NY)
Cicero-North Syracuse (NY),425,Cicero-North Syracuse (NY)
Cicero North (NY),18,Cicero-North Syracuse (NY)
Clarence (NY),468,Clarence (NY)
Clayton Thousand Islands (NY),241,Clayton Thousand Islands (NY)
Clifton Park Shenendehowa (NY),359,Clifton Park Shenendehowa (NY)
Clifton Springs Midlakes (NY),451,Clifton Springs Midlakes (NY)
Clifton Springs Midlakes Screaming (NY),20,Clifton Springs Midlakes (NY)
Clinton (NY),375,Clinton (NY)
Clintonville AuSable Valley (NY),206,Clintonville AuSable Valley (NY)
Clintonville Au Sable Valley (NY),15,Clintonville AuSable Valley (NY)
Clintonville Au Sable Valley? (NY),1,Clintonville AuSable Valley (NY)
Clyde-Savannah (NY),430,Clyde-Savannah (NY)
Clyde Savannah (NY),1,Clyde-Savannah (NY)
Clymer Central (NY),378,Clymer Central (NY)
Cobleskill-Richmondville (NY),331,Cobleskill-Richmondville (NY)
Cobleskill Richmondville (NY),12,Cobleskill-Richmondville (NY)
Cohoes (NY),270,Cohoes (NY)
Cold Spring Haldane (NY),348,Cold Spring Haldane (NY)
Cold Springs HaldaneCentral (NY),2,Cold Spring Haldane (NY)
Cold Spring Harbor (NY),388,Cold Spring Harbor (NY)
Cold Spring Harbor Cold Spring (NY),16,Cold Spring Harbor (NY)
Cold Spring Harbor Eastern Military Academy (NY),26,Cold Spring Harbor Eastern Military Academy (NY)
Cold Spring Hills Eastern Military Academy (NY),19,Cold Spring Harbor Eastern Military Academy (NY)
Commack (NY),301,Commack (NY)
Conklin Susquehanna Valley (NY),511,Conklin Susquehanna Valley (NY)
Cooperstown (NY),364,Cooperstown (NY)
Copiague (NY),372,Copiague (NY)
Corfu Pembroke (NY),375,Corfu Pembroke (NY)
Corinth (NY),348,Corinth (NY)
Corning Northside (NY),145,Corning Northside (NY)
Corning-Painted Post (NY),104,Corning-Painted Post (NY)
Corning-Painted Post East (NY),366,Corning-Painted Post East (NY)
Corning-Painted Post West (NY),411,Corning-Painted Post West (NY)
Cornwall-on-Hudson New York Military Academy (NY),216,Cornwall-on-Hudson New York Military Academy (NY)
Cornwall On Hudson New York Military Academy (NY),5,Cornwall-on-Hudson New York Military Academy (NY)
Cornwall-On-Hudson Storm King (NY),5,Cornwall-On-Hudson Storm King (NY)
Hasting on the Hudson King (NY),5,Cornwall-On-Hudson Storm King (NY)
Cornwall On Hudson Storm King (NY),1,Cornwall-On-Hudson Storm King (NY)
Cortland (NY),430,Cortland (NY)
Cortlandt Manor Walter Panas (NY),299,Cortlandt Manor Walter Panas (NY)
Coxsackie-Athens (NY),248,Coxsackie-Athens (NY)
Coxsackie Athens (NY),11,Coxsackie-Athens (NY)
Craryville Taconic Hills (NY),276,Craryville Taconic Hills (NY)
Cross River John Jay (NY),348,Cross River John Jay (NY)
Croton on Hudson Croton-Harmon (NY),345,Croton on Hudson Croton-Harmon (NY)
Cuba-Rushford (NY),297,Cuba-Rushford (NY)
Dansville (NY),394,Dansville (NY)
Deer Park (NY),379,Deer Park (NY)
Delhi Delaware Academy (NY),461,Delhi Delaware Academy (NY)
Delhi Delaware Academy Central (NY),1,Delhi Delaware Academy (NY)
Delmar Bethlehem Central (NY),285,Delmar Bethlehem Central (NY)
Depew (NY),472,Depew (NY)
Deposit (NY),339,Deposit (NY)
Deposit-Hancock (NY),101,Deposit-Hancock (NY)
Dexter General Brown (NY),386,Dexter General Brown (NY)
Dix Hills Half Hollow Hills East (NY),346,Dix Hills Half Hollow Hills East (NY)
Dix Hills Half Hollow East (NY),18,Dix Hills Half Hollow Hills East (NY)
Dix Hills Half Hollow Hills West (NY),368,Dix Hills Half Hollow Hills West (NY)
Dix Hills Half Hollow West (NY),17,Dix Hills Half Hollow Hills West (NY)
Dobbs Ferry (NY),373,Dobbs Ferry (NY)
MacKenzie School (NY),23,Dobbs Ferry Mackenzie School (NY)
Dobbs Ferry Mackenzie School (NY),2,Dobbs Ferry Mackenzie School (NY)
Dolgeville (NY),449,Dolgeville (NY)
Dover Plains (NY),199,Dover Plains (NY)
Dover Plains Dover (NY),81,Dover Plains (NY)
Dover Plains Dover Union Free (NY),2,Dover Plains (NY)
Dryden (NY),418,Dryden (NY)
Dundee (NY),377,Dundee (NY)
Dunkirk (NY),527,Dunkirk (NY)
Dunkirk St. Mary's (NY),3,Dunkirk St. Mary's (NY)
Dunkirk St. Marys (NY),2,Dunkirk St. Mary's (NY)
East Amherst Williamsville East (NY),411,East Amherst Williamsville East (NY)
East Aurora (NY),238,East Aurora (NY)
East Aurora-Holland (NY),226,East Aurora-Holland (NY)
East Greenbush Columbia (NY),297,East Greenbush Columbia (NY)
East Hampton (NY),153,East Hampton (NY)
East Hampton East Hampton (NY),15,East Hampton (NY)
East Hampton-Bridgehampton-Pierson (NY),147,East Hampton-Bridgehampton-Pierson (NY)
East Meadow (NY),418,East Meadow (NY)
East Rochester (NY),145,East Rochester (NY)
East Rochester-Gananda (NY),235,East Rochester-Gananda (NY)
East Rockaway (NY),384,East Rockaway (NY)
East Setauket Ward Melville (NY),385,East Setauket Ward Melville (NY)
East Syracuse Bishop Grimes (NY),365,East Syracuse Bishop Grimes (NY)
East Syracuse-Minoa (NY),453,East Syracuse-Minoa (NY)
East Syracuse Minoa (NY),17,East Syracuse-Minoa (NY)
Eastchester (NY),420,Eastchester (NY)
Eastchester Tuckahoe (NY),416,Eastchester Tuckahoe (NY)
Eden (NY),352,Eden (NY)
Eden-North Collins (NY),43,Eden-North Collins (NY)
Eden-North Collin (NY),18,Eden-North Collins (NY)
Elba (NY),261,Elba (NY)
Eldred (NY),196,Eldred (NY)
Ellenville (NY),205,Ellenville (NY)
Ellicottville (NY),280,Ellicottville (NY)
Elma Iroquois (NY),439,Elma Iroquois (NY)
Elmira Free Academy (NY),433,Elmira Free Academy (NY)
Elmira Free Academy-Southside (NY),123,Elmira Free Academy-Southside (NY)
Elmira Heights Edison (NY),570,Elmira Heights Edison (NY)
Elmira Notre Dame (NY),517,Elmira Notre Dame (NY)
Elmira Southside (NY),440,Elmira Southside (NY)
Elmont Memorial (NY),414,Elmont Memorial (NY)
ElmontyMemorial (NY),1,Elmont Memorial (NY)
Elwood John Glenn (NY),425,Elwood John Glenn (NY)
Fairport (NY),697,Fairport (NY)
Falconer (NY),384,Falconer (NY)
Far Rockaway (NY),339,Far Rockaway (NY)
Farmingdale (NY),465,Farmingdale (NY)
Farmingville Sachem East (NY),190,Farmingville Sachem East (NY)
Fayetteville-Manlius (NY),502,Fayetteville-Manlius (NY)
Manlius Fayetteville Manlius (NY),16,Fayetteville-Manlius (NY)
Manlius Fayetteville (NY),2,Fayetteville-Manlius (NY)
Floral Park Memorial (NY),373,Floral Park Memorial (NY)
Floral Park Floral Park (NY),16,Floral Park Memorial (NY)
Floral Park Sewanhaka (NY),432,Floral Park Sewanhaka (NY)
Flushing (NY),333,Flushing (NY)
Flushing Holy Cross (NY),480,Flushing Holy Cross (NY)
Fonda-Fultonville (NY),356,Fonda-Fultonville (NY)
Fonda Fultonville (NY),12,Fonda-Fultonville (NY)
Forestville Central (NY),360,Forestville Central (NY)
Fort Edward (NY),325,Fort Edward (NY)
Frankfort-Schuyler (NY),346,Frankfort-Schuyler (NY)
Frankfort Schuyler (NY),21,Frankfort-Schuyler (NY)
Franklin Square Carey (NY),417,Franklin Square Carey (NY)
Franklin Square Valley Stream North (NY),365,Franklin Square Valley Stream North (NY)
Franklin Square Valley St. ream (NY),16,Franklin Square Valley Stream North (NY)
Franklinville (NY),255,Franklinville (NY)
Franklinville-Ellicottville (NY),40,Franklinville-Ellicottville (NY)
Franklinville Ellicottville (NY),19,Franklinville-Ellicottville (NY)
Fredonia (NY),419,Fredonia (NY)
Freeport (NY),983,Freeport (NY)
Fresh Meadows St. Francis Prep (NY),442,Fresh Meadows St. Francis Prep (NY)
Fresh Meadows Saint Francis Prep (NY),29,Fresh Meadows St. Francis Prep (NY)
Fresh Meadows St. Francis (NY),18,Fresh Meadows St. Francis Prep (NY)
Frewsburg (NY),401,Frewsburg (NY)
Fulton (NY),174,Fulton (NY)
Fulton Bodley (NY),341,Fulton Bodley (NY)
Gainesville Letchworth (NY),391,Gainesville Letchworth (NY)
Gainesville Letchworth Central (NY),1,Gainesville Letchworth (NY)
Gananda (NY),182,Gananda (NY)
Garden City (NY),467,Garden City (NY)
Garden City St. Paul's School (NY),4,Garden City St.Paul's (NY)
Garden City St.Paul's (NY),3,Garden City St.Paul's (NY)
Geneseo (NY),373,Geneseo (NY)
Geneseo-Mount Morris (NY),24,Geneseo-Mount Morris (NY)
Geneseo Mount (NY),16,Geneseo-Mount Morris (NY)
Geneva (NY),475,Geneva (NY)
Geneva DeSales (NY),334,Geneva DeSales (NY)
Glen Cove (NY),418,Glen Cove (NY)
Glen Head North Shore (NY),391,Glen Head North Shore (NY)
Glens Falls (NY),444,Glens Falls (NY)
Gloversville (NY),416,Gloversville (NY)
Goshen Burke Catholic (NY),215,Goshen Burke Catholic (NY)
Goshen Central (NY),224,Goshen Central (NY)
Gouverneur (NY),299,Gouverneur (NY)
Gowanda (NY),355,Gowanda (NY)
Grahamsville Tri-Valley (NY),221,Grahamsville Tri-Valley (NY)
Grahamsville Tri Valley (NY),15,Grahamsville Tri-Valley (NY)
Grand Island (NY),453,Grand Island (NY)
Granville (NY),377,Granville (NY)
Great Neck North (NY),291,Great Neck North (NY)
Great Neck South (NY),287,Great Neck South (NY)
Great Neck?South (NY),2,Great Neck South (NY)
Greene (NY),436,Greene (NY)
Greenlawn Harborfields (NY),400,Greenlawn Harborfields (NY)
Greenport (NY),103,Greenport (NY)
Greenport-Southold-Mattituck (NY),52,Greenport-Southold-Mattituck (NY)
Greenport Mattituck Southold (NY),9,Greenport-Southold-Mattituck (NY)
Greenwich (NY),437,Greenwich (NY)
Groton (NY),411,Groton (NY)
Guilderland Center (NY),274,Guilderland Center (NY)
Hamburg (NY),452,Hamburg (NY)
Hamburg Frontier (NY),437,Hamburg Frontier (NY)
Hamburg St. Francis (NY),43,Hamburg St. Francis (NY)
Hamburg Saint Francis (NY),14,Hamburg St. Francis (NY)
Hamilton (NY),238,Hamilton (NY)
Hampton Bays (NY),355,Hampton Bays (NY)
Hancock (NY),313,Hancock (NY)
Hannibal (NY),389,Hannibal (NY)
Harpursville (NY),357,Harpursville (NY)
Harpursville-Afton (NY),77,Harpursville-Afton (NY)
Harpursville Afton (NY),14,Harpursville-Afton (NY)
Harrison (NY),620,Harrison (NY)
Hartsdale Woodlands (NY),353,Hartsdale Woodlands (NY)
Hastings-on-Hudson Dobbs-Hastings (NY),361,Hastings-on-Hudson Dobbs-Hastings (NY)
Hastings On Hudson Hastings Yellow (NY),14,Hastings-on-Hudson Dobbs-Hastings (NY)
Hauppauge (NY),370,Hauppauge (NY)
Hempstead (NY),467,Hempstead (NY)
Herkimer (NY),420,Herkimer (NY)
Hewlett (NY),398,Hewlett (NY)
Hicksville (NY),389,Hicksville (NY)
Hicksville Long Holy Trinity (NY),451,Hicksville Long Holy Trinity (NY)
Highland (NY),220,Highland (NY)
Highland Falls O'Neill (NY),219,Highland Falls O'Neill (NY)
Highland Falls Oneill (NY),15,Highland Falls O'Neill (NY)
Hilton (NY),448,Hilton (NY)
Hinsdale Central (NY),204,Hinsdale Central (NY)
Hobart College Fresh (NY),2,Hobart College Frosh (NY)
Hobart College Frosh (NY),1,Hobart College Frosh (NY)
Holland Patent (NY),401,Holland Patent (NY)
Holley (NY),163,Holley (NY)
Homer (NY),422,Homer (NY)
Honeoye Falls Honeoye Falls (NY),17,Honeoye Falls (NY)
Honeoye Falls (NY),1,Honeoye Falls (NY)
Honeoye Falls-Lima (NY),417,Honeoye Falls-Lima (NY)
Hoosick Falls (NY),397,Hoosick Falls (NY)
Hopewell Junction John Jay (NY),388,Hopewell Junction John Jay (NY)
Hornell (NY),897,Hornell (NY)
Horseheads (NY),554,Horseheads (NY)
Hudson (NY),298,Hudson (NY)
Hudson Falls (NY),437,Hudson Falls (NY)
Huntington (NY),406,Huntington (NY)
Huntington Station Walt Whitman (NY),385,Huntington Station Walt Whitman (NY)
Hyde Park Roosevelt (NY),276,Hyde Park Roosevelt (NY)
Ilion (NY),309,Ilion (NY)
Ilion Central Valley Academy (NY),86,Ilion Central Valley Academy (NY)
Ilion Central Valley (NY),17,Ilion Central Valley Academy (NY)
Irvington (NY),364,Irvington (NY)
Islip (NY),389,Islip (NY)
Islip Terrace East Islip (NY),430,Islip Terrace East Islip (NY)
Ithaca (NY),577,Ithaca (NY)
Jamaica (NY),199,Jamaica (NY)
Jamaica Adams (NY),294,Jamaica Adams (NY)
Jamaica Martin (NY),283,Jamaica Martin (NY)
Jamestown (NY),1215,Jamestown (NY)
Jamestown Southwestern (NY),466,Jamestown Southwestern (NY)
Jamestown Southwestern Central (NY),3,Jamestown Southwestern (NY)
Jamesville-DeWitt (NY),426,Jamesville-DeWitt (NY)
Jericho (NY),329,Jericho (NY)
Johnson City (NY),570,Johnson City (NY)
Johnstown (NY),419,Johnstown (NY)
Jordan-Elbridge (NY),386,Jordan-Elbridge (NY)
Jordan Elbridge (NY),13,Jordan-Elbridge (NY)
Katonah The Harvey School (NY),260,Katonah The Harvey School (NY)
Katonah Harvey (NY),4,Katonah The Harvey School (NY)
Katonah (NY),2,Katonah The Harvey School (NY)
Kings Park (NY),391,Kings Park (NY)
Kingston (NY),294,Kingston (NY)
Lackawanna (NY),537,Lackawanna (NY)
LaFayette (NY),206,LaFayette (NY)
LaGrangeville Arlington (NY),325,LaGrangeville Arlington (NY)
Lake George (NY),325,Lake George (NY)
Lake Huntington Sullivan West (NY),181,Lake Huntington Sullivan West (NY)
Lake Huntington West Sullivan (NY),1,Lake Huntington Sullivan West (NY)
Lake Ronkonkoma Sachem (NY),215,Lake Ronkonkoma Sachem (NY)
Lake Ronkonkoma Sachem North (NY),195,Lake Ronkonkoma Sachem North (NY)
Lancaster (NY),620,Lancaster (NY)
Lancaster St. Mary's (NY),418,Lancaster St. Mary's (NY)
Lancaster Saint Mary's (NY),75,Lancaster St. Mary's (NY)
Lancaster St. Marys (NY),15,Lancaster St. Mary's (NY)
Lansing (NY),429,Lansing (NY)
Latham Shaker (NY),305,Latham Shaker (NY)
LawrenceWoodmere Academy (NY),16,Lawrence Woodmere Academy (NY)
Lawrence Woodmere Academy (NY),10,Lawrence Woodmere Academy (NY)
Woodmere (NY),8,Lawrence Woodmere Academy (NY)
Wmere Academy (NY),1,Lawrence Woodmere Academy (NY)
Woodmere Academy (NY),1,Lawrence Woodmere Academy (NY)
Le Roy (NY),519,Le Roy (NY)
LeRoy (NY),21,Le Roy (NY)
Levittown Division (NY),373,Levittown Division (NY)
Levittown Island Trees (NY),382,Levittown Island Trees (NY)
Levittown MacArthur (NY),402,Levittown MacArthur (NY)
Liberty (NY),201,Liberty (NY)
Limestone (NY),111,Limestone (NY)
Lincolndale Somers (NY),440,Lincolndale Somers (NY)
Lindenhurst (NY),417,Lindenhurst (NY)
Little Falls (NY),370,Little Falls (NY)
Little Valley Central (NY),157,Little Valley Central (NY)
Little Valley (NY),102,Little Valley Central (NY)
Liverpool (NY),671,Liverpool (NY)
Livonia (NY),461,Livonia (NY)
Lockport (NY),498,Lockport (NY)
Lockport DeSales Catholic (NY),17,Lockport DeSales Catholic (NY)
Lockport St. Francis De Sales (NY),2,Lockport DeSales Catholic (NY)
Lockport Starpoint (NY),422,Lockport Starpoint (NY)
Locust Valley (NY),403,Locust Valley (NY)
Locust Valley Friends Academy (NY),239,Locust Valley Friends Academy (NY)
Long Beach (NY),399,Long Beach (NY)
Long Island City (NY),203,Long Island City (NY)
Long Island City Long Island (NY),15,Long Island City (NY)
Long Island City Information Tech (NY),151,Long Island City Information Tech (NY)
Lowville (NY),353,Lowville (NY)
Lynbrook (NY),416,Lynbrook (NY)
Lyons (NY),308,Lyons (NY)
Mahopac (NY),454,Mahopac (NY)
Maine-Endwell (NY),551,Maine-Endwell (NY)
Maine-Endwel (NY),3,Maine-Endwell (NY)
Malone Franklin Academy (NY),292,Malone Franklin Academy (NY)
MaloneFranklin Academy (NY),2,Malone Franklin Academy (NY)
Malverne (NY),376,Malverne (NY)
Mamaroneck (NY),424,Mamaroneck (NY)
Mamaroneck F. E. Bellows (NY),15,Mamaroneck F. E. Bellows (NY)
Mamaroneck Bellows (NY),8,Mamaroneck F. E. Bellows (NY)
Mamaroneck Rye Neck (NY),325,Mamaroneck Rye Neck (NY)
Manhasset (NY),400,Manhasset (NY)
Manhattan McBurney School (NY),58,Manhattan McBurney School (NY)
Manhattan McBurney (NY),9,Manhattan McBurney School (NY)
Manhattan St. Paul's-St. Mary's (NY),5,Manhattan St. Paul's-St. Mary's (NY)
"Manhattan St. Paul's-St. Mary,'s (NY)",1,Manhattan St. Paul's-St. Mary's (NY)
Manorville Eastport-South Manor (NY),167,Manorville Eastport-South Manor (NY)
Manorville Eastport South (NY),15,Manorville Eastport-South Manor (NY)
Marcellus (NY),401,Marcellus (NY)
Marcy Whitesboro (NY),476,Marcy Whitesboro (NY)
Marlboro Central (NY),216,Marlboro Central (NY)
Massapequa (NY),458,Massapequa (NY)
Massapequa Plainedge (NY),433,Massapequa Plainedge (NY)
Massena (NY),396,Massena (NY)
Mastic Beach William Floyd (NY),435,Mastic Beach William Floyd (NY)
Mattituck-Southold-Greenport (NY),145,Mattituck-Southold-Greenport (NY)
Mayville Chautauqua Lake (NY),317,Mayville Chautauqua Lake (NY)
Mechanicville (NY),405,Mechanicville (NY)
Mechanicville Hoosic (NY),9,Mechanicville-Hoosic Valley (NY)
Mechanicville-Hoosic Valley (NY),4,Mechanicville-Hoosic Valley (NY)
Medina (NY),417,Medina (NY)
Melville Saint Anthony's (NY),417,Melville Saint Anthony's (NY)
Merrick Calhoun (NY),399,Merrick Calhoun (NY)
Mexico (NY),384,Mexico (NY)
Middle Island Longwood (NY),385,Middle Island Longwood (NY)
Middle Village Christ the King (NY),328,Middle Village Christ the King (NY)
Middleport Royalton-Hartland (NY),300,Middleport Royalton-Hartland (NY)
Middletown (NY),239,Middletown (NY)
Millbrook (NY),261,Millbrook (NY)
Miller Place (NY),395,Miller Place (NY)
Mineola Chaminade (NY),639,Mineola Chaminade (NY)
Mohawk (NY),251,Mohawk (NY)
Montgomery Valley Central (NY),214,Montgomery Valley Central (NY)
Monticello (NY),138,Monticello (NY)
Montrose Hendrick Hudson (NY),400,Montrose Hendrick Hudson (NY)
Moravia (NY),409,Moravia (NY)
Morristown-Beard (NY),3,Morristown-Beard (NJ)
Morrisville-Eaton (NY),258,Morrisville-Eaton (NY)
Morrisville Eaton (NY),14,Morrisville-Eaton (NY)
Mount Morris (NY),60,Mount Morris (NY)
Mt.MorrisCentral (NY),17,Mount Morris (NY)
MorrisCentral (NY),15,Mount Morris (NY)
Mount Morris Central (NY),2,Mount Morris (NY)
Mount Sinai (NY),300,Mount Sinai (NY)
Mount Vernon (NY),423,Mount Vernon (NY)
Mt. Vernon A. B. Davis (NY),17,Mount Vernon A. B. Davis (NY)
Mt. Vernon A.B. Davis (NY),2,Mount Vernon A. B. Davis (NY)
Nanuet (NY),423,Nanuet (NY)
Nedrow Onondaga (NY),346,Nedrow Onondaga (NY)
New Berlin Unadilla Valley (NY),240,New Berlin Unadilla Valley (NY)
New City Clarkstown North (NY),380,New City Clarkstown North (NY)
New Hartford (NY),432,New Hartford (NY)
New Hyde Park Herricks (NY),362,New Hyde Park Herricks (NY)
New Hyde Park Memorial (NY),372,New Hyde Park Memorial (NY)
New Hyde Park New Hyde (NY),15,New Hyde Park Memorial (NY)
New Hyde Park Mineola (NY),381,New Hyde Park Mineola (NY)
New Paltz (NY),198,New Paltz (NY)
New Rochelle (NY),564,New Rochelle (NY)
New Rochelle Iona Prep (NY),578,New Rochelle Iona Prep (NY)
New Windsor Cornwall Central (NY),267,New Windsor Cornwall Central (NY)
New York Collegiate School (NY),17,New York Collegiate School (NY)
New York Collegiate (NY),6,New York Collegiate School (NY)
New York Cooke Grammar (NY),7,New York Cooke School (NY)
New York Cooke School (NY),1,New York Cooke School (NY)
New York Dalton (NY),276,New York Dalton (NY)
New York KIPP NYC College Prep (NY),117,New York KIPP NYC College Prep (NY)
New York Mills (NY),316,New York Mills (NY)
New York Mills New York (NY),15,New York Mills (NY)
New York PowerMemorial (NY),3,New York Powers Memorial Academy (NY)
New York Power Memorial Academy (NY),2,New York Powers Memorial Academy (NY)
New York Powers Memorial Academy (NY),1,New York Powers Memorial Academy (NY)
New York Straubenmuller Textile (NY),5,New York Straubenmuller Textile (NY)
New York Textile (NY),2,New York Straubenmuller Textile (NY)
New York Stuyvesant (NY),369,New York Stuyvesant (NY)
New York Trinity (NY),5,New York Trinity School (NY)
New York Trinity School (NY),2,New York Trinity School (NY)
New York Washington (NY),279,New York Washington (NY)
New York Washington Irving (NY),1,New York Washington (NY)
New York Xavier (NY),462,New York Xavier (NY)
New York St. Francis Xavier (NY),1,New York Xavier (NY)
Newark (NY),398,Newark (NY)
Newark Valley (NY),471,Newark Valley (NY)
Newburgh Free Academy (NY),403,Newburgh Free Academy (NY)
Newburgh Free (NY),17,Newburgh Free Academy (NY)
Newfane (NY),416,Newfane (NY)
Newfield (NY),317,Newfield (NY)
Newport West Canada Valley (NY),348,Newport West Canada Valley (NY)
Newport West Canada (NY),14,Newport West Canada Valley (NY)
Niagara Falls (NY),585,Niagara Falls (NY)
Niagara Falls LaSalle Prep (NY),255,Niagara Falls LaSalle Prep (NY)
Niagara Falls Niagara Catholic (NY),242,Niagara Falls Niagara Catholic (NY)
Niagara Falls St. Mary's (NY),14,Niagara Falls St. Mary's (NY)
Niagara Falls St. Marys (NY),6,Niagara Falls St. Mary's (NY)
Niagara Falls Trott Voc. (NY),97,Niagara Falls Trott Voc. (NY)
Niagara Falls Trott Vocational (NY),43,Niagara Falls Trott Voc. (NY)
North Babylon (NY),417,North Babylon (NY)
North Bellmore Mepham (NY),420,North Bellmore Mepham (NY)
North Tonawanda (NY),647,North Tonawanda (NY)
Northport (NY),386,Northport (NY)
Norwich (NY),526,Norwich (NY)
Norwich Purple (NY),18,Norwich (NY)
Oakdale La Salle Military Academy (NY),81,Oakdale La Salle Military Academy (NY)
Oakdale LasalleMilitary Academy (NY),43,Oakdale La Salle Military Academy (NY)
Oakdale Lasalle Military Academy (NY),1,Oakdale La Salle Military Academy (NY)
Oakfield-Alabama (NY),322,Oakfield-Alabama (NY)
Oakfield Alabama (NY),17,Oakfield-Alabama (NY)
Oceanside (NY),420,Oceanside (NY)
Odessa-Montour (NY),321,Odessa-Montour (NY)
Ogdensburg Free Academy (NY),285,Ogdensburg Free Academy (NY)
Ogdensburg Free (NY),17,Ogdensburg Free Academy (NY)
Old Westbury (NY),387,Old Westbury (NY)
Olean (NY),599,Olean (NY)
Olean Archbishop Walsh (NY),246,Olean Archbishop Walsh (NY)
Oneida (NY),431,Oneida (NY)
Oneonta (NY),476,Oneonta (NY)
Ontario Center Wayne (NY),229,Ontario Center Wayne (NY)
Orangeburg Tappan Zee (NY),386,Orangeburg Tappan Zee (NY)
Orchard Park (NY),562,Orchard Park (NY)
Oriskany (NY),307,Oriskany (NY)
Ossining (NY),440,Ossining (NY)
Oswego (NY),442,Oswego (NY)
Otego Unatego (NY),366,Otego Unatego (NY)
Ovid South Seneca (NY),275,Ovid South Seneca (NY)
Owego Free Academy (NY),512,Owego Free Academy (NY)
Owego Free (NY),17,Owego Free Academy (NY)
Oxford Academy (NY),383,Oxford Academy (NY)
Oyster Bay (NY),349,Oyster Bay (NY)
Oyster Bay St. Dominic (NY),145,Oyster Bay St. Dominic (NY)
Oyster Bay Saint Dominic (NY),22,Oyster Bay St. Dominic (NY)
Painted Post (NY),161,Painted Post (NY)
Palmyra-Macedon (NY),394,Palmyra-Macedon (NY)
Palmyra Macedon (NY),17,Palmyra-Macedon (NY)
Panama (NY),335,Panama (NY)
Patchogue-Medford (NY),305,Patchogue-Medford (NY)
Pawling (NY),295,Pawling (NY)
Pearl River (NY),481,Pearl River (NY)
Peekskill (NY),377,Peekskill (NY)
Pelham Memorial (NY),375,Pelham Memorial (NY)
Penfield (NY),432,Penfield (NY)
Penfield Finney-Northstar Christian Academy (NY),90,Penfield Finney-Northstar Christian Academy (NY)
Penfield Finney Northstar (NY),14,Penfield Finney-Northstar Christian Academy (NY)
Penn Yan Academy (NY),408,Penn Yan Academy (NY)
Perry (NY),322,Perry (NY)
Peru (NY),258,Peru (NY)
Philadelphia Indian River (NY),367,Philadelphia Indian River (NY)
Phoenix (NY),257,Phoenix (NY)
Phoenix Birdlebough (NY),123,Phoenix Birdlebough (NY)
Pine Bush (NY),224,Pine Bush (NY)
Pine Plains (NY),191,Pine Plains (NY)
Pittsford (NY),290,Pittsford (NY)
Pittsford Mendon-Sutherland (NY),107,Pittsford Mendon-Sutherland (NY)
Plainview-Old Bethpage John F. Kennedy (NY),294,Plainview-Old Bethpage John F. Kennedy (NY)
Plainview Plainview-Old Bethpage JFK (NY),16,Plainview-Old Bethpage John F. Kennedy (NY)
Plattsburgh (NY),224,Plattsburgh (NY)
Plattsburgh Beekmantown (NY),226,Plattsburgh Beekmantown (NY)
Plattsburgh St.John's Academy (NY),10,Plattsburgh St. John's Academy (NY)
Plattsburgh St. John's Academy (NY),8,Plattsburgh St. John's Academy (NY)
Pleasantville (NY),441,Pleasantville (NY)
Port Byron (NY),322,Port Byron (NY)
Port Chester (NY),418,Port Chester (NY)
Port Henry Moriah (NY),260,Port Henry Moriah (NY)
Port Jefferson (NY),381,Port Jefferson (NY)
Port Jefferson Station Comsewogue (NY),398,Port Jefferson Station Comsewogue (NY)
Port Jervis (NY),292,Port Jervis (NY)
Port Washington (NY),384,Port Washington (NY)
Portville (NY),443,Portville (NY)
Potsdam (NY),289,Potsdam (NY)
Poughkeepsie (NY),325,Poughkeepsie (NY)
Poughkeepsie OakwoodFriends (NY),7,Poughkeepsie Oakwood Friends (NY)
Poughkeepsie OakwoodFriendsSchool (NY),1,Poughkeepsie Oakwood Friends (NY)
Poughkeepsie Our Lady of Lourdes (NY),305,Poughkeepsie Our Lady of Lourdes (NY)
Poughkeepsie Our Lady (NY),18,Poughkeepsie Our Lady of Lourdes (NY)
Poughkeepsie Spackenkill (NY),254,Poughkeepsie Spackenkill (NY)
Pulaski (NY),389,Pulaski (NY)
Putnam Valley (NY),195,Putnam Valley (NY)
Queens Bryant (NY),309,Queens Bryant (NY)
Queensbury (NY),437,Queensbury (NY)
Randolph (NY),445,Randolph (NY)
Ravena-Coeymans-Selkirk (NY),265,Ravena-Coeymans-Selkirk (NY)
Red Hook (NY),208,Red Hook (NY)
Rensselaer (NY),238,Rensselaer (NY)
Retsof York (NY),330,Retsof York (NY)
Retsof York-Pavilion (NY),131,Retsof York-Pavilion (NY)
Rhinecliff Cardinal Farley Military Academy (NY),6,Rhinecliff Cardinal Farley Military Academy (NY)
Rhinecliff Cardinal FarleyMilitary Academy (NY),5,Rhinecliff Cardinal Farley Military Academy (NY)
Richfield Springs Central (NY),205,Richfield Springs Central (NY)
Riverdale Horace Mann (NY),294,Riverdale Horace Mann (NY)
Riverhead (NY),395,Riverhead (NY)
Riverhead Mercy (NY),273,Riverhead Mercy (NY)
Rochester Aquinas Institute (NY),890,Rochester Aquinas Institute (NY)
Rochester Bishop Kearney (NY),393,Rochester Bishop Kearney (NY)
Rochester Bishop Kearney Rochester Academy (NY),11,Rochester Bishop Kearney-Rochester Academy (NY)
Rochester Bishop Kearney-Prep-Academy (NY),5,Rochester Bishop Kearney-Rochester Academy (NY)
Rochester Bishop Kearney-Rochester Academy (NY),1,Rochester Bishop Kearney-Rochester Academy (NY)
Rochester Brighton (NY),431,Rochester Brighton (NY)
Rochester Cardinal Mooney (NY),109,Rochester Cardinal Mooney (NY)
Rochester East (NY),253,Rochester East (NY)
Rochester Eastridge (NY),440,Rochester Eastridge (NY)
Rochester East World (NY),16,Rochester East-World of Inquiry (NY)
Rochester East-World of Inquiry (NY),13,Rochester East-World of Inquiry (NY)
Rochester Edison Tech (NY),247,Rochester Edison Tech (NY)
Rochester Franklin-Jefferson (NY),283,Rochester Franklin-Jefferson (NY)
Rochester Gates Chili (NY),490,Rochester Gates Chili (NY)
Rochester Greece Arcadia (NY),417,Rochester Greece Arcadia (NY)
Rochester Greece Athena (NY),449,Rochester Greece Athena (NY)
Rochester Greece Olympia (NY),357,Rochester Greece Olympia (NY)
Rochester Greece Olympia-Greece Odyssey (NY),59,Rochester Greece Olympia-Greece Odyssey (NY)
Rochester Greece Olympia Odyssey (NY),15,Rochester Greece Olympia-Greece Odyssey (NY)
Rochester Greece Odyssey (NY),3,Rochester Greece Olympia-Greece Odyssey (NY)
Rochester Irondequoit (NY),486,Rochester Irondequoit (NY)
Rochester Marshall (NY),280,Rochester Marshall (NY)
Rochester McQuaid Jesuit (NY),469,Rochester McQuaid Jesuit (NY)
Rochester University Prep (NY),118,Rochester University Prep (NY)
Rochester Webster Schroeder (NY),446,Rochester Webster Schroeder (NY)
Rochester Webster Thomas (NY),419,Rochester Webster Thomas (NY)
Rochester Wilson Magnet (NY),311,Rochester Wilson Magnet (NY)
Rochester Wilson Magnet-School Without Walls (NY),40,Rochester Wilson Magnet-School Without Walls (NY)
Rochester Wilson Magnet-Early College International (NY),18,Rochester Wilson Magnet-School Without Walls (NY)
Rochester Wilson Magnet-School Without Walls-Early College International (NY),15,Rochester Wilson Magnet-School Without Walls (NY)
Rockaway Park Beach Channel (NY),324,Rockaway Park Beach Channel (NY)
Rockaway Park Beach Channel-Channel View (NY),11,Rockaway Park Beach Channel (NY)
Rockville Centre South Side (NY),404,Rockville Centre South Side (NY)
Rocky Point (NY),204,Rocky Point (NY)
Rome Catholic (NY),173,Rome Catholic (NY)
Rome Free Academy (NY),754,Rome Free Academy (NY)
Rome Free Acadeny (NY),1,Rome Free Academy (NY)
Romulus Central (NY),151,Romulus Central (NY)
Roosevelt (NY),784,Roosevelt (NY)
Roslyn Heights Roslyn (NY),298,Roslyn Heights Roslyn (NY)
Roslyn Heights Roslyn Friends Academy (NY),14,Roslyn Heights Roslyn-Friends Academy (NY)
Roslyn-Friends Academy (NY),8,Roslyn Heights Roslyn-Friends Academy (NY)
Roslyn Heights Roslyn-Friends Academy (NY),3,Roslyn Heights Roslyn-Friends Academy (NY)
Rush-Henrietta (NY),385,Rush-Henrietta (NY)
Rush-Henrietta-Sperry (NY),93,Rush-Henrietta-Sperry (NY)
Rush-Henrietta Sperry (NY),1,Rush-Henrietta-Sperry (NY)
Rushville Whitman (NY),351,Rushville Whitman (NY)
Rye (NY),537,Rye (NY)
Rye Country Day (NY),331,Rye Country Day (NY)
Rye Country (NY),16,Rye Country Day (NY)
Rye Neck-Blind Brook (NY),181,Rye Neck-Blind Brook (NY)
Salamanca (NY),482,Salamanca (NY)
Salem (NY),312,Salem (NY)
Sanborn Niagara-Wheatfield (NY),407,Sanborn Niagara-Wheatfield (NY)
Sanborn Niagara Wheatfield (NY),50,Sanborn Niagara-Wheatfield (NY)
Sandy Creek (NY),328,Sandy Creek (NY)
Saranac (NY),176,Saranac (NY)
Saranac Lake (NY),317,Saranac Lake (NY)
Saratoga Springs (NY),445,Saratoga Springs (NY)
Saratoga Springs Saratoga Central Catholic (NY),214,Saratoga Springs Saratoga Central Catholic (NY)
Saugerties (NY),208,Saugerties (NY)
Sauquoit Valley (NY),361,Sauquoit Valley (NY)
SauquoitValley (NY),10,Sauquoit Valley (NY)
SauquoityValley (NY),1,Sauquoit Valley (NY)
Sayville (NY),449,Sayville (NY)
Scarsdale (NY),401,Scarsdale (NY)
Scarsdale Edgemont (NY),374,Scarsdale Edgemont (NY)
Schaghticoke Hoosic Valley (NY),127,Schaghticoke Hoosic Valley (NY)
Schenectady (NY),275,Schenectady (NY)
Schenectady Mohonasen (NY),276,Schenectady Mohonasen (NY)
Schenectady Mont Pleasant (NY),60,Schenectady Mont Pleasant (NY)
Schenectady Mount Pleasant (NY),13,Schenectady Mont Pleasant (NY)
Schenectady Niskayuna (NY),297,Schenectady Niskayuna (NY)
Schenectady Notre Dame Bishop Gibbons (NY),103,Schenectady Notre Dame Bishop Gibbons (NY)
Schenectady Notre Dame (NY),69,Schenectady Notre Dame Bishop Gibbons (NY)
Schenectady Schalmont (NY),285,Schenectady Schalmont (NY)
Schuylerville Central (NY),414,Schuylerville Central (NY)
Scotia-Glenville (NY),396,Scotia-Glenville (NY)
Scotia Glenville (NY),15,Scotia-Glenville (NY)
Seaford (NY),424,Seaford (NY)
Selden Newfield (NY),406,Selden Newfield (NY)
Seneca Falls Mynderse Academy (NY),365,Seneca Falls Mynderse Academy (NY)
Sherburne-Earlville (NY),363,Sherburne-Earlville (NY)
Sherburne Earlville (NY),15,Sherburne-Earlville (NY)
Sherman Central (NY),203,Sherman Central (NY)
Sherman-Ripley (NY),100,Sherman-Ripley (NY)
Shoreham-Wading River (NY),238,Shoreham-Wading River (NY)
Shoreham Wading (NY),16,Shoreham-Wading River (NY)
Shortsville Red Jacket (NY),436,Shortsville Red Jacket (NY)
Shrub Oak Lakeland (NY),392,Shrub Oak Lakeland (NY)
Sidney (NY),443,Sidney (NY)
Silver Creek (NY),222,Silver Creek (NY)
Silver Creek-Forestville Central (NY),216,Silver Creek-Forestville Central (NY)
Sinclairville Cassadaga Valley (NY),345,Sinclairville Cassadaga Valley (NY)
Skaneateles (NY),427,Skaneateles (NY)
Slate Hill Minisink Valley (NY),220,Slate Hill Minisink Valley (NY)
Sleepy Hollow (NY),368,Sleepy Hollow (NY)
Smithtown East (NY),283,Smithtown East (NY)
Smithtown West (NY),285,Smithtown West (NY)
Sodus-Lyons (NY),29,Sodus-Lyons (NY)
Sodus Lyons (NY),16,Sodus-Lyons (NY)
Solvay (NY),423,Solvay (NY)
Somers Kennedy Catholic (NY),197,Somers Kennedy Catholic (NY)
Somers John F.KennedyCatholic (NY),6,Somers Kennedy Catholic (NY)
South Dayton Pine Valley Central (NY),362,South Dayton Pine Valley Central (NY)
South Glens Falls (NY),392,South Glens Falls (NY)
South Glens Falls South Glens (NY),17,South Glens Falls (NY)
Southampton (NY),317,Southampton (NY)
Spencerport (NY),236,Spencerport (NY)
Spencer-Van Etten (NY),364,Spencer-Van Etten (NY)
Spring Valley (NY),504,Spring Valley (NY)
Spring Valley Ramapo (NY),382,Spring Valley Ramapo (NY)
SpringfieldGardens (NY),261,Springfield Gardens (NY)
Springfield Gardens (NY),98,Springfield Gardens (NY)
Springville-Griffith Institute (NY),429,Springville-Griffith Institute (NY)
Springville Griffith Institute (NY),174,Springville-Griffith Institute (NY)
Staten Island Curtis (NY),473,Staten Island Curtis (NY)
Staten Island McKee Vo-Tech (NY),312,Staten Island McKee Vo-Tech (NY)
Staten Island Mckee Vo (NY),13,Staten Island McKee Vo-Tech (NY)
Staten Island Ralph Mckee Voc-Tech (NY),2,Staten Island McKee Vo-Tech (NY)
Staten Island Monsignor Farrell (NY),473,Staten Island Monsignor Farrell (NY)
Staten Island Moore Catholic (NY),166,Staten Island Moore Catholic (NY)
Staten Island New Dorp (NY),376,Staten Island New Dorp (NY)
Staten Island Notre Dame Academy (NY),5,Staten Island Notre Dame Academy (NY)
Staten Island Notre Dame (NY),3,Staten Island Notre Dame Academy (NY)
Staten Island Petrides (NY),168,Staten Island Petrides (NY)
Staten Island Port Richmond (NY),351,Staten Island Port Richmond (NY)
Staten Island Saint Joseph-by-the-Sea (NY),250,Staten Island Saint Joseph-by-the-Sea (NY)
Staten Island St. Joseph (NY),20,Staten Island St. Joseph Hill Academy (NY)
Staten Island St. Joseph Hill Academy (NY),1,Staten Island St. Joseph Hill Academy (NY)
Staten Island St. Peter's (NY),241,Staten Island St. Peter's (NY)
Staten Island Saint Peter's (NY),30,Staten Island St. Peter's (NY)
Staten Island St. Peters (NY),7,Staten Island St. Peter's (NY)
Staten Island Tottenville (NY),372,Staten Island Tottenville (NY)
Staten Island Wagner (NY),351,Staten Island Wagner (NY)
Stillwater (NY),391,Stillwater (NY)
Stony Brook (NY),284,Stony Brook (NY)
Suffern (NY),434,Suffern (NY)
Syosset (NY),404,Syosset (NY)
Syracuse Bishop Ludden (NY),401,Syracuse Bishop Ludden (NY)
Syracuse Christian Brothers Academy (NY),470,Syracuse Christian Brothers Academy (NY)
Syracuse Christian Brothers (NY),21,Syracuse Christian Brothers Academy (NY)
Syracuse Corcoran (NY),475,Syracuse Corcoran (NY)
Syracuse Fowler (NY),368,Syracuse Fowler (NY)
Syracuse Henninger (NY),462,Syracuse Henninger (NY)
Syracuse Institute of Tech (NY),113,Syracuse Institute of Tech (NY)
Syracuse Institute Of (NY),18,Syracuse Institute of Tech (NY)
Syracuse Nottingham (NY),435,Syracuse Nottingham (NY)
Syracuse Public Service Leadership Academy (NY),48,Syracuse Public Service Leadership Academy (NY)
Syracuse Public Service (NY),16,Syracuse Public Service Leadership Academy (NY)
Syracuse Westhill (NY),413,Syracuse Westhill (NY)
Tarrytown Hackley School (NY),413,Tarrytown Hackley School (NY)
Tarrytown Hackley (NY),11,Tarrytown Hackley School (NY)
Tarrytown Irving Schoolfor Boys (NY),22,Tarrytown Irving School for Boys (NY)
Tarrytown Irving School for Boys (NY),2,Tarrytown Irving School for Boys (NY)
Thiells North Rockland (NY),431,Thiells North Rockland (NY)
Thornwood Westlake (NY),385,Thornwood Westlake (NY)
Ticonderoga (NY),283,Ticonderoga (NY)
Tioga Center Tioga (NY),485,Tioga Center Tioga (NY)
Tonawanda (NY),573,Tonawanda (NY)
Tonawanda Cardinal O'Hara (NY),447,Tonawanda Cardinal O'Hara (NY)
Tonawanda Cardinal Ohara (NY),16,Tonawanda Cardinal O'Hara (NY)
Tonawanda Kenmore East (NY),429,Tonawanda Kenmore East (NY)
Trinity-Pawling (NY),621,Trinity-Pawling (NY)
Troy (NY),476,Troy (NY)
Troy Catholic Central-Notre Dame Bishop Gibbons-Saratoga Central Catholic (NY),184,Troy Catholic Central-Notre Dame Bishop Gibbons-Saratoga Central Catholic (NY)
Troy La Salle Institute (NY),267,Troy La Salle Institute (NY)
Troy La Salle Institute? (NY),1,Troy La Salle Institute (NY)
Troy Lansingburgh (NY),288,Troy Lansingburgh (NY)
Troy Tamarac (NY),216,Troy Tamarac (NY)
Trumansburg Charles O. Dickerson (NY),359,Trumansburg Charles O. Dickerson (NY)
Trumansburg Charles O (NY),17,Trumansburg Charles O. Dickerson (NY)
Tully (NY),298,Tully (NY)
Tully Southern Hills (NY),16,Tully Southern Hills (NY)
Tully Southern Hills [Tully-LaFayette-Fabius Pompey] (NY),3,Tully Southern Hills (NY)
Tupper Lake Central (NY),257,Tupper Lake Central (NY)
Tupper Lake (NY),6,Tupper Lake Central (NY)
Turin South Lewis (NY),331,Turin South Lewis (NY)
Riordan School (NY),2,Ulster Raymond Riordan Prep (NY)
Union Springs (NY),108,Union Springs (NY)
Uniondale (NY),399,Uniondale (NY)
Uniondale Kellenberg Memorial (NY),336,Uniondale Kellenberg Memorial (NY)
Union-Endicott (NY),773,Union-Endicott (NY)
Endwell Maine Endwell (NY),21,Union-Endicott (NY)
Endicott Union Endicott (NY),16,Union-Endicott (NY)
Endicott (NY),2,Union-Endicott (NY)
Endicott-Union (NY),1,Union-Endicott (NY)
Upper Nyack (NY),464,Upper Nyack (NY)
Upper Nyack Nyack (NY),7,Upper Nyack (NY)
Utica Free Academy (NY),170,Utica Free Academy (NY)
Utica Notre Dame-Catholic (NY),314,Utica Notre Dame-Catholic (NY)
Utica Proctor (NY),396,Utica Proctor (NY)
Valatie Ichabod Crane (NY),148,Valatie Ichabod Crane (NY)
Valhalla (NY),370,Valhalla (NY)
Valley Stream Central (NY),395,Valley Stream Central (NY)
Valley Stream South (NY),378,Valley Stream South (NY)
Vernon-Verona-Sherrill (NY),160,Vernon-Verona-Sherrill (NY)
Verona-Sherrill (NY),239,Verona-Sherrill (NY)
Vernon SherrillCentral (NY),4,Verona-Sherrill (NY)
Vestal (NY),655,Vestal (NY)
Victor (NY),467,Victor (NY)
Voorheesville (NY),271,Voorheesville (NY)
Wallkill (NY),214,Wallkill (NY)
Walton (NY),507,Walton (NY)
Wantagh (NY),429,Wantagh (NY)
Wappingers Falls Ketcham (NY),301,Wappingers Falls Ketcham (NY)
Warrensburg (NY),376,Warrensburg (NY)
Warsaw (NY),316,Warsaw (NY)
Warwick Valley Central (NY),246,Warwick Valley Central (NY)
Washingtonville (NY),209,Washingtonville (NY)
Waterloo (NY),406,Waterloo (NY)
Watertown (NY),442,Watertown (NY)
Watertown Immaculate Heart Central (NY),266,Watertown Immaculate Heart Central (NY)
Waterville (NY),336,Waterville (NY)
Watervliet (NY),280,Watervliet (NY)
Watkins Glen (NY),334,Watkins Glen (NY)
Watkins Glen Watkins Glen (NY),8,Watkins Glen (NY)
Waverly (NY),492,Waverly (NY)
Wayland-Cohocton (NY),179,Wayland-Cohocton (NY)
Weedsport (NY),404,Weedsport (NY)
Wellsville (NY),445,Wellsville (NY)
West Babylon (NY),383,West Babylon (NY)
West Hempstead (NY),392,West Hempstead (NY)
West Islip (NY),412,West Islip (NY)
West Islip St. John the Baptist (NY),371,West Islip St. John the Baptist (NY)
West Islip Saint John the Baptist (NY),35,West Islip St. John the Baptist (NY)
West Islip St. John (NY),17,West Islip St. John the Baptist (NY)
West Nyack Clarkstown South (NY),386,West Nyack Clarkstown South (NY)
West Seneca East (NY),430,West Seneca East (NY)
West Seneca West (NY),425,West Seneca West (NY)
West Valley Central (NY),169,West Valley Central (NY)
West Winfield Mt. Markham (NY),361,West Winfield Mt. Markham (NY)
Westbury Clarke (NY),397,Westbury Clarke (NY)
Westfield (NY),282,Westfield (NY)
Westhampton Beach (NY),403,Westhampton Beach (NY)
Westmoreland (NY),351,Westmoreland (NY)
Westmoreland-Oriskany (NY),20,Westmoreland-Oriskany (NY)
Westmoreland Oriskany (NY),10,Westmoreland-Oriskany (NY)
White Plains (NY),468,White Plains (NY)
White Plains Archbishop Stepinac (NY),576,White Plains Archbishop Stepinac (NY)
Whitehall (NY),382,Whitehall (NY)
Whitney Point (NY),455,Whitney Point (NY)
Williamsville North (NY),413,Williamsville North (NY)
Williamsville South (NY),436,Williamsville South (NY)
Wilson (NY),458,Wilson (NY)
Windsor Central (NY),499,Windsor Central (NY)
Wyandanch (NY),351,Wyandanch (NY)
Yonkers (NY),212,Yonkers (NY)
Yonkers Force [Gorton-Roosevelt-Yonkers Montessori Academy-Yonkers] (NY),43,Yonkers Force (NY)
Yonkers Force (NY),16,Yonkers Force (NY)
Yonkers Gorton (NY),328,Yonkers Gorton (NY)
Yonkers Lincoln (NY),229,Yonkers Lincoln (NY)
Yonkers Saunders Trades & Tech (NY),307,Yonkers Saunders Trades & Tech (NY)
Yonkers Saunders Trade & Tech (NY),2,Yonkers Saunders Trades & Tech (NY)
Yonkers Saunders Trades & Technical (NY),2,Yonkers Saunders Trades & Tech (NY)
Yonkers Theodore Roosevelt (NY),203,Yonkers Theodore Roosevelt (NY)
Yorkshire Pioneer (NY),442,Yorkshire Pioneer (NY)
Yorktown Heights Yorktown (NY),440,Yorktown Heights Yorktown (NY)
Youngstown Lewiston-Porter (NY),399,Youngstown Lewiston-Porter (NY)
Youngstown Lewiston Porter (NY),15,Youngstown Lewiston-Porter (NY)
