Alias_Name,GameCount,Standardized_Name
Ada (OH),517,Ada (OH)
Akron Archbishop Hoban (OH),1062,Akron Archbishop Hoban (OH)
Arkon Hoban (OH),1,Akron Archbishop Hoban (OH)
Akron Buchtel (OH),648,Akron Buchtel (OH)
Akron Buchtel College Prep (OH),2,Akron Buchtel (OH)
Akron Central (OH),306,Akron Central (OH)
Akron Central-Hower (OH),182,Akron Central-Hower (OH)
Akron Coventry (OH),585,Akron Coventry (OH)
Akron East (OH),566,Akron East (OH)
Akron Ellet (OH),465,Akron Ellet (OH)
Akron Firestone (OH),430,Akron Firestone (OH)
Akron Garfield (OH),645,Akron Garfield (OH)
Akron Garfield Community (OH),1,Akron Garfield (OH)
Akron Hower (OH),9,Akron Hower Vocational (OH)
Akron Hower Vocational (OH),53,Akron Hower Vocational (OH)
Akron Kenmore (OH),369,Akron Kenmore (OH)
Akron Manchester (OH),552,Akron Manchester (OH)
Akron North (OH),524,Akron North (OH)
Akron South (OH),301,Akron South (OH)
Akron Springfield (OH),387,Akron Springfield (OH)
Akron St. Mary (OH),11,Akron St. Mary's (OH)
Akron St. Mary's (OH),44,Akron St. Mary's (OH)
Akron St. Vincent (OH),303,Akron St. Vincent (OH)
Akron Saint Vincent-Saint Mary (OH),583,Akron St. Vincent-St. Mary (OH)
Akron St. Vincent-St. Mary's (OH),3,Akron St. Vincent-St. Mary (OH)
Akron West (OH),112,Akron West (OH)
Albany Alexander (OH),435,Albany Alexander (OH)
Alliance (OH),958,Alliance (OH)
1962Alliance Marlington (OH),9,Alliance Marlington (OH)
Alliance Marlington (OH),614,Alliance Marlington (OH)
Amanda Clearcreek (OH),20,Amanda-Clearcreek (OH)
Amanda-Clearcreek (OH),440,Amanda-Clearcreek (OH)
Amherst (OH),191,Amherst (OH)
Amherst Steele (OH),559,Amherst Steele (OH)
Andover Pymatuning Valley (OH),393,Andover Pymatuning Valley (OH)
Anna (OH),287,Anna (OH)
Ansonia (OH),485,Ansonia (OH)
Antwerp (OH),328,Antwerp (OH)
Apple Creek Waynedale (OH),458,Apple Creek Waynedale (OH)
Arcadia (OH),653,Arcadia (OH)
Arcanum (OH),398,Arcanum (OH)
Archbold (OH),484,Archbold (OH)
Arlington (OH),707,Arlington (OH)
Ashland (OH),614,Ashland (OH)
Ashland Crestview (OH),427,Ashland Crestview (OH)
Ashland Mapleton (OH),409,Ashland Mapleton (OH)
Ashtabula (OH),360,Ashtabula (OH)
Ashtabula Edgewood (OH),391,Ashtabula Edgewood (OH)
Ashtabula Harbor Harbor (OH),1,Ashtabula Harbor (OH)
Ashtabula Lakeside (OH),237,Ashtabula Lakeside (OH)
"Ashtabula Opp St. John"""" (OH)",1,Ashtabula St. John (OH)
Ashtabula Saint John (OH),26,Ashtabula St. John (OH)
Ashtabula St. John (OH),218,Ashtabula St. John (OH)
Ashtabula St. John's (OH),7,Ashtabula St. John (OH)
Ashtabula Saints John and Paul (OH),5,Ashtabula Sts. John & Paul (OH)
Ashtabula St. John & Paul (OH),2,Ashtabula Sts. John & Paul (OH)
Ashtabula St. John-Paul (OH),1,Ashtabula Sts. John & Paul (OH)
Ashtabula Sts. John & Paul (OH),81,Ashtabula Sts. John & Paul (OH)
Ashville Teays Valley (OH),484,Ashville Teays Valley (OH)
Attica Seneca East (OH),393,Attica Seneca East (OH)
Atwater Waterloo (OH),480,Atwater Waterloo (OH)
Aurora (OH),518,Aurora (OH)
Austinburg Grand River Academy (OH),2,Austinburg Grand River Institute (OH)
Austinburg Grand River Institute (OH),7,Austinburg Grand River Institute (OH)
Avon (OH),506,Avon (OH)
Avon Lake (OH),986,Avon Lake (OH)
Bainbridge Paint Valley (OH),420,Bainbridge Paint Valley (OH)
Baltimore Liberty Union (OH),414,Baltimore Liberty Union (OH)
Barberton (OH),714,Barberton (OH)
Barnesville (OH),430,Barnesville (OH)
Bascom Hopewell Loudon (OH),21,Bascom Hopewell-Loudon (OH)
Bascom Hopewell-Loudon (OH),399,Bascom Hopewell-Loudon (OH)
Batavia (OH),348,Batavia (OH)
Batavia Amelia (OH),341,Batavia Amelia (OH)
Batavia Clermont Northeastern (OH),396,Batavia Clermont Northeastern (OH)
Bay Village (OH),143,Bay Village (OH)
Bay Village Bay (OH),415,Bay Village Bay (OH)
Beachwood (OH),308,Beachwood (OH)
Beallsville (OH),405,Beallsville (OH)
Beaver Creek (OH),534,Beaver Creek (OH)
Beaver Eastern (OH),104,Beaver Eastern (OH)
Bedford (OH),615,Bedford (OH)
Bedford Chanel (OH),129,Bedford Chanel (OH)
Bedford Heights Chanel (OH),1,Bedford Heights St. Peter Chanel (OH)
Bedford Heights St. Peter Chanel (OH),106,Bedford Heights St. Peter Chanel (OH)
Bedford Saint Peter Chanel (OH),134,Bedford Heights St. Peter Chanel (OH)
Bellaire (OH),740,Bellaire (OH)
Bellaire Saint John Central (OH),183,Bellaire St. John's Central (OH)
Bellaire St. John's Central (OH),257,Bellaire St. John's Central (OH)
Bellbrook (OH),525,Bellbrook (OH)
Bellefontaine (OH),577,Bellefontaine (OH)
Bellefontaine Benjamin Logan (OH),416,Bellefontaine Benjamin Logan (OH)
Bellevue (OH),634,Bellevue (OH)
Bellville Clear Folk (OH),3,Bellville Clear Fork (OH)
Bellville Clear Fork (OH),647,Bellville Clear Fork (OH)
Belmont (OH),2,Belmont Union Local (OH)
Belmont Union Local (OH),426,Belmont Union Local (OH)
Beloit West Branch (OH),514,Beloit West Branch (OH)
Belpre (OH),500,Belpre (OH)
Berea (OH),393,Berea (OH)
Berea Midpark (OH),34,Berea-Midpark (OH)
Berea-Midpark (OH),117,Berea-Midpark (OH)
Berlin Center Western Reserve (OH),429,Berlin Center Western Reserve (OH)
Berlin Central Western Reserve (OH),1,Berlin Center Western Reserve (OH)
Bethel Tate (OH),20,Bethel-Tate (OH)
Bethel-Tate (OH),525,Bethel-Tate (OH)
Beverly Fort Frye (OH),429,Beverly Fort Frye (OH)
Bexley (OH),311,Bexley (OH)
Bidwell River Valley (OH),265,Bidwell River Valley (OH)
Blanchester (OH),485,Blanchester (OH)
Bloom-Carroll (OH),418,Bloom-Carroll (OH)
Bloomdale Elmwood (OH),463,Bloomdale Elmwood (OH)
Bluffton (OH),542,Bluffton (OH)
Bowerston Conotton Valley (OH),311,Bowerston Conotton Valley (OH)
Bowling Green (OH),535,Bowling Green (OH)
Bradford (OH),471,Bradford (OH)
Brecksville (OH),309,Brecksville (OH)
Brecksville-Broadview Heights (OH),213,Brecksville-Broadview Heights (OH)
Bridgeport (OH),503,Bridgeport (OH)
Brookfield (OH),634,Brookfield (OH)
Brooklyn (OH),445,Brooklyn (OH)
Brookville (OH),561,Brookville (OH)
Brunswick (OH),551,Brunswick (OH)
Bryan (OH),518,Bryan (OH)
Bucyrus (OH),510,Bucyrus (OH)
Bucyrus Wynford (OH),437,Bucyrus Wynford (OH)
Burton Berkshire (OH),412,Burton Berkshire (OH)
Byesville Meadowbrook (OH),448,Byesville Meadowbrook (OH)
Cadiz (OH),246,Cadiz (OH)
Cadiz Harrison Central (OH),257,Cadiz Harrison Central (OH)
Caldwell (OH),448,Caldwell (OH)
Caledonia River Valley (OH),333,Caledonia River Valley (OH)
Cambridge (OH),583,Cambridge (OH)
Camden Preble Shawnee (OH),55,Camden Preble Shawnee (OH)
Camden PrebleShawnee (OH),397,Camden Preble Shawnee (OH)
Campbell Memorial (OH),727,Campbell Memorial (OH)
Canal Fulton Northwest (OH),593,Canal Fulton Northwest (OH)
Canal Winchester (OH),426,Canal Winchester (OH)
Canal Winchester Harvest Prep (OH),307,Canal Winchester Harvest Prep (OH)
Canal Winchester World Han-Est Christian (OH),1,Canal Winchester World Harvest Christian Academy (OH)
Canal Winchester World Harvest (OH),1,Canal Winchester World Harvest Christian Academy (OH)
Canal Winchester World Harvest Christian Academy (OH),8,Canal Winchester World Harvest Christian Academy (OH)
Canfield (OH),520,Canfield (OH)
Canfield South Range (OH),559,Canfield South Range (OH)
Canton Catholic Central (OH),1,Canton Central Catholic (OH)
Canton Central (OH),31,Canton Central Catholic (OH)
Canton Central Catholic (OH),638,Canton Central Catholic (OH)
Canton GlenOak (OH),548,Canton GlenOak (OH)
Canton Lehman (OH),162,Canton Lehman (OH)
Canton Lehman Catholic (OH),3,Canton Lehman (OH)
Canton Lincoln (OH),292,Canton Lincoln (OH)
Canton McKinley (OH),1402,Canton McKinley (OH)
Canton McKinnley (OH),1,Canton McKinley (OH)
Canton South (OH),658,Canton South (OH)
Canton Timken (OH),478,Canton Timken (OH)
Cardington Lincoln (OH),20,Cardington-Lincoln (OH)
Cardington-Lincoln (OH),402,Cardington-Lincoln (OH)
Carey (OH),520,Carey (OH)
Carlisle (OH),531,Carlisle (OH)
Carrollton (OH),558,Carrollton (OH)
Casstown Miami East (OH),477,Casstown Miami East (OH)
Castalia Margaretta (OH),466,Castalia Margaretta (OH)
Cedarville (OH),511,Cedarville (OH)
Celina (OH),627,Celina (OH)
Centerburg (OH),445,Centerburg (OH)
Centerville (OH),876,Centerville (OH)
Chagrin Falls (OH),523,Chagrin Falls (OH)
Chagrin Falls Kenston (OH),603,Chagrin Falls Kenston (OH)
Chardon (OH),555,Chardon (OH)
Chardon Notre Dame-Cathedral Latin (OH),247,Chardon Notre Dame-Cathedral Latin (OH)
Chesapeake (OH),514,Chesapeake (OH)
Cheshire Kyger Creek (OH),128,Cheshire Kyger Creek (OH)
Chesterland West Geauga (OH),472,Chesterland West Geauga (OH)
Chillicothe (OH),643,Chillicothe (OH)
Chillicothe Huntington (OH),284,Chillicothe Huntington (OH)
Chillicothe Southeast (OH),18,Chillicothe Southeastern (OH)
Chillicothe Southeastern (OH),426,Chillicothe Southeastern (OH)
Chillicothe Unioto (OH),400,Chillicothe Unioto (OH)
Chillicothe Zane Trace (OH),402,Chillicothe Zane Trace (OH)
Cincinnati Academy of Physical Education (OH),107,Cincinnati Academy of Physical Education (OH)
Cincinnati Aiken (OH),440,Cincinnati Aiken (OH)
Cincinnati Anderson (OH),571,Cincinnati Anderson (OH)
Cincinnati Archbishop McNicholas (OH),494,Cincinnati Archbishop McNicholas (OH)
Cincinnati Archbishop Moeller (OH),802,Cincinnati Archbishop Moeller (OH)
Cincinnati Moeller (OH),9,Cincinnati Archbishop Moeller (OH)
Cincinnati Clark Montessori (OH),170,Cincinnati Clark Montessori (OH)
Cincinnati Colerain (OH),685,Cincinnati Colerain (OH)
Cincinnati College Prep Academy (OH),132,Cincinnati College Prep Academy (OH)
Cincinnati Country Day (OH),368,Cincinnati Country Day (OH)
Cincinnati Deer Park (OH),499,Cincinnati Deer Park (OH)
Cincinnati Elder (OH),1211,Cincinnati Elder (OH)
Cincinnati Finneylown (OH),1,Cincinnati Finneytown (OH)
Cincinnati Finneytown (OH),459,Cincinnati Finneytown (OH)
Cincinnati Forest Park (OH),149,Cincinnati Forest Park (OH)
Cincinnati Gamble (OH),1,Cincinnati Gamble Montessori (OH)
Cincinnati Gamble Montessori (OH),138,Cincinnati Gamble Montessori (OH)
Cincinnati Glen Este (OH),554,Cincinnati Glen Este (OH)
Cincinnati Hillcrest Academy (OH),116,Cincinnati Hillcrest Academy (OH)
Cincinnati Hills (OH),21,Cincinnati Hills Christian Academy (OH)
Cincinnati Hills Christian Academy (OH),1,Cincinnati Hills Christian Academy (OH)
Cincinnati HillsChristian Academy (OH),272,Cincinnati Hills Christian Academy (OH)
Cincinnati Hughes (OH),530,Cincinnati Hughes (OH)
Cincinnati Indian Hill (OH),517,Cincinnati Indian Hill (OH)
Cincinnati Indian Hills (OH),1,Cincinnati Indian Hill (OH)
Cincinnati Jacobs (OH),13,Cincinnati Jacobs Center (OH)
Cincinnati Jacobs Center (OH),1,Cincinnati Jacobs Center (OH)
Cincinnati La Salle (OH),630,Cincinnati La Salle (OH)
Cincinnati Landmark (OH),9,Cincinnati Landmark Christian (OH)
Cincinnati Landmark Christian (OH),285,Cincinnati Landmark Christian (OH)
Cincinnati Madeira (OH),497,Cincinnati Madeira (OH)
Cincinnati Madeira Mustangs (OH),21,Cincinnati Madeira (OH)
Cincinnati Mariemont (OH),421,Cincinnati Mariemont (OH)
Cincinnati Miami Valley (OH),20,Cincinnati Miami Valley Christian Academy (OH)
Cincinnati Miami Valley Christian Academy (OH),121,Cincinnati Miami Valley Christian Academy (OH)
Cincinnati Mount Healthy (OH),507,Cincinnati Mt. Healthy (OH)
Cincinnati Mt. Healthy (OH),21,Cincinnati Mt. Healthy (OH)
Cincinnati North College Hill (OH),449,Cincinnati North College Hill (OH)
Cincinnati Northwest (OH),510,Cincinnati Northwest (OH)
Cincinnati Oak Hills (OH),629,Cincinnati Oak Hills (OH)
Cincinnati Princeton (OH),770,Cincinnati Princeton (OH)
Cincinnati Purcell (OH),197,Cincinnati Purcell Marian (OH)
Cincinnati Purcell Marian (OH),734,Cincinnati Purcell Marian (OH)
Cincinnati Riverview East Academy (OH),104,Cincinnati Riverview East Academy (OH)
Cincinnati Shroder Paideia (OH),19,Cincinnati Shroder Paideia Academy (OH)
Cincinnati Shroder Paideia Academy (OH),197,Cincinnati Shroder Paideia Academy (OH)
Cincinnati St. Rita (OH),4,Cincinnati St. Rita School for the Deaf (OH)
Cincinnati St. Rita School for the Deaf (OH),1,Cincinnati St. Rita School for the Deaf (OH)
Cincinnati Saint Xavier (OH),917,Cincinnati St. Xavier (OH)
Cincinnati Summit Country (OH),18,Cincinnati Summit Country Day (OH)
Cincinnati Summit Country Day (OH),346,Cincinnati Summit Country Day (OH)
Cincinnati Sycamore (OH),625,Cincinnati Sycamore (OH)
Cincinnati Taft (OH),473,Cincinnati Taft (OH)
Cincinnati Turpin (OH),455,Cincinnati Turpin (OH)
Cincinnati Walnut Hills (OH),506,Cincinnati Walnut Hills (OH)
Cincinnati Western Hills (OH),575,Cincinnati Western Hills (OH)
Cincinnati Winton Woods (OH),347,Cincinnati Winton Woods (OH)
Cincinnati Withrow (OH),571,Cincinnati Withrow (OH)
Cincinnati Woodward (OH),63,Cincinnati Woodward (OH)
CincinnatiWoodward (OH),440,Cincinnati Woodward (OH)
Cincinnati Wyoming (OH),761,Cincinnati Wyoming (OH)
Circleville (OH),507,Circleville (OH)
Circleville Logan Elm (OH),503,Circleville Logan Elm (OH)
Clarksville Clinton Massie (OH),179,Clarksville Clinton-Massie (OH)
Clarksville Clinton-Massie (OH),374,Clarksville Clinton-Massie (OH)
Clayton Northmont (OH),665,Clayton Northmont (OH)
Cleveland Benedictine (OH),745,Cleveland Benedictine (OH)
Cleveland Cathedral Latin (OH),440,Cleveland Cathedral Latin (OH)
Cleveland Central Catholic (OH),333,Cleveland Central Catholic (OH)
Cleveland Collinwood (OH),534,Cleveland Collinwood (OH)
Cleveland Cuyahoga Heights (OH),479,Cleveland Cuyahoga Heights (OH)
Cleveland East (OH),386,Cleveland East (OH)
Cleveland East Tech (OH),17,Cleveland East Tech (OH)
Cleveland East Technical (OH),488,Cleveland East Tech (OH)
Cleveland Glenville (OH),560,Cleveland Glenville (OH)
Cleveland Heights (OH),945,Cleveland Heights (OH)
Cleveland Heights Lutheran East (OH),256,Cleveland Heights Lutheran East (OH)
Cleveland Heights University for Boys (OH),1,Cleveland Heights University for Boys (OH)
Cleveland Heights University School for Boys (OH),1,Cleveland Heights University for Boys (OH)
Cleveland John Adams (OH),388,Cleveland John Adams (OH)
Cleveland John F (OH),19,Cleveland John F. Kennedy (OH)
Cleveland John F Kennedy (OH),355,Cleveland John F. Kennedy (OH)
Cleveland John F. Kennedy (OH),43,Cleveland John F. Kennedy (OH)
Cleveland John Hay (OH),342,Cleveland John Hay (OH)
Cleveland John Marshall (OH),479,Cleveland John Marshall (OH)
Cleveland Lincoin (OH),1,Cleveland Lincoln (OH)
Cleveland Lincoln (OH),94,Cleveland Lincoln (OH)
Cleveland Lincoln West (OH),295,Cleveland Lincoln West (OH)
Cleveland Rhodes (OH),434,Cleveland Rhodes (OH)
Cleveland South (OH),388,Cleveland South (OH)
Cleveland Spencerian College (OH),1,Cleveland Spencerian Commercial (OH)
Cleveland Spencerian Commercial (OH),2,Cleveland Spencerian Commercial (OH)
Cleveland Saint Ignatius (OH),1301,Cleveland St. Ignatius (OH)
1962Cleveland St. Joseph (OH),9,Cleveland St. Joseph (OH)
Cleveland St. Joseph (OH),367,Cleveland St. Joseph (OH)
Cleveland St. Joseph's (OH),17,Cleveland St. Joseph (OH)
Cleveland Villa Angela-Saint Joseph (OH),473,Cleveland Villa Angela-Saint Joseph (OH)
Cleveland West (OH),102,Cleveland West (OH)
Cleveland West Tech (OH),207,Cleveland West Tech (OH)
Cleveland West Technical (OH),5,Cleveland West Tech (OH)
Cleves Taylor (OH),302,Cleves Taylor (OH)
Clyde (OH),499,Clyde (OH)
Coal Grove Dawson Bryant (OH),19,Coal Grove Dawson-Bryant (OH)
Coal Grove Dawson-Bryant (OH),402,Coal Grove Dawson-Bryant (OH)
Coldwater (OH),676,Coldwater (OH)
Collins Western Reserve (OH),518,Collins Western Reserve (OH)
Columbia Station (OH),5,Columbia Station Columbia (OH)
Columbia Station Columbia (OH),322,Columbia Station Columbia (OH)
Columbiana (OH),703,Columbiana (OH)
Columbiana Crestview (OH),548,Columbiana Crestview (OH)
Columbus Africentric Early (OH),20,Columbus Africentric Early College (OH)
Columbus Africentric Early College (OH),199,Columbus Africentric Early College (OH)
Columbus Beechcroft (OH),457,Columbus Beechcroft (OH)
Columbus Bexley (OH),307,Columbus Bexley (OH)
Columbus Bishop Hartley (OH),581,Columbus Bishop Hartley (OH)
Columbus Bishop Ready (OH),488,Columbus Bishop Ready (OH)
Columbus Bishop Watterson (OH),794,Columbus Bishop Watterson (OH)
Columbus Briggs (OH),403,Columbus Briggs (OH)
Columbus Brookhaven (OH),413,Columbus Brookhaven (OH)
Columbus Centennial (OH),411,Columbus Centennial (OH)
Columbus Central (OH),170,Columbus Central (OH)
Columbus East (OH),615,Columbus East (OH)
Columbus Eastmoor Academy (OH),627,Columbus Eastmoor Academy (OH)
Columbus Father Wehrle (OH),160,Columbus Father Wehrle (OH)
Columbus Franklin Heights (OH),457,Columbus Franklin Heights (OH)
Columbus Grandview (OH),2,Columbus Grandview Heights (OH)
Columbus Grandview Heights (OH),1069,Columbus Grandview Heights (OH)
Columbus Grove (OH),523,Columbus Grove (OH)
Columbus Hamilton Township (OH),456,Columbus Hamilton Township (OH)
Columbus Holy Rosary (OH),2,Columbus Holy Rosary Roman Catholic (OH)
Columbus Holy Rosary Roman Catholic (OH),2,Columbus Holy Rosary Roman Catholic (OH)
Columbus Independence (OH),412,Columbus Independence (OH)
Columbus Linden-McKinley (OH),452,Columbus Linden-McKinley (OH)
Columbus Marion Franklin (OH),45,Columbus Marion-Franklin (OH)
Columbus Marion-Franklin (OH),458,Columbus Marion-Franklin (OH)
Columbus Mifflin (OH),462,Columbus Mifflin (OH)
Columbus Mohawk (OH),167,Columbus Mohawk (OH)
Columbus North (OH),166,Columbus North (OH)
Columbus Northland (OH),507,Columbus Northland (OH)
Columbus South (OH),555,Columbus South (OH)
Columbus Saint Charles (OH),482,Columbus St. Charles (OH)
Columbus Saint Francis de Sales (OH),729,Columbus St. Francis de Sales (OH)
Columbus St. Francis (OH),20,Columbus St. Francis de Sales (OH)
Columbus Saint Thomas Aquinas (OH),39,Columbus St. Thomas Aquinas (OH)
Columbus St. Thomas Aquinas (OH),1,Columbus St. Thomas Aquinas (OH)
Columbus Upper Arlington (OH),869,Columbus Upper Arlington (OH)
Columbus Walnut Ridge (OH),495,Columbus Walnut Ridge (OH)
Walnut Ridge (OH),3,Columbus Walnut Ridge (OH)
Columbus West (OH),574,Columbus West (OH)
Columbus Whetstone (OH),486,Columbus Whetstone (OH)
Columbus Worthington Kilbourne (OH),390,Columbus Worthington Kilbourne (OH)
Conneaut (OH),518,Conneaut (OH)
Convoy Crestview (OH),283,Convoy Crestview (OH)
Copley (OH),841,Copley (OH)
Corning Miller (OH),312,Corning Miller (OH)
Cortland Lakeview (OH),504,Cortland Lakeview (OH)
Coshocton (OH),653,Coshocton (OH)
Covington (OH),575,Covington (OH)
Crestline (OH),475,Crestline (OH)
Creston Norwayne (OH),457,Creston Norwayne (OH)
Crooksville (OH),525,Crooksville (OH)
Crown City South Gallia (OH),277,Crown City South Gallia (OH)
Culver Military Academy (OH),2,Culver Military Academy (IN)
Cuyahoga Fall (OH),4,Cuyahoga Falls (OH)
Cuyahoga Falls (OH),652,Cuyahoga Falls (OH)
Cuyahoga Falls Walsh Jesuit (OH),384,Cuyahoga Falls Walsh Jesuit (OH)
Cuyahoga Valley Christian Academy (OH),245,Cuyahoga Valley Christian Academy (OH)
Cuyahoga Walsh Jesuit (OH),294,Cuyahoga Walsh Jesuit (OH)
Dalton (OH),501,Dalton (OH)
Danville (OH),492,Danville (OH)
Dayton Alder (OH),1,Dayton Archbishop Alter (OH)
Dayton Archbishop Alter (OH),1,Dayton Archbishop Alter (OH)
Dayton Belmont (OH),409,Dayton Belmont (OH)
Dayton Carroll (OH),506,Dayton Carroll (OH)
Dayton Chaminade (OH),158,Dayton Chaminade (OH)
Dayton Chaminade Julienne Catholic (OH),224,Dayton Chaminade-Julienne (OH)
Dayton Chaminade-Julienne (OH),550,Dayton Chaminade-Julienne (OH)
Dayton Colonel White (OH),193,Dayton Colonel White (OH)
Dayton Columbus White (OH),1,Dayton Colonel White (OH)
Dayton Dunbar (OH),449,Dayton Dunbar (OH)
Dayton Jefferson Township (OH),286,Dayton Jefferson Township (OH)
Dayton Kiser (OH),123,Dayton Kiser (OH)
Dayton Meadowdale (OH),431,Dayton Meadowdale (OH)
Dayton Northridge (OH),599,Dayton Northridge (OH)
Dayton Oakwood (OH),643,Dayton Oakwood (OH)
Dayton Patterson (OH),110,Dayton Patterson (OH)
Dayton Patterson Co-Op (OH),1,Dayton Patterson (OH)
Dayton Ponitz Career (OH),19,Dayton Ponitz Career Tech (OH)
Dayton Ponitz Career Tech (OH),143,Dayton Ponitz Career Tech (OH)
Dayton Roosebelt (OH),1,Dayton Roosevelt (OH)
Dayton Roosevelt (OH),117,Dayton Roosevelt (OH)
Dayton Shawen Acres Orphanage (OH),3,Dayton Shawn Acres Orphanage (OH)
Dayton Shawn Acres Orphanage (OH),3,Dayton Shawn Acres Orphanage (OH)
Dayton St. Mary (OH),1,Dayton St. Mary's (OH)
Dayton St. Mary's (OH),1,Dayton St. Mary's (OH)
Dayton Steele (OH),154,Dayton Steele (OH)
Dayton Stivers (OH),138,Dayton Stivers (OH)
Dayton Stivers School for the Arts (OH),1,Dayton Stivers (OH)
Dayton Thurgood Marshall (OH),220,Dayton Thurgood Marshall (OH)
Dayton Wilbur Wright (OH),91,Dayton Wilbur Wright (OH)
Dayton Wright (OH),1,Dayton Wilbur Wright (OH)
De Graff Riverside (OH),322,De Graff Riverside (OH)
Defiance (OH),633,Defiance (OH)
Defiance Ayersville (OH),360,Defiance Ayersville (OH)
Defiance Tinora (OH),388,Defiance Tinora (OH)
Delaware Buckeye Valley (OH),451,Delaware Buckeye Valley (OH)
Delaware Hayes (OH),546,Delaware Hayes (OH)
Delphos Jefferson (OH),434,Delphos Jefferson (OH)
Delphos Saint John's (OH),593,Delphos St. John's (OH)
Delphos St. Johns (OH),45,Delphos St. John's (OH)
Delphos St. John's (OH),24,Delphos St. John's (OH)
Delta (OH),486,Delta (OH)
Denison St. Mary's (OH),1,Dennison St. Mary's (OH)
Dennison St. Mary (OH),1,Dennison St. Mary's (OH)
Dennison St. Mary's (OH),3,Dennison St. Mary's (OH)
Detroit Northeastern (OH),2,Detroit Northeastern (MI)
Dola Hardin Northern (OH),651,Dola Hardin Northern (OH)
Dover (OH),1108,Dover (OH)
Dover St. Joseph (OH),3,Dover St. Joseph's (OH)
Dover St. Joseph's (OH),5,Dover St. Joseph's (OH)
Doylestown Chippewa (OH),493,Doylestown Chippewa (OH)
Dresden Tri Valley (OH),21,Dresden Tri-Valley (OH)
Dresden Tri-Valley (OH),506,Dresden Tri-Valley (OH)
Dublin (OH),203,Dublin (OH)
Dublin Coffman (OH),361,Dublin Coffman (OH)
Dublin Jerome (OH),231,Dublin Jerome (OH)
Dublin Scioto (OH),329,Dublin Scioto (OH)
Duncan Falls Philo (OH),496,Duncan Falls Philo (OH)
East Canton (OH),516,East Canton (OH)
East Cleveland Shaw (OH),663,East Cleveland Shaw (OH)
East Cleveland-Shaw (OH),27,East Cleveland Shaw (OH)
East Liverpool (OH),744,East Liverpool (OH)
East Palestine (OH),625,East Palestine (OH)
Eastlake North (OH),489,Eastlake North (OH)
Eaton (OH),549,Eaton (OH)
Edgerton (OH),324,Edgerton (OH)
Edon (OH),400,Edon (OH)
Elida (OH),534,Elida (OH)
Elmore Woodmore (OH),406,Elmore Woodmore (OH)
Elyria (OH),1042,Elyria (OH)
Elyria Catholic (OH),498,Elyria Catholic (OH)
Euclid (OH),894,Euclid (OH)
Fairborn (OH),469,Fairborn (OH)
Fairfield (OH),736,Fairfield (OH)
Fairfield Cincinnati Christian (OH),118,Fairfield Cincinnati Christian (OH)
Fairport Harbor Fairport Harding (OH),1,Fairport Harbor Harding (OH)
Fairport Harbor Harding (OH),376,Fairport Harbor Harding (OH)
Fairview (OH),237,Fairview (OH)
Fairview Park (OH),347,Fairview Park (OH)
Fairview Park Fairview (OH),20,Fairview Park (OH)
Fayetteville Perry (OH),17,Fayetteville-Perry (OH)
Fayetteville-Perry (OH),137,Fayetteville-Perry (OH)
Findlay (OH),1059,Findlay (OH)
Findlay Liberty Benton (OH),22,Findlay Liberty-Benton (OH)
Findlay Liberty-Benton (OH),671,Findlay Liberty-Benton (OH)
Fort Loramie (OH),233,Fort Loramie (OH)
Fort Recovery (OH),338,Fort Recovery (OH)
Fostoria (OH),795,Fostoria (OH)
Fostoria Saint Wendelin (OH),273,Fostoria St. Wendelin (OH)
Fostoria St. Wendelin Catholic (OH),6,Fostoria St. Wendelin (OH)
Frankfort Adena (OH),342,Frankfort Adena (OH)
Franklin (OH),565,Franklin (OH)
Franklin Bishop Fenwick (OH),562,Franklin Bishop Fenwick (OH)
Franklin Furnace (OH),1,Franklin Furnace Green (OH)
Franklin Furnace Green (OH),331,Franklin Furnace Green (OH)
Franklin Furnace Green Township (OH),16,Franklin Furnace Green (OH)
Franklin Middletown Christian (OH),181,Franklin Middletown Christian (OH)
Fredericksburg (OH),1,Fredericktown (OH)
Fredericktown (OH),508,Fredericktown (OH)
Fremont Ross (OH),1046,Fremont Ross (OH)
Fremont Saint Joseph Central Catholic (OH),446,Fremont St. Joseph Central Catholic (OH)
Fremont St. Joseph (OH),29,Fremont St. Joseph Central Catholic (OH)
Fremont St. Joseph Central Catholic (OH),6,Fremont St. Joseph Central Catholic (OH)
Gahanna Columbus Academy (OH),445,Gahanna Columbus Academy (OH)
Gahanna Lincoln (OH),10,Gahanna-Lincoln (OH)
Gahanna-Lincoln (OH),624,Gahanna-Lincoln (OH)
Galena Columbus Crusaders (OH),230,Galena Columbus Crusaders (OH)
Galion (OH),510,Galion (OH)
Galion Northmoor (OH),1,Galion Northmor (OH)
Galion Northmor (OH),461,Galion Northmor (OH)
Galion Northmore (OH),10,Galion Northmor (OH)
Gallipolis Gallia Academy (OH),610,Gallipolis Gallia Academy (OH)
Gallowa Westland (OH),113,Gallowa Westland (OH)
Galloway Westland (OH),364,Galloway Westland (OH)
Garfield Heights (OH),490,Garfield Heights (OH)
Garfield Heights Trinity (OH),311,Garfield Heights Trinity (OH)
Garrettsville (OH),199,Garrettsville (OH)
Garrettsville Garfield (OH),258,Garrettsville Garfield (OH)
Garrettsville Garfield G (OH),21,Garrettsville Garfield (OH)
Gates Mills Gilmour Academy (OH),346,Gates Mills Gilmour Academy (OH)
Gates Mills Hawken (OH),315,Gates Mills Hawken (OH)
Geneva (OH),476,Geneva (OH)
Genoa Area (OH),474,Genoa Area (OH)
Germantown Valley View (OH),661,Germantown Valley View (OH)
Gibsonburg (OH),450,Gibsonburg (OH)
Girard (OH),641,Girard (OH)
Glouster Trimble (OH),604,Glouster Trimble (OH)
Gnadenhutten Indian Valley (OH),372,Gnadenhutten Indian Valley (OH)
Goshen (OH),454,Goshen (OH)
Grafton (OH),9,Grafton Midview (OH)
Grafton Midview (OH),482,Grafton Midview (OH)
Grandview Heights (OH),201,Grandview Heights (OH)
Granville (OH),720,Granville (OH)
Greenfield McClain (OH),499,Greenfield McClain (OH)
Greenhills (OH),191,Greenhills (OH)
Greensburg Green (OH),100,Greensburg Green (OH)
Greenville (OH),694,Greenville (OH)
Greenwich South Central (OH),387,Greenwich South Central (OH)
Grove City (OH),538,Grove City (OH)
Grove City HS (OH),1,Grove City (OH)
Grove City Central Crossing (OH),235,Grove City Central Crossing (OH)
Grove City Christian (OH),197,Grove City Christian (OH)
Groveport (OH),243,Groveport (OH)
Groveport Madison (OH),10,Groveport-Madison (OH)
Groveport-Madison (OH),250,Groveport-Madison (OH)
Hamilton (OH),797,Hamilton (OH)
Hamilton Baden (OH),2,Hamilton Badin (OH)
Hamilton Badin (OH),511,Hamilton Badin (OH)
Hamilton Badin Catholic (OH),1,Hamilton Badin (OH)
1971Hamilton Garfield (OH),10,Hamilton Garfield (OH)
Hamilton Garfield (OH),117,Hamilton Garfield (OH)
Hamilton New Miami (OH),398,Hamilton New Miami (OH)
Hamilton Ross (OH),488,Hamilton Ross (OH)
Hamilton Ross Township (OH),1,Hamilton Ross (OH)
Hamilton Taft (OH),108,Hamilton Taft (OH)
Hamler Patrick Henry (OH),506,Hamler Patrick Henry (OH)
Hammondsville Stanton (OH),106,Hammondsville Stanton (OH)
Hannibal River (OH),472,Hannibal River (OH)
Hanoverton United (OH),408,Hanoverton United Local (OH)
Hanoverton United Local (OH),150,Hanoverton United Local (OH)
Harrison (OH),596,Harrison (OH)
Harrod Allen (OH),2,Harrod Allen East (OH)
Harrod Allen East (OH),415,Harrod Allen East (OH)
Haviland Wayne Trace (OH),385,Haviland Wayne Trace (OH)
Heath (OH),682,Heath (OH)
Hebron Lakewood (OH),371,Hebron Lakewood (OH)
Hemlock Miller (OH),152,Hemlock Miller (OH)
Hicksville (OH),394,Hicksville (OH)
Hiland (OH),1,Hilliard (OH)
Hilliard (OH),213,Hilliard (OH)
Hilliard Bradley (OH),183,Hilliard Bradley (OH)
Hilliard Darby (OH),304,Hilliard Darby (OH)
Hilliard Davidson (OH),349,Hilliard Davidson (OH)
Hillsboro (OH),457,Hillsboro (OH)
Holgate (OH),323,Holgate (OH)
Holland Springfield (OH),545,Holland Springfield (OH)
Howard East Knox (OH),410,Howard East Knox (OH)
Hubbard (OH),656,Hubbard (OH)
Huber Heights Wayne (OH),734,Huber Heights Wayne (OH)
Hudson (OH),797,Hudson (OH)
Hudson Western Reserve Academy (OH),245,Hudson Western Reserve Academy (OH)
Hudson Western Reserve Acedmy (OH),12,Hudson Western Reserve Academy (OH)
Hunting Valley University School (OH),389,Hunting Valley University School (OH)
Huron (OH),665,Huron (OH)
Independence (OH),474,Independence (OH)
Indianapolis Ben Davis (OH),2,Indianapolis Ben Davis (IN)
Irondale (OH),1,Irondale Local (OH)
Irondale Local (OH),2,Irondale Local (OH)
Ironton (OH),880,Ironton (OH)
Ironton Rock Hill (OH),436,Ironton Rock Hill (OH)
Ironton St. Joseph (OH),1,Ironton St. Joseph's (OH)
Ironton St. Joseph's (OH),94,Ironton St. Joseph's (OH)
Jackson (OH),1138,Jackson (OH)
Jamestown Greeneview (OH),493,Jamestown Greeneview (OH)
Jefferson (OH),290,Jefferson (OH)
Jefferson Area (OH),287,Jefferson Area (OH)
Jeromesville Hillsdale (OH),403,Jeromesville Hillsdale (OH)
Jewett-Scio (OH),159,Jewett-Scio (OH)
Johnstown Northridge (OH),358,Johnstown Northridge (OH)
Johnstown-Monroe (OH),426,Johnstown-Monroe (OH)
Kansas Lakota (OH),606,Kansas Lakota (OH)
Kent Roosevelt (OH),535,Kent Roosevelt (OH)
Kenton (OH),591,Kenton (OH)
Kettering Archbishop Alter (OH),623,Kettering Archbishop Alter (OH)
Kettering Fairmont (OH),671,Kettering Fairmont (OH)
Kettering Fairmont East (OH),167,Kettering Fairmont East (OH)
Kettering Fairmont West (OH),175,Kettering Fairmont West (OH)
Kings Mill Kings (OH),21,Kings Mills Kings (OH)
Kings Mills (OH),15,Kings Mills Kings (OH)
Kings Mills Kings (OH),484,Kings Mills Kings (OH)
Kirtland (OH),505,Kirtland (OH)
La Grange Keystone (OH),430,La Grange Keystone (OH)
Lakeside Danbury (OH),325,Lakeside Danbury (OH)
Lakewood (OH),1239,Lakewood (OH)
Lakewood Saint Edward (OH),892,Lakewood St. Edward (OH)
Lakewood St. Edward (OH),2,Lakewood St. Edward (OH)
Lakewood St. Edwards (OH),9,Lakewood St. Edward (OH)
Lancaster (OH),904,Lancaster (OH)
Lancaster Fairfield Christian Academy (OH),185,Lancaster Fairfield Christian Academy (OH)
Lancaster Fairfield Union (OH),428,Lancaster Fairfield Union (OH)
Lancaster Fisher Catholic (OH),345,Lancaster Fisher Catholic (OH)
Leavittsburg La Brae (OH),504,Leavittsburg La Brae (OH)
Leavittsburg LaBrae (OH),12,Leavittsburg La Brae (OH)
Lebanon (OH),549,Lebanon (OH)
Lees Creek East Clinton (OH),431,Lees Creek East Clinton (OH)
Leetonia (OH),575,Leetonia (OH)
Leipsic (OH),671,Leipsic (OH)
Lemon Monroe (OH),5,Lemon-Monroe (OH)
Lemon-Monroe (OH),245,Lemon-Monroe (OH)
Lewis Center Olentangy (OH),506,Lewis Center Olentangy (OH)
Lewis Center Olentangy Orange (OH),190,Lewis Center Olentangy Orange (OH)
Lewisburg Tri County (OH),20,Lewisburg Tri-County North (OH)
Lewisburg Tri-County (OH),1,Lewisburg Tri-County North (OH)
Lewisburg Tri-County North (OH),367,Lewisburg Tri-County North (OH)
Lewistown Indian Lake (OH),479,Lewistown Indian Lake (OH)
Lexington (OH),446,Lexington (OH)
Liberty Center (OH),926,Liberty Center (OH)
Liberty Township Lakota East (OH),278,Liberty Township Lakota East (OH)
Lima Bath (OH),548,Lima Bath (OH)
Lima Catholic (OH),72,Lima Catholic Central (OH)
Lima Catholic Central (OH),411,Lima Catholic Central (OH)
Lima Perry (OH),407,Lima Perry (OH)
Lima (OH),684,Lima Senior (OH)
Lima Senior (OH),20,Lima Senior (OH)
Lima Shawnee (OH),564,Lima Shawnee (OH)
Lima South (OH),100,Lima South (OH)
Lisbon (OH),218,Lisbon (OH)
Lisbon Beaver (OH),19,Lisbon Beaver Local (OH)
Lisbon Beaver Local (OH),723,Lisbon Beaver Local (OH)
Lisbon David Anderson (OH),253,Lisbon David Anderson (OH)
Lockland (OH),457,Lockland (OH)
Lodi Cloverleaf (OH),553,Lodi Cloverleaf (OH)
Logan (OH),494,Logan (OH)
London (OH),528,London (OH)
London Madison Plains (OH),472,London Madison Plains (OH)
Lorain (OH),833,Lorain (OH)
Lorain Admiral King (OH),354,Lorain Admiral King (OH)
Lorain Catholic (OH),170,Lorain Catholic (OH)
Lorain Central Catholic (OH),2,Lorain Catholic (OH)
Lorain Clearview (OH),499,Lorain Clearview (OH)
Lorain Southview (OH),240,Lorain Southview (OH)
Lorain St Mary (OH),1,Lorain St. Mary Academy (OH)
Lorain St. Mary (OH),24,Lorain St. Mary Academy (OH)
Lorain St. Mary Academy (OH),4,Lorain St. Mary Academy (OH)
Lorain St. Marys (OH),9,Lorain St. Mary Academy (OH)
Lore City Buckeye Trail (OH),335,Lore City Buckeye Trail (OH)
Loudonville (OH),497,Loudonville (OH)
Louisville (OH),1133,Louisville (OH)
Louisville Aquinas (OH),460,Louisville Aquinas (OH)
Loveland (OH),508,Loveland (OH)
Loveland Hurst (OH),14,Loveland-Hurst (OH)
Loveland-Hurst (OH),2,Loveland-Hurst (OH)
Lowellville (OH),542,Lowellville (OH)
Lowelville (OH),1,Lowellville (OH)
Lucas (OH),389,Lucas (OH)
Lucasville (OH),4,Lucasville Valley (OH)
Lucasville Valley (OH),410,Lucasville Valley (OH)
Lyndhurst Brush (OH),519,Lyndhurst Brush (OH)
Macedonia (OH),1,Macedonia Nordonia (OH)
Macedonia Nordonia (OH),716,Macedonia Nordonia (OH)
Madison (OH),507,Madison (OH)
Magnolia Sandy Valley (OH),543,Magnolia Sandy Valley (OH)
Malvern (OH),349,Malvern (OH)
Manchester (OH),542,Manchester (OH)
Mansfield Madison Comprehensive (OH),536,Mansfield Madison Comprehensive (OH)
Mansfield Malabar (OH),163,Mansfield Malabar (OH)
Mansfield Ontario (OH),450,Mansfield Ontario (OH)
Mansfield (OH),685,Mansfield Senior (OH)
Mansfield Senior (OH),20,Mansfield Senior (OH)
Mantua Crestwood (OH),454,Mantua Crestwood (OH)
Maple Heights (OH),533,Maple Heights (OH)
Marengo Highland (OH),101,Marengo Highland (OH)
Maria Stein Marion Local (OH),726,Maria Stein Marion Local (OH)
Mariemont (OH),101,Mariemont (OH)
Marietta (OH),801,Marietta (OH)
Marion Catholic (OH),168,Marion Catholic (OH)
Marion Elgin (OH),453,Marion Elgin (OH)
Marion Harding (OH),687,Marion Harding (OH)
Marion Pleasant (OH),584,Marion Pleasant (OH)
Marion River Valley (OH),102,Marion River Valley (OH)
Martins Ferry (OH),780,Martins Ferry (OH)
Marysville (OH),517,Marysville (OH)
Mason (OH),524,Mason (OH)
Massillon Jackson (OH),786,Massillon Jackson (OH)
Massillon Jackson Memorial (OH),12,Massillon Jackson (OH)
Massillon Perry (OH),654,Massillon Perry (OH)
Massillon Reserve (OH),1,Massillon Reserves (OH)
Massillon Reserves (OH),3,Massillon Reserves (OH)
Massillon Tuslaw (OH),525,Massillon Tuslaw (OH)
Massillon Washington (OH),1453,Massillon Washington (OH)
Maumee (OH),507,Maumee (OH)
Mayfield (OH),542,Mayfield (OH)
McArthur Vinton County (OH),426,McArthur Vinton County (OH)
McComb (OH),919,McComb (OH)
McConnelsville Morgan (OH),496,McConnelsville Morgan (OH)
McDermott Northwest (OH),375,McDermott Northwest (OH)
McDonald (OH),535,McDonald (OH)
Mcguffey Upper Scioto (OH),21,McGuffey Upper Scioto Valley (OH)
McGuffey Upper Scioto Valley (OH),347,McGuffey Upper Scioto Valley (OH)
Mechanicsburg (OH),481,Mechanicsburg (OH)
Medina (OH),572,Medina (OH)
Medina Buckeye (OH),537,Medina Buckeye (OH)
Medina Highland (OH),675,Medina Highland (OH)
Mentor (OH),889,Mentor (OH)
Mentor Lake Catholic (OH),474,Mentor Lake Catholic (OH)
Metamora Evergreen (OH),410,Metamora Evergreen (OH)
Miamisburg (OH),629,Miamisburg (OH)
Miamisburg Dayton Christian (OH),227,Miamisburg Dayton Christian (OH)
Middleburg Heights Midpark (OH),374,Middleburg Heights Midpark (OH)
Middlefield Cardinal (OH),400,Middlefield Cardinal (OH)
Middletown (OH),1177,Middletown (OH)
Middletown Madison (OH),21,Middletown Madison Senior (OH)
Middletown Madison Senior (OH),459,Middletown Madison Senior (OH)
Milan Edison (OH),471,Milan Edison (OH)
Milford (OH),518,Milford (OH)
Milford Center Fairbanks (OH),424,Milford Center Fairbanks (OH)
Milford Central Fairbanks (OH),1,Milford Center Fairbanks (OH)
Millbury Lake (OH),394,Millbury Lake (OH)
Millersburg West Holmes (OH),549,Millersburg West Holmes (OH)
Millersport (OH),414,Millersport (OH)
Mineral Ridge (OH),499,Mineral Ridge (OH)
Minerva (OH),609,Minerva (OH)
Minford (OH),405,Minford (OH)
Mingo Junction (OH),263,Mingo Junction (OH)
Minster (OH),571,Minster (OH)
Mogadore (OH),698,Mogadore (OH)
Mogadore Field (OH),524,Mogadore Field (OH)
Monroe (OH),320,Monroe (OH)
Monroe Union (OH),1,Monroe (OH)
Monroeville (OH),450,Monroeville (OH)
Montpelier (OH),472,Montpelier (OH)
Morral Ridgedale (OH),430,Morral Ridgedale (OH)
Morrow Little Miami (OH),483,Morrow Little Miami (OH)
Mount Blanchard (OH),1,Mount Blanchard Riverdale (OH)
Mount Blanchard Riverdale (OH),442,Mount Blanchard Riverdale (OH)
Mt. Blanchard (OH),24,Mount Blanchard Riverdale (OH)
Mount Cory-Rawson (OH),424,Mount Cory-Rawson (OH)
Mt. Cory Cory-Rawson (OH),1,Mount Cory-Rawson (OH)
Mt. Cory-Rawson (OH),362,Mount Cory-Rawson (OH)
Mount Gilead (OH),442,Mount Gilead (OH)
Mount Orab Western (OH),19,Mount Orab Western Brown (OH)
Mount Orab Western Brown (OH),375,Mount Orab Western Brown (OH)
Mt. Vernon (OH),569,Mount Vernon (OH)
Mount Victory Ridgemont (OH),278,Mount Victory Ridgemont (OH)
Napoleon (OH),519,Napoleon (OH)
Navarre Fairless (OH),506,Navarre Fairless (OH)
Nelsonville York (OH),20,Nelsonville-York (OH)
New Albany (OH),478,New Albany (OH)
New Bremen (OH),508,New Bremen (OH)
New Carlisle Tecumseh (OH),517,New Carlisle Tecumseh (OH)
New Concord (OH),1,New Concord John Glenn (OH)
New Concord John Glenn (OH),502,New Concord John Glenn (OH)
New Lebanon Dixie (OH),502,New Lebanon Dixie (OH)
New Lexington (OH),565,New Lexington (OH)
New London (OH),376,New London (OH)
New Madison Tri Village (OH),21,New Madison Tri-Village (OH)
New Madison Tri-Village (OH),87,New Madison Tri-Village (OH)
New Matamoras (OH),1,New Matamoras Frontier (OH)
New Matamoras Frontier (OH),428,New Matamoras Frontier (OH)
New Middletown Springfield (OH),286,New Middletown Springfield (OH)
New Paris National Trail (OH),389,New Paris National Trail (OH)
New Philadelphia (OH),98,New Philadelphia (OH)
NewPhiladelphia (OH),1049,New Philadelphia (OH)
New Philadelphia Tuscarawas Central (OH),18,New Philadelphia Tuscarawas Central Catholic (OH)
New Philadelphia Tuscarawas Central Catholic (OH),13,New Philadelphia Tuscarawas Central Catholic (OH)
New Philadelphia TuscarawasCentralCatholic (OH),267,New Philadelphia Tuscarawas Central Catholic (OH)
New Richmond (OH),432,New Richmond (OH)
New Washington Buckeye Central (OH),389,New Washington Buckeye Central (OH)
Newark (OH),685,Newark (OH)
Newark Catholic (OH),423,Newark Catholic (OH)
Newark Licking Valley (OH),575,Newark Licking Valley (OH)
Newbury (OH),344,Newbury (OH)
Newcomerstown (OH),413,Newcomerstown (OH)
Newton Falls (OH),534,Newton Falls (OH)
Niles McKinley (OH),831,Niles McKinley (OH)
North Baltimore (OH),403,North Baltimore (OH)
North Bend Taylor (OH),229,North Bend Taylor (OH)
North Canton Hoover (OH),904,North Canton Hoover (OH)
North Jackson Jackson Milton (OH),19,North Jackson-Milton (OH)
North Jackson-Milton (OH),474,North Jackson-Milton (OH)
North Lewisburg Triad (OH),444,North Lewisburg Triad (OH)
North Olmsted (OH),492,North Olmsted (OH)
North Robinson Colonel Crawford (OH),432,North Robinson Colonel Crawford (OH)
North Royalton (OH),496,North Royalton (OH)
North Royalton E.E. Root (OH),12,North Royalton Ernest E. Root (OH)
North Royalton Ernest E. Root (OH),3,North Royalton Ernest E. Root (OH)
Northridgeville (OH),433,Northridgeville (OH)
Northwood (OH),408,Northwood (OH)
Norton (OH),644,Norton (OH)
Norwalk (OH),543,Norwalk (OH)
Norwalk Saint Paul (OH),429,Norwalk St. Paul (OH)
Norwood (OH),608,Norwood (OH)
Oak Harbor (OH),506,Oak Harbor (OH)
Oak Hill (OH),400,Oak Hill (OH)
Oberlin (OH),491,Oberlin (OH)
Oberlin Academy (OH),11,Oberlin Academy (OH)
Oberlin AcademyPrep (OH),3,Oberlin Academy (OH)
Oberlin Firelands (OH),434,Oberlin Firelands (OH)
Ohio School for the Deaf (OH),35,Ohio School for the Deaf (OH)
Ohio School for the Deaf (OH) (OH),2,Ohio School for the Deaf (OH)
Oklahoma City Capitol Hill (OH),1,Oklahoma City Capitol Hill (OK)
Oklahoma City John Marshall (OH),10,Oklahoma City John Marshall (OK)
Oklahoma City Northeast (OH),1,Oklahoma City Northeast (OK)
Olmsted Falls (OH),534,Olmsted Falls (OH)
Oregon Cardinal Stritch (OH),371,Oregon Cardinal Stritch (OH)
Oregon Cardinal Stritch Catholic (OH),4,Oregon Cardinal Stritch (OH)
Oregon Clay (OH),565,Oregon Clay (OH)
Orrville (OH),1187,Orrville (OH)
Orwell Grand Valley (OH),398,Orwell Grand Valley (OH)
Ottawa-Glandorf (OH),556,Ottawa-Glandorf (OH)
Oxford McGuffey (OH),1,Oxford McGuffey Foundation (OH)
Oxford McGuffeyFoundation (OH),25,Oxford McGuffey Foundation (OH)
Oxford Talawanda (OH),539,Oxford Talawanda (OH)
Painesville Harvey (OH),475,Painesville Harvey (OH)
Painesville Riverside (OH),594,Painesville Riverside (OH)
Pandora Gilboa (OH),113,Pandora-Gilboa (OH)
Pandora-Gilboa (OH),606,Pandora-Gilboa (OH)
Parma Byzantine (OH),5,Parma Byzantine Catholic (OH)
Parma Byzantine Catholic (OH),1,Parma Byzantine Catholic (OH)
Parma St. Joseph Byzantine Catholic (OH),1,Parma Byzantine Catholic (OH)
Parma Heights Holy Name (OH),435,Parma Heights Holy Name (OH)
Parma Heights Valley Forge (OH),463,Parma Heights Valley Forge (OH)
Parma Normandy (OH),444,Parma Normandy (OH)
Parma Padua Franciscan (OH),426,Parma Padua Franciscan (OH)
Parma (OH),498,Parma Senior (OH)
Parma Senior (OH),2,Parma Senior (OH)
Pataskala Watkins Memorial (OH),468,Pataskala Watkins Memorial (OH)
Patriot Southwestern (OH),111,Patriot Southwestern (OH)
Paulding (OH),435,Paulding (OH)
Pemberville Eastwood (OH),628,Pemberville Eastwood (OH)
Peninsula Woodridge (OH),599,Peninsula Woodridge (OH)
Pepper Pike Orange (OH),465,Pepper Pike Orange (OH)
Perry (OH),756,Perry (OH)
Perrysburg (OH),518,Perrysburg (OH)
Perrysburg Yellow (OH),22,Perrysburg (OH)
Pickerington Central (OH),708,Pickerington Central (OH)
Pickerington High School North (OH),1,Pickerington North (OH)
Pickerington North (OH),251,Pickerington North (OH)
Piketon (OH),412,Piketon (OH)
Piqua (OH),1222,Piqua (OH)
Plain City Jonathan Alder (OH),496,Plain City Jonathan Alder (OH)
Plymouth (OH),406,Plymouth (OH)
Poland Seminary (OH),514,Poland Seminary (OH)
Pomeroy Meigs (OH),458,Pomeroy Meigs (OH)
Port Clinton (OH),513,Port Clinton (OH)
Portsmouth (OH),855,Portsmouth (OH)
Portsmouth East (OH),133,Portsmouth East (OH)
Portsmouth Notre Dame (OH),340,Portsmouth Notre Dame (OH)
Portsmouth West (OH),439,Portsmouth West (OH)
Powell Olentangy Liberty (OH),265,Powell Olentangy Liberty (OH)
Proctorville Fairland (OH),440,Proctorville Fairland (OH)
Racine Southern (OH),514,Racine Southern (OH)
Ravenna (OH),577,Ravenna (OH)
Ravenna Southeast (OH),440,Ravenna Southeast (OH)
Rayland Buckeye Local (OH),342,Rayland Buckeye Local (OH)
Reading (OH),471,Reading (OH)
Reedsville Eastern (OH),395,Reedsville Eastern (OH)
Reynoldsburg (OH),618,Reynoldsburg (OH)
Richfield Revere (OH),790,Richfield Revere (OH)
Richmond Dale Southeastern (OH),107,Richmond Dale Southeastern (OH)
Richmond Edison (OH),302,Richmond Edison (OH)
Richmond Heights (OH),318,Richmond Heights (OH)
Richmond Jefferson Union (OH),129,Richmond Jefferson Union (OH)
Richwood North Union (OH),457,Richwood North Union (OH)
Ridgeway Ridgemont (OH),140,Ridgeway Ridgemont (OH)
Rittman (OH),483,Rittman (OH)
Riverside Stebbins (OH),528,Riverside Stebbins (OH)
Rockford Parkway (OH),501,Rockford Parkway (OH)
Rocky River (OH),480,Rocky River (OH)
Rocky River Lutheran West (OH),350,Rocky River Lutheran West (OH)
Rootstown (OH),477,Rootstown (OH)
Rossford (OH),506,Rossford (OH)
Saint Bernard Roger Bacon (OH),775,Saint Bernard Roger Bacon (OH)
Saint Bernard-Elmwood Place (OH),125,Saint Bernard-Elmwood Place (OH)
Saint Clairsville (OH),535,Saint Clairsville (OH)
Saint Henry (OH),642,Saint Henry (OH)
Saint Marys Memorial (OH),1132,Saint Marys Memorial (OH)
Salem (OH),640,Salem (OH)
Salineville Southern (OH),381,Salineville Southern (OH)
Salineville Southern Local (OH),11,Salineville Southern (OH)
Sandusky (OH),873,Sandusky (OH)
Sandusky Perkins (OH),488,Sandusky Perkins (OH)
Sandusky Saint Mary Central Catholic (OH),46,Sandusky St. Mary Central Catholic (OH)
Sandusky St Mary's Catholic Central (OH),1,Sandusky St. Mary Central Catholic (OH)
Sandusky St. Mary (OH),27,Sandusky St. Mary Central Catholic (OH)
Sandusky St. Mary Catholic (OH),1,Sandusky St. Mary Central Catholic (OH)
Sandusky St. Mary Central Catholic (OH),305,Sandusky St. Mary Central Catholic (OH)
Sandusky St. Marys (OH),3,Sandusky St. Mary Central Catholic (OH)
Sandusky St. Mary's (OH),24,Sandusky St. Mary Central Catholic (OH)
Sandusky St. Mary's Central Catholic (OH),8,Sandusky St. Mary Central Catholic (OH)
Sarahsville Shenandoah (OH),317,Sarahsville Shenandoah (OH)
Sciotoville East (OH),222,Sciotoville East (OH)
Sebring (OH),312,Sebring (OH)
Sebring McKinley (OH),273,Sebring McKinley (OH)
Shadyside (OH),536,Shadyside (OH)
Shaker Heights (OH),537,Shaker Heights (OH)
Sheffield Brookside (OH),382,Sheffield Brookside (OH)
Shelby (OH),537,Shelby (OH)
Shenandoah (OH),119,Shenandoah (OH)
Sherwood Fairview (OH),391,Sherwood Fairview (OH)
Sidney (OH),693,Sidney (OH)
Sidney Lehman Catholic (OH),510,Sidney Lehman Catholic (OH)
Smithville (OH),457,Smithville (OH)
Solon (OH),573,Solon (OH)
South Amherst (OH),120,South Amherst (OH)
South Charleston Southeastern (OH),73,South Charleston Southeastern Local (OH)
South Charleston Southeastern Local (OH),300,South Charleston Southeastern Local (OH)
South Point (OH),491,South Point (OH)
Southington Chalker (OH),264,Southington Chalker (OH)
Sparta Highland (OH),386,Sparta Highland (OH)
Spencerville (OH),437,Spencerville (OH)
Springboro (OH),585,Springboro (OH)
Springboro HS (OH),1,Springboro (OH)
Springfield (OH),646,Springfield (OH)
Springfield Catholic Central (OH),537,Springfield Catholic Central (OH)
Springfield Greenon (OH),489,Springfield Greenon (OH)
Springfield Kenton Ridge (OH),413,Springfield Kenton Ridge (OH)
Springfield North (OH),395,Springfield North (OH)
Springfield Northeastern (OH),475,Springfield Northeastern (OH)
Springfield Northeasternn (OH),9,Springfield Northeastern (OH)
Springfield Northwestern (OH),522,Springfield Northwestern (OH)
Springfield Shawnee (OH),537,Springfield Shawnee (OH)
Springfield South (OH),464,Springfield South (OH)
St. Paris Graham (OH),195,St. Paris Graham (OH)
St. Paris Graham Local (OH),285,St. Paris Graham Local (OH)
Steubenville (OH),1340,Steubenville (OH)
Stuebenville (OH),1,Steubenville (OH)
Stubenville Alumni (OH),2,Steubenville Alumni (OH)
Steubenville Catholic (OH),1,Steubenville Catholic Central (OH)
Steubenville Catholic Central (OH),549,Steubenville Catholic Central (OH)
Steubenville Central Catholic (OH),27,Steubenville Catholic Central (OH)
Stewart Federal Hocking (OH),427,Stewart Federal Hocking (OH)
Stow-Munroe Falls (OH),472,Stow-Munroe Falls (OH)
Strasburg-Franklin (OH),361,Strasburg-Franklin (OH)
Streetsboro (OH),473,Streetsboro (OH)
Strongsville (OH),630,Strongsville (OH)
Struthers (OH),607,Struthers (OH)
Sugar Grove Berne Union (OH),423,Sugar Grove Berne Union (OH)
Sugarcreek Garaway (OH),409,Sugarcreek Garaway (OH)
Sugarcreek Garraway Local (OH),1,Sugarcreek Garaway (OH)
Sullivan Black River (OH),457,Sullivan Black River (OH)
Summit Station Licking Heights (OH),351,Summit Station Licking Heights (OH)
Sunbury Big Walnut (OH),613,Sunbury Big Walnut (OH)
Swanton (OH),495,Swanton (OH)
Sycamore Mohawk (OH),319,Sycamore Mohawk (OH)
Sylvania Northview (OH),438,Sylvania Northview (OH)
Sylvania Southview (OH),420,Sylvania Southview (OH)
Tallmadge (OH),598,Tallmadge (OH)
The Plains (OH),9,The Plains Athens (OH)
The Plains Athens (OH),545,The Plains Athens (OH)
Thomas Worthington (OH),337,Thomas Worthington (OH)
Thompson Ledgemont (OH),195,Thompson Ledgemont (OH)
Thornville Sheridan (OH),664,Thornville Sheridan (OH)
Tiffin Calvert (OH),1012,Tiffin Calvert (OH)
Tiffin Calvert Catholic (OH),1,Tiffin Calvert (OH)
Tiffin Columbia (OH),2,Tiffin Columbian (OH)
Tiffin Columbian (OH),618,Tiffin Columbian (OH)
Tiffin Jr. Home (OH),3,Tiffin Junior Order Orphans (OH)
Tiffin Junior Home (OH),22,Tiffin Junior Order Orphans (OH)
Tiffin Junior Order (OH),7,Tiffin Junior Order Orphans (OH)
Tiffin Junior Order Home (OH),8,Tiffin Junior Order Orphans (OH)
Tiffin Junior Order Orphans (OH),1,Tiffin Junior Order Orphans (OH)
Tiffin O.U.A.M. Jr. Home (OH),6,Tiffin Junior Order Orphans (OH)
Tiffon Calvert (OH),1,Tiffin Junior Order Orphans (OH)
Tipp City Bethel (OH),276,Tipp City Bethel (OH)
Tino City (OH),1,Tipp City Tippecanoe (OH)
Tipp City (OH),2,Tipp City Tippecanoe (OH)
Tipp City Tippecanoe (OH),575,Tipp City Tippecanoe (OH)
Toledo Catholic Central (OH),9,Tipp City Tippecanoe (OH)
Toledo Bowsher (OH),448,Toledo Bowsher (OH)
Toledo Central Catholic (OH),1037,Toledo Central Catholic (OH)
Toledo Christian (OH),246,Toledo Christian (OH)
Toledo DeVibiss (OH),2,Toledo DeVilbiss (OH)
Toledo DeVilbiss (OH),288,Toledo DeVilbiss (OH)
Toledo Libbey (OH),404,Toledo Libbey (OH)
Toledo Libby (OH),8,Toledo Libbey (OH)
Toledo Macomber (OH),8,Toledo Macomber Voc (OH)
Toledo Macomber Vocational (OH),182,Toledo Macomber Voc (OH)
Toledo Maumee Valley (OH),63,Toledo Maumee Valley (OH)
Toledo Maumee Valley Country Day (OH),3,Toledo Maumee Valley (OH)
Toledo MR Waite (OH),683,Toledo MR Waite (OH)
Toledo Waite (OH),20,Toledo MR Waite (OH)
Toledo Ottawa Hills (OH),479,Toledo Ottawa Hills (OH)
Toledo Rogers (OH),492,Toledo Rogers (OH)
Toledo Scott (OH),630,Toledo Scott (OH)
Toledo Saint Francis de Sales (OH),680,Toledo St. Francis de Sales (OH)
Toledo St. John Jesuit (OH),120,Toledo St. John Jesuit (OH)
Toledo Saint John Jesuit (OH),1,Toledo St. John's Jesuit (OH)
Toledo Saint Johns Jesuit (OH),6,Toledo St. John's Jesuit (OH)
Toledo Saint John's Jesuit (OH),425,Toledo St. John's Jesuit (OH)
Toledo St. Johns (OH),20,Toledo St. John's Jesuit (OH)
Toledo St. John's (OH),2,Toledo St. John's Jesuit (OH)
Toledo St. John's Jesuit (OH),9,Toledo St. John's Jesuit (OH)
Toledo Start (OH),448,Toledo Start (OH)
Toledo Whitemer (OH),1,Toledo Whitmer (OH)
Toledo Whitmer (OH),1007,Toledo Whitmer (OH)
Toledo Wood (OH),1,Toledo Woodward (OH)
Toledo Woodward (OH),621,Toledo Woodward (OH)
Toledo Woodward Tech (OH),4,Toledo Woodward (OH)
Tontogany Otsego (OH),432,Tontogany Otsego (OH)
Toronto (OH),644,Toronto (OH)
Trenton Edgewood (OH),511,Trenton Edgewood (OH)
Trotwood Madison (OH),22,Trotwood-Madison (OH)
Trotwood-Madison (OH),676,Trotwood-Madison (OH)
Troy (OH),1001,Troy (OH)
Troy Christian (OH),250,Troy Christian (OH)
Twinsburg (OH),501,Twinsburg (OH)
Twinsburg Chamberlin (OH),127,Twinsburg Chamberlin (OH)
Twinsburg Chamberline (OH),2,Twinsburg Chamberlin (OH)
Uhrichsville (OH),128,Uhrichsville (OH)
Uhrichsville Claymont (OH),507,Uhrichsville Claymont (OH)
Union City Mississinawa Valley (OH),398,Union City Mississinawa Valley (OH)
Uniontown (OH),2,Uniontown Green (OH)
Uniontown Green (OH),802,Uniontown Green (OH)
Uniontown Lake (OH),752,Uniontown Lake (OH)
Upper Sandusky (OH),556,Upper Sandusky (OH)
Urbana (OH),602,Urbana (OH)
Utica (OH),479,Utica (OH)
Van Buren (OH),653,Van Buren (OH)
Van Wert (OH),637,Van Wert (OH)
Vandalia (OH),2,Vandalia Butler (OH)
Vandalia Butler (OH),578,Vandalia Butler (OH)
Vanlue (OH),657,Vanlue (OH)
Vermilion (OH),510,Vermilion (OH)
Versailles (OH),575,Versailles (OH)
Vienna Mathews (OH),456,Vienna Mathews (OH)
Vincent Warren (OH),462,Vincent Warren (OH)
Vinton North Gallia (OH),124,Vinton North Gallia (OH)
Wadsworth (OH),710,Wadsworth (OH)
Wapakoneta (OH),641,Wapakoneta (OH)
Warren Champion (OH),482,Warren Champion (OH)
Warren G. Harding (OH),1062,Warren G. Harding (OH)
Warren Harding (OH),20,Warren G. Harding (OH)
Warren Howland (OH),610,Warren Howland (OH)
Warren John F (OH),23,Warren John F. Kennedy Catholic (OH)
Warren John F. Kennedy Catholic (OH),527,Warren John F. Kennedy Catholic (OH)
Warren Kennedy (OH),6,Warren John F. Kennedy Catholic (OH)
Warren St. Mary (OH),3,Warren St. Mary's (OH)
Warren St. Mary's (OH),12,Warren St. Mary's (OH)
Warren Western Reserve (OH),262,Warren Western Reserve (OH)
Warren Western Reserve Academy (OH),8,Warren Western Reserve (OH)
Warrensville Heights (OH),368,Warrensville Heights (OH)
Warsaw River View (OH),466,Warsaw River View (OH)
Washington (OH),132,Washington (OH)
Washington Court House Miami Trace (OH),465,Washington Court House Miami Trace (OH)
Washington Courthouse Miami Trace (OH),10,Washington Court House Miami Trace (OH)
Washington Court (OH),1,Washington Court House Washington (OH)
Washington Court House (OH),1,Washington Court House Washington (OH)
Washington Court House Washington (OH),283,Washington Court House Washington (OH)
Washington Courthouse Washington (OH),41,Washington Court House Washington (OH)
WashingtonCourt House (OH),50,Washington Court House Washington (OH)
Waterford (OH),365,Waterford (OH)
Wauseon (OH),462,Wauseon (OH)
Waverly (OH),488,Waverly (OH)
Wayne Montgomery Local (OH),1,Wayne Montgomery Local (OH)
Wayne Montgomery Local (OH) (OH),1,Wayne Montgomery Local (OH)
Waynesfield Goshen (OH),20,Waynesfield-Goshen (OH)
Waynesfield-Goshen (OH),337,Waynesfield-Goshen (OH)
Waynesville (OH),488,Waynesville (OH)
Wellington (OH),478,Wellington (OH)
Wellston (OH),494,Wellston (OH)
Wellsville (OH),570,Wellsville (OH)
West Alexandria Twin Valley South (OH),431,West Alexandria Twin Valley South (OH)
West Carrollton (OH),530,West Carrollton (OH)
West Chester Lakota (OH),202,West Chester Lakota (OH)
West Chester Lakota West (OH),394,West Chester Lakota West (OH)
West Jefferson (OH),530,West Jefferson (OH)
West Lafayette Ridgewood (OH),440,West Lafayette Ridgewood (OH)
West Liberty-Salem (OH),400,West Liberty-Salem (OH)
West Milton (OH),2,West Milton-Union (OH)
West Milton Milton Union (OH),21,West Milton-Union (OH)
West Milton Milton-Union (OH),2,West Milton-Union (OH)
West Milton-Union (OH),537,West Milton-Union (OH)
West Salem Northwestern (OH),380,West Salem Northwestern (OH)
West Unity (OH),1,West Unity Hilltop (OH)
West Unity Hilltop (OH),355,West Unity Hilltop (OH)
Westerville Central (OH),233,Westerville Central (OH)
Westerville North (OH),461,Westerville North (OH)
Westerville South (OH),509,Westerville South (OH)
Westlake (OH),489,Westlake (OH)
Wheelersburg (OH),589,Wheelersburg (OH)
Whitehall (OH),256,Whitehall (OH)
Whitehall-Yearling (OH),281,Whitehall-Yearling (OH)
Whitehouse Anthony Wayne (OH),479,Whitehouse Anthony Wayne (OH)
Wickliffe (OH),523,Wickliffe (OH)
Willard (OH),513,Willard (OH)
Williamsburg (OH),406,Williamsburg (OH)
Williamsport Westfall (OH),426,Williamsport Westfall (OH)
Willoughby South (OH),528,Willoughby South (OH)
Willow Wood Symmes Valley (OH),379,Willow Wood Symmes Valley (OH)
Wilmington (OH),488,Wilmington (OH)
Windham (OH),487,Windham (OH)
Wintersville (OH),232,Wintersville (OH)
Wintersville Indian Creek (OH),314,Wintersville Indian Creek (OH)
Woodsfield (OH),170,Woodsfield (OH)
Wood. Monroe Central (OH),1,Woodsfield Monroe Central (OH)
Woodsfield Monroe Central (OH),327,Woodsfield Monroe Central (OH)
Wooster (OH),813,Wooster (OH)
Wooster Triway (OH),492,Wooster Triway (OH)
Worthington (OH),205,Worthington (OH)
Worthington Christian (OH),125,Worthington Christian (OH)
Xenia (OH),661,Xenia (OH)
Xenia Wilson (OH),1,Xenia Woodrow Wilson (OH)
Xenia Woodrow Wilson (OH),39,Xenia Woodrow Wilson (OH)
Yellow Springs (OH),234,Yellow Springs (OH)
Youngstown Austintown-Fitch (OH),770,Youngstown Austintown-Fitch (OH)
Youngstown Boardman (OH),859,Youngstown Boardman (OH)
Youngstown Cardinal Mooney (OH),789,Youngstown Cardinal Mooney (OH)
Youngstown Chaney (OH),665,Youngstown Chaney (OH)
Youngstown Christian (OH),107,Youngstown Christian (OH)
Youngstown East (OH),495,Youngstown East (OH)
Youngstown Liberty (OH),510,Youngstown Liberty (OH)
Youngstown Rayen (OH),447,Youngstown Rayen (OH)
Youngstown Rayon (OH),1,Youngstown Rayen (OH)
Youngstown South (OH),467,Youngstown South (OH)
Youngstown Ursiline (OH),5,Youngstown Ursuline (OH)
Youngstown Ursuline (OH),762,Youngstown Ursuline (OH)
Youngstown Valley Christian (OH),108,Youngstown Valley Christian (OH)
Youngstown Wilson (OH),322,Youngstown Wilson (OH)
Youngstown Woodrow Wilson (OH),13,Youngstown Wilson (OH)
Zanesville (OH),792,Zanesville (OH)
Zanesville Bishop Rosecrans (OH),323,Zanesville Bishop Rosecrans (OH)
Zanesville Maysville (OH),479,Zanesville Maysville (OH)
Zanesville West Muskingum (OH),489,Zanesville West Muskingum (OH)
Zoarville Tuscarawas Valley (OH),351,Zoarville Tuscarawas Valley (OH)
