Alias_Name,GameCount,Standardized_Name
Ajax Pickering (ON),50,Ajax Pickering (ON)
Almonte (ON),59,Almonte (ON)
Amherstburg General Amherst (ON),71,Amherstburg General Amherst (ON)
Ancaster Bishop Tonnos (ON),55,Ancaster Bishop Tonnos (ON)
Arnprior (ON),64,Arnprior (ON)
Arva Medway (ON),54,Arva Medway (ON)
Aurora Cardinal Carter Catholic (ON),65,Aurora Cardinal Carter Catholic (ON)
Aurora Saint Andrew's (ON),56,Aurora St. Andrew's (ON)
Aurora Saint Andrew's College (ON),3,Aurora St. Andrew's (ON)
Aurora Saint Maximillian Kolbe (ON),30,Aurora St. Maximillian Kolbe (ON)
Aylmer East Elgin (ON),55,Aylmer East Elgin (ON)
Barrie Bear Creek (ON),66,Barrie Bear Creek (ON)
Barrie Eastview (ON),54,Barrie Eastview (ON)
Barrie Innisdale (ON),55,Barrie Innisdale (ON)
Barrie North Collegiate (ON),57,Barrie North Collegiate (ON)
Barrie Saint Joan of Arc Catholic (ON),103,Barrie St. Joan of Arc Catholic (ON)
Barrie Saint Joseph's Catholic (ON),13,Barrie St. Joan of Arc Catholic (ON)
Bay-Of-Quinte St Theresa (ON),6,Bay-Of-Quinte St. Theresa (ON)
Bay-Of-Quinte St. Theresa (ON),6,Bay-Of-Quinte St. Theresa (ON)
Belleville Centennial (ON),62,Belleville Centennial (ON)
Belleville Moira (ON),62,Belleville Moira (ON)
Bolton Saint Michael Catholic (ON),28,Bolton St. Michael Catholic (ON)
Bowmanville Saint Stephen's (ON),47,Bowmanville St. Stephen (ON)
Bowmanville St. Stephen (ON),1,Bowmanville St. Stephen (ON)
Brampton Saint Augustine Catholic (ON),37,Brampton St. Augustine Catholic (ON)
Brampton Saint Edmund Campion (ON),41,Brampton St. Edmund Campion (ON)
Brampton Saint Marguerite D'Youville (ON),56,Brampton St. Marguerite D'Youville (ON)
Brampton Saint Roch (ON),44,Brampton St. Roch (ON)
Brampton Saint Thomas Aquinas (ON),44,Brampton St. Thomas Aquinas (ON)
Brampton Turner (ON),1,Brampton Turner Fenton (ON)
Brampton Turner Fenton (ON),34,Brampton Turner Fenton (ON)
Brantford Assumption (ON),1,Brantford Assumption College (ON)
Brantford Assumption College (ON),73,Brantford Assumption College (ON)
Brantford Collegiate Institute (ON),65,Brantford Collegiate Institute (ON)
Brantford North Park Collegiate (ON),60,Brantford North Park Collegiate (ON)
Brantford Saint John's College (ON),63,Brantford St. John's College (ON)
Brockville St Mary's (ON),11,Brockville St. Mary's (ON)
Brockville St. Mary's (ON),11,Brockville St. Mary's (ON)
Brockville Thousand Islands (ON),52,Brockville Thousand Islands (ON)
Burlington Assumption Catholic (ON),67,Burlington Assumption Catholic (ON)
Burlington Corpus Christi (ON),51,Burlington Corpus Christi (ON)
Burlington M. M. Robinson (ON),59,Burlington M. M. Robinson (ON)
Burlington Nelson (ON),56,Burlington Nelson (ON)
Burlington Notre Dame Catholic (ON),51,Burlington Notre Dame Catholic (ON)
Caledon East Robert F. Hall (ON),52,Caledon East Robert F. Hall (ON)
Caledonia McKinnon Park (ON),57,Caledonia McKinnon Park (ON)
Cambridge Jacob Hespeler (ON),71,Cambridge Jacob Hespeler (ON)
Cambridge Preston (ON),51,Cambridge Preston (ON)
Cambridge Saint Benedict (ON),1,Cambridge St. Benedict Catholic (ON)
Cambridge Saint Benedict Catholic (ON),53,Cambridge St. Benedict Catholic (ON)
Chatham Ursuline College The Pines (ON),71,Chatham Ursuline College The Pines (ON)
Chatham-Kent (ON),57,Chatham-Kent (ON)
Collingwood Collegiate (ON),52,Collingwood Collegiate (ON)
Cornwall Saint Joseph's Catholic (ON),32,Cornwall St. Joseph's Catholic (ON)
Cornwall Saint Lawrence (ON),13,Cornwall St. Lawrence (ON)
Courtice Holy Trinity Catholic (ON),112,Courtice Holy Trinity Catholic (ON)
Delhi (ON),57,Delhi (ON)
Essex (ON),79,Essex (ON)
Fort Frances (ON),83,Fort Frances (ON)
Gloucester Colonel By (ON),66,Gloucester Colonel By (ON)
Gloucester Saint Francis Xavier Catholic (ON),49,Gloucester St. Francis Xavier Catholic (ON)
Guelph (ON),50,Guelph (ON)
Guelph John F. Ross (ON),55,Guelph John F. Ross (ON)
Guelph Our Lady Of Lourdes (ON),56,Guelph Our Lady Of Lourdes (ON)
Guelph Saint James (ON),48,Guelph St. James (ON)
Golden-Horseshoe St. Roch (ON),3,Halton St. Roch Ravens (ON)
Hamilton Cathedral (ON),57,Hamilton Cathedral (ON)
Hamilton Catholic (ON),54,Hamilton Catholic (ON)
Hamilton Saint Jean de Brebeuf (ON),57,Hamilton St. Jean de Brebeuf (ON)
Hamilton Saint Mary Catholic (ON),77,Hamilton St. Mary Catholic (ON)
Hamilton Saint Thomas More Catholic (ON),105,Hamilton St. Thomas More Catholic (ON)
Hamilton Westdale (ON),57,Hamilton Westdale (ON)
Hannon Bishop Ryan (ON),60,Hannon Bishop Ryan (ON)
Kanata Holy Trinity (ON),52,Kanata Holy Trinity (ON)
Kawartha Lakes Fenelon Falls (ON),52,Kawartha Lakes Fenelon Falls (ON)
Kawartha Saint Francis Xavier (ON),13,Kawartha St. Francis Xavier (ON)
Kawartha Saint Mary'S (ON),1,Kawartha St. Mary'S (ON)
Kawartha Saint Thomas Aquinas (ON),14,Kawartha St. Thomas Aquinas (ON)
Kemptville Saint Michael (ON),1,Kemptville St. Michael (ON)
Kenora Beaver Brae (ON),74,Kenora Beaver Brae (ON)
King City (ON),69,King City (ON)
King City Villanova College (ON),82,King City Villanova College (ON)
Kingston Frontenac (ON),75,Kingston Frontenac (ON)
Kingston Holy Cross (ON),54,Kingston Holy Cross (ON)
Kingston La Salle (ON),67,Kingston La Salle (ON)
Kingston Regiopolis-Notre Dame Catholic (ON),60,Kingston Regiopolis-Notre Dame Catholic (ON)
Kitchener Grand River (ON),51,Kitchener Grand River (ON)
Kitchener Huron Heights (ON),56,Kitchener Huron Heights (ON)
Kitchener Resurrection (ON),60,Kitchener Resurrection (ON)
Kitchener Saint Mary's (ON),49,Kitchener St. Mary's (ON)
Lakeshore Belle River (ON),77,Lakeshore Belle River (ON)
Lakeshore St. Anne Catholic (ON),64,Lakeshore St. Anne Catholic (ON)
LaSalle Sandwich (ON),85,LaSalle Sandwich (ON)
LaSalle Saint Thomas of Villanova (ON),32,LaSalle St. Thomas of Villanova (ON)
Leamington (ON),58,Leamington (ON)
Lively Walden (ON),58,Lively Walden (ON)
London A. B. Lucas (ON),65,London A. B. Lucas (ON)
Golden-Horseshoe London Cc Crusaders (ON),1,London Catholic Central (ON)
London Catholic Central (ON),72,London Catholic Central (ON)
London Central Collegiate (ON),51,London Central Collegiate (ON)
London Clarke Road (ON),58,London Clarke Road (ON)
London Clarke Road S.S. (ON),1,London Clarke Road (ON)
London John Paul II (ON),55,London John Paul II (ON)
London Mother Teresa Catholic (ON),53,London Mother Teresa Catholic (ON)
London Mother Teresa Seton (ON),1,London Mother Teresa Catholic (ON)
London Oakridge (ON),57,London Oakridge (ON)
London Regina Mundi (ON),52,London Regina Mundi (ON)
London Richview (ON),64,London Richview (ON)
London Saunders (ON),53,London Saunders (ON)
London Sir Frederick Banting (ON),55,London Sir Frederick Banting (ON)
London South (ON),55,London South (ON)
London Saint Andr Bessette Catholic (ON),21,London St. Andre Bessette Catholic (ON)
London Saint Andre Bessette Catholic (ON),21,London St. Andre Bessette Catholic (ON)
London Saint Thomas Aquinas Catholic (ON),70,London St. Thomas Aquinas Catholic (ON)
London Westminster (ON),28,London Westminster (ON)
London Westminster S.S. (ON),6,London Westminster (ON)
Manotick Saint Mark (ON),79,Manotick St. Mark (ON)
Maple Saint Joan Of Arc (ON),36,Maple St. Joan Of Arc (ON)
Markham Bill Crothers (ON),64,Markham Bill Crothers (ON)
Markham District (ON),52,Markham District (ON)
Markham Saint Brother Andr Catholic (ON),48,Markham St. Brother Andre Catholic (ON)
Markham Saint Brother Andre Catholic (ON),48,Markham St. Brother Andre Catholic (ON)
Markham St. Brother Andr Catholic (ON),5,Markham St. Brother Andre Catholic (ON)
Markham St. Brother Andre Catholic (ON),5,Markham St. Brother Andre Catholic (ON)
Midland Saint Theresa (ON),6,Midland St. Theresa (ON)
Clarkson Football North (ON),1,Mississauga Clarkson Canada Football North (ON)
Mississauga Clarkson (ON),48,Mississauga Clarkson Canada Football North (ON)
Mississauga Clarkson Canada Football North (ON),3,Mississauga Clarkson Canada Football North (ON)
Mississauga Clarkson Football North (ON),17,Mississauga Clarkson Canada Football North (ON)
Mississauga Clarkson North (ON),33,Mississauga Clarkson Canada Football North (ON)
Mississauga Father Goetz (ON),30,Mississauga Father Michael Goetz (ON)
Mississauga Father Michael Goetz (ON),2,Mississauga Father Michael Goetz (ON)
Mississauga Lorne Park (ON),65,Mississauga Lorne Park (ON)
Mississauga Our Lady of Mount Carmel (ON),59,Mississauga Our Lady of Mount Carmel (ON)
Mississauga Saint Francis Xavier (ON),39,Mississauga St. Francis Xavier (ON)
Mississauga Saint Joan of Arc Catholic (ON),44,Mississauga St. Joan of Arc Catholic (ON)
Mississauga Saint Joseph (ON),29,Mississauga St. Joseph (ON)
Mississauga Saint Marcellinus (ON),56,Mississauga St. Marcellinus (ON)
Mississauga Saint Martin (ON),6,Mississauga St. Martin (ON)
Newmarket Huron Heights (ON),95,Newmarket Huron Heights (ON)
Golden-Horseshoe A.N. Myer (ON),2,Niagara Falls A. N. Myer (ON)
Niagara Falls Saint Michael Catholic (ON),45,Niagara Falls St. Michael Catholic (ON)
Niagara Falls Saint Paul (ON),49,Niagara Falls St. Paul (ON)
Niagara Falls St. Paul (ON),2,Niagara Falls St. Paul (ON)
North Bay St. Joseph-Scollard Hall Catholic (ON),77,North Bay St. Joseph-Scollard Hall Catholic (ON)
North Bay West Ferris (ON),80,North Bay West Ferris (ON)
North Bay Widdifield (ON),70,North Bay Widdifield (ON)
Oakville Saint Ignatius of Loyola Catholic (ON),39,Oakville St. Ignatius of Loyola Catholic (ON)
Oakville Saint Thomas Aquinas (ON),40,Oakville St. Thomas Aquinas (ON)
Oakville St. Thomas Aquinas (ON),7,Oakville St. Thomas Aquinas (ON)
Odessa Ernestown (ON),57,Odessa Ernestown (ON)
Orillia Park St Collegiate (ON),1,Orillia Park St. Collegiate (ON)
Orillia Park St. Collegiate (ON),1,Orillia Park St. Collegiate (ON)
Orlans Sir Wilfrid Laurier (ON),52,Orleans Sir Wilfrid Laurier (ON)
Orleans Sir Wilfrid Laurier (ON),52,Orleans Sir Wilfrid Laurier (ON)
Orlans Saint Matthew (ON),50,Orleans St. Matthew (ON)
Orleans Saint Matthew (ON),50,Orleans St. Matthew (ON)
Orlans Saint Peter (ON),53,Orleans St. Peter (ON)
Orleans Saint Peter (ON),53,Orleans St. Peter (ON)
Orleans St. Peter (ON),1,Orleans St. Peter (ON)
Oshawa Monsignor Paul Dwyer (ON),59,Oshawa Monsignor Paul Dwyer (ON)
Oshawa O'Neill (ON),50,Oshawa O'Neill (ON)
Ottawa Glebe (ON),64,Ottawa Glebe (ON)
Ottawa Immaculata (ON),50,Ottawa Immaculata (ON)
Ottawa Nepean Mother Teresa (ON),55,Ottawa Nepean Mother Teresa (ON)
Ottawa Saint Joseph (ON),65,Ottawa St. Joseph (ON)
Ottawa Saint Patrick'S (ON),57,Ottawa St. Patrick'S (ON)
Ottawa Saint Pius X (ON),33,Ottawa St. Pius X (ON)
Owen Sound Saint Mary's (ON),41,Owen Sound St. Mary's (ON)
Perth Saint Johns (ON),56,Perth St. Johns (ON)
Peterborough Adam Scott (ON),72,Peterborough Adam Scott (ON)
Peterborough Crestwood (ON),82,Peterborough Crestwood (ON)
Peterborough Saint Peter's (ON),46,Peterborough St. Peter's (ON)
Pickering Saint Mary (ON),34,Pickering St. Mary (ON)
Port Colborne Lakeshore Catholic (ON),51,Port Colborne Lakeshore Catholic (ON)
Port Hope Trinity Collegiate (ON),52,Port Hope Trinity Collegiate (ON)
Prescott Saint Mark's (ON),1,Prescott St. Mark's (ON)
Rockcliffe Park Ashbury (ON),59,Rockcliffe Park Ashbury (ON)
Russell Saint Thomas Aquinas Catholic (ON),15,Russell St. Thomas Aquinas Catholic (ON)
Saint Catharines Saint Francis Catholic (ON),43,Saint Catharines St. Francis Catholic (ON)
Saint Thomas Saint Joseph's (ON),34,Saint Thomas St. Joseph's (ON)
Sarnia Northern (ON),59,Sarnia Northern (ON)
Sarnia Saint Christopher (ON),3,Sarnia St. Christopher's (ON)
Sarnia Saint Christopher's (ON),22,Sarnia St. Christopher's (ON)
Sarnia Saint Clair (ON),15,Sarnia St. Clair (ON)
Sarnia Saint Patrcks (ON),2,Sarnia St. Patrick's (ON)
Sarnia Saint Patrick's (ON),21,Sarnia St. Patrick's (ON)
Sault St. Marie Bawating Collegiate Vo-Tech (ON),6,Sault Ste. Marie Bewating (ON)
Sault Sainte Marie Bewating (ON),10,Sault Ste. Marie Bewating (ON)
Sault Ste Marie Bawating Collegiate (ON),4,Sault Ste. Marie Bewating (ON)
Sault Saint Marie Collegiate (ON),2,Sault Ste. Marie Collegiate (ON)
Sault Sainte Marie Collegiate (ON),40,Sault Ste. Marie Collegiate (ON)
Sault Ste Marie Collegiate (ON),3,Sault Ste. Marie Collegiate (ON)
Sault Ste Marie Korah Collegiate (ON),71,Sault Ste. Marie Korah Collegiate (ON)
Sault Sainte Marie Loretto (ON),60,Sault Ste. Marie Loretto (ON)
Sault St. Marie Sir Dunn (ON),1,Sault Ste. Marie Sir James Dunn (ON)
Sault Ste Marie Sir James Dunn (ON),2,Sault Ste. Marie Sir James Dunn (ON)
Sault Ste Marie Saint Basil (ON),53,Sault Ste. Marie St. Basil (ON)
Sault Ste Marie Saint Mary's College (ON),69,Sault Ste. Marie St. Mary's College (ON)
Sault Ste. Marie St. Mary's College (ON),1,Sault Ste. Marie St. Mary's College (ON)
Sault St. Marie Superior Heights (ON),2,Sault Ste. Marie Superior Heights (ON)
Sault Ste Marie Superior Heights (ON),71,Sault Ste. Marie Superior Heights (ON)
Sault Ste. Marie Superior Heights (ON),1,Sault Ste. Marie Superior Heights (ON)
Sault Ste Marie White Pines (ON),67,Sault Ste. Marie White Pines (ON)
Scarborough Sir Wilfrid Laurier (ON),77,Scarborough Sir Wilfrid Laurier (ON)
Stoney Creek Cardinal Newman (ON),63,Stoney Creek Cardinal Newman (ON)
Sudbury College Notre-Dame (ON),47,Sudbury College Notre-Dame (ON)
Sudbury Collge Notre-Dame (ON),47,Sudbury College Notre-Dame (ON)
Sudbury Lasalle (ON),52,Sudbury Lasalle (ON)
Sudbury Lockerby (ON),53,Sudbury Lockerby (ON)
Sudbury Lo-Ellen Park (ON),64,Sudbury Lo-Ellen Park (ON)
Sudbury Saint Benedict Catholic (ON),58,Sudbury St. Benedict Catholic (ON)
Sudbury Saint Charles (ON),62,Sudbury St. Charles (ON)
Sydenham (ON),62,Sydenham (ON)
Tecumseh cole secondaire catholique l'Essor (ON),67,Tecumseh cole secondaire catholique l'Essor (ON)
Tecumseh ecole secondaire catholique l'Essor (ON),67,Tecumseh ecole secondaire catholique l'Essor (ON)
Thames Saint Mary'S (ON),12,Thames St. Mary'S (ON)
Thamesford Saint Joseph's (ON),22,Thamesford St. Joseph's (ON)
Thunder Bay Hammarskjold (ON),64,Thunder Bay Hammarskjold (ON)
Thunder Bay Sir Winston Churchill (ON),70,Thunder Bay Sir Winston Churchill (ON)
Thunder Bay Saint Ignatius (ON),67,Thunder Bay St. Ignatius (ON)
Thunder Bay Saint Patrick (ON),65,Thunder Bay St. Patrick (ON)
Thunder Bay Westgate (ON),67,Thunder Bay Westgate (ON)
Toronto Blessed Mother Teresa (ON),36,Toronto Blessed Mother Teresa (ON)
Toronto Blessed Mother Teresa Catholic (ON),5,Toronto Blessed Mother Teresa (ON)
Toronto Blessed Mother Theresa (ON),7,Toronto Blessed Mother Teresa (ON)
Toronto Central Technical (ON),69,Toronto Central Technical (ON)
Toronto Chaminade (ON),65,Toronto Chaminade (ON)
Toronto De La Salle (ON),1,Toronto Deer Park De La Salle College (ON)
Toronto Deer Park De La Salle College (ON),6,Toronto Deer Park De La Salle College (ON)
Toronto Downsview (ON),57,Toronto Downsview (ON)
Toronto Etobicoke (ON),51,Toronto Etobicoke (ON)
Toronto Etobicoke Father Henry Carr (ON),20,Toronto Father Henry Carr (ON)
Toronto Leaside (ON),50,Toronto Leaside (ON)
Toronto Malvern (ON),41,Toronto Marc Garneau (ON)
Toronto Marc Garneau (ON),49,Toronto Marc Garneau (ON)
Toronto Etobicoke Michael Power - Saint Joseph (ON),28,Toronto Michael Powers St. Joseph (ON)
Toronto Northern (ON),67,Toronto Northern (ON)
Toronto St. Michaels College (ON),5,Toronto St. Michaels (ON)
Toronto St. Michaels College School (ON),2,Toronto St. Michaels (ON)
Toronto Saint Michael's College (ON),66,Toronto St. Michael's College (ON)
Toronto Thistletown (ON),32,Toronto Thistletown (ON)
Toronto Thistletown College Institute (ON),6,Toronto Thistletown (ON)
Toronto Upper Canada College (ON),57,Toronto Upper Canada College (ON)
Toronto Western Technical (ON),1,Toronto Western Technical-Commercial (ON)
Toronto Western Technical-Commercial (ON),17,Toronto Western Technical-Commercial (ON)
Tottenham Saint Thomas Aquinas (ON),21,Tottenham St. Thomas Aquinas (ON)
Trenton Saint Paul Catholic (ON),11,Trenton St. Paul Catholic (ON)
Valley East Confederation (ON),52,Valley East Confederation (ON)
Wallaceburg (ON),62,Wallaceburg (ON)
Waterdown (ON),58,Waterdown (ON)
Waterford (ON),57,Waterford (ON)
Waterloo (ON),104,Waterloo (ON)
Waterloo Sir John A. MacDonald (ON),64,Waterloo Sir John A. MacDonald (ON)
Waterloo Saint David (ON),51,Waterloo St. David (ON)
Whitby Donald A. Wilson (ON),59,Whitby Donald A. Wilson (ON)
Windsor Assumption College Catholic (ON),70,Windsor Assumption College Catholic (ON)
Windsor Catholic Central (ON),65,Windsor Catholic Central (ON)
Windsor F. J. Brennan Catholic (ON),74,Windsor F. J. Brennan Catholic (ON)
Windsor Holy Names (ON),111,Windsor Holy Names (ON)
Windsor Riverside (ON),60,Windsor Riverside (ON)
Windsor Saint Christopher'S (ON),1,Windsor St. Christopher'S (ON)
Windsor Saint Joseph Catholic (ON),60,Windsor St. Joseph Catholic (ON)
Windsor Vincent Massey (ON),71,Windsor Vincent Massey (ON)
Windsor W. C. Kennedy (ON),74,Windsor W. C. Kennedy (ON)
Windsor W. F. Herman (ON),87,Windsor W. F. Herman (ON)
Clarkson Football North (CN),1,Mississauga Clarkson Canada Football North (ON)
