Alias_Name,GameCount,Standardized_Name
Adrian (OR),220,Adrian (OR)
Albany (OR),439,Albany (OR)
Alsea (OR),174,Alsea (OR)
Amity (OR),340,Amity (OR)
Amity Perrydale (OR),217,Amity Perrydale (OR)
Arlington (OR),140,Arlington (OR)
Ashland (OR),1227,Ashland (OR)
Astoria (OR),1076,Astoria (OR)
Astoria Knappa (OR),274,Astoria Knappa (OR)
Athena Weston-McEwen-Griswold (OR),209,Athena Weston-McEwen-Griswold (OR)
Aurora North Marion (OR),541,Aurora North Marion (OR)
Baker (OR),1076,Baker (OR)
Baker City (OR),1,Baker City Baker (OR)
Baker City Baker (OR),16,Baker City Baker (OR)
Bandon-Pacific (OR),918,Bandon-Pacific (OR)
Banks (OR),847,Banks (OR)
Beaverton (OR),1064,Beaverton (OR)
Beaverton Aloha (OR),560,Beaverton Aloha (OR)
Beaverton Southridge (OR),274,Beaverton Southridge (OR)
Beaverton Valley Catholic (OR),153,Beaverton Valley Catholic (OR)
Bend (OR),1128,Bend (OR)
Bend Mountain View (OR),499,Bend Mountain View (OR)
Bend Summit (OR),241,Bend Summit (OR)
Blachly Triangle Lake (OR),202,Blachly Triangle Lake (OR)
Boardman Riverside (OR),301,Boardman Riverside (OR)
Bonanza (OR),266,Bonanza (OR)
Brookings Harbor (OR),17,Brookings-Harbor (OR)
Brookings-Harbor (OR),623,Brookings-Harbor (OR)
Burns (OR),627,Burns (OR)
Butte Falls (OR),136,Butte Falls (OR)
Camas Valley (OR),229,Camas Valley (OR)
Canby (OR),919,Canby (OR)
Cave Junction Illinois Valley (OR),593,Cave Junction Illinois Valley (OR)
Central Point Crater (OR),760,Central Point Crater (OR)
Chiloquin (OR),216,Chiloquin (OR)
Clackamas (OR),684,Clackamas (OR)
Clatskanie (OR),645,Clatskanie (OR)
Cloverdale Nestucca (OR),298,Cloverdale Nestucca (OR)
Colton (OR),264,Colton (OR)
Coos Bay Marshfield (OR),1144,Coos Bay Marshfield (OR)
Coquille (OR),943,Coquille (OR)
Coquille Pacific (OR),3,Coquille-Pacific (OR)
Coquille-Pacific (OR),42,Coquille-Pacific (OR)
Corbett (OR),148,Corbett (OR)
Corvallis (OR),1267,Corvallis (OR)
Corvallis Crescent Valley (OR),531,Corvallis Crescent Valley (OR)
Corvallis Santiam Christian (OR),266,Corvallis Santiam Christian (OR)
Cottage Grove (OR),1035,Cottage Grove (OR)
Cove (OR),234,Cove (OR)
Crane (OR),241,Crane (OR)
Creswell (OR),548,Creswell (OR)
Culver (OR),254,Culver (OR)
Dallas (OR),964,Dallas (OR)
Days Creek (OR),206,Days Creek (OR)
Dayton (OR),434,Dayton (OR)
Dayville-Monument (OR),126,Dayville-Monument (OR)
Drain North (OR),19,Drain North Douglas (OR)
Drain North Douglas (OR),198,Drain North Douglas (OR)
Dufur (OR),291,Dufur (OR)
Eagle Point (OR),668,Eagle Point (OR)
Echo (OR),211,Echo (OR)
Elgin (OR),216,Elgin (OR)
Elkton (OR),193,Elkton (OR)
Elmira (OR),569,Elmira (OR)
Enterprise (OR),328,Enterprise (OR)
Estacada (OR),908,Estacada (OR)
Eugene (OR),330,Eugene (OR)
Eugene Chruchill (OR),5,Eugene Churchill (OR)
Eugene Churchill (OR),618,Eugene Churchill (OR)
Eugene Crow (OR),173,Eugene Crow (OR)
Eugene Marist (OR),621,Eugene Marist (OR)
Eugene North Eugene (OR),622,Eugene North Eugene (OR)
Eugene Sheldon (OR),709,Eugene Sheldon (OR)
Eugene Willamette (OR),718,Eugene Willamette (OR)
Everett Mariner (OR),1,Everett Mariner (WA)
Falls City-Kings Valley (OR),15,Falls City-Kings Valley Charter (OR)
Falls City-Kings Valley Charter (OR),154,Falls City-Kings Valley Charter (OR)
Finn Rock McKenzie (OR),197,Finn Rock McKenzie (OR)
Florence Siuslaw (OR),779,Florence Siuslaw (OR)
Forest Grove (OR),1044,Forest Grove (OR)
Gaston (OR),216,Gaston (OR)
Gervais (OR),282,Gervais (OR)
Gilchrist (OR),175,Gilchrist (OR)
Gladstone (OR),588,Gladstone (OR)
Glendale (OR),256,Glendale (OR)
Glide (OR),582,Glide (OR)
Gold Beach (OR),688,Gold Beach (OR)
Grants Pass (OR),1178,Grants Pass (OR)
Grants Pass Hidden Valley (OR),480,Grants Pass Hidden Valley (OR)
Grants Pass North Valley (OR),487,Grants Pass North Valley (OR)
Gresham (OR),1047,Gresham (OR)
Gresham Barlow (OR),583,Gresham Barlow (OR)
Gresham Centennial (OR),646,Gresham Centennial (OR)
Halfway Pine Eagle (OR),208,Halfway Pine Eagle (OR)
Halsey Central Linn (OR),355,Halsey Central Linn (OR)
Harrisburg (OR),250,Harrisburg (OR)
Heppner (OR),316,Heppner (OR)
Hermiston (OR),761,Hermiston (OR)
Hillsboro (OR),1102,Hillsboro (OR)
Hillsboro Century (OR),274,Hillsboro Century (OR)
Hillsboro Glencoe (OR),495,Hillsboro Glencoe (OR)
Hillsboro Liberty (OR),228,Hillsboro Liberty (OR)
Hood River Valley (OR),1009,Hood River Valley (OR)
Hood River Wy'east (OR),179,Hood River Wy'east (OR)
Odel Wy'East (OR),35,Hood River Wy'east (OR)
Odell Wyeast (OR),2,Hood River Wy'east (OR)
Odell Wy'East (OR),2,Hood River Wy'east (OR)
Vancouver Wy' East (OR),2,Hood River Wy'east (OR)
Imbler (OR),215,Imbler (OR)
Independence Central (OR),852,Independence Central (OR)
Ione (OR),142,Ione (OR)
Ione Arlington (OR),11,Ione-Arlington (OR)
Ione-Arlington (OR),19,Ione-Arlington (OR)
Ione-ArlingtonIone (OR),12,Ione-Arlington (OR)
Irrigon (OR),163,Irrigon (OR)
Jefferson (OR),887,Jefferson (OR)
John Day Grant Union (OR),495,John Day Grant Union (OR)
Jordan Valley (OR),143,Jordan Valley (OR)
Joseph (OR),199,Joseph (OR)
Junction City (OR),855,Junction City (OR)
Keizer McNary (OR),620,Keizer McNary (OR)
Klamath Falls Henley (OR),687,Klamath Falls Henley (OR)
Klamath Falls Klamath Union (OR),1158,Klamath Falls Klamath Union (OR)
Klamath Falls Mazama (OR),457,Klamath Falls Mazama (OR)
Klamath Falls Sacred Heart (OR),5,Klamath Falls Sacred Heart Academy (OR)
Klamath Falls Sacred Heart Academy (OR),12,Klamath Falls Sacred Heart Academy (OR)
Klamath Falls Triad (OR),141,Klamath Falls Triad (OR)
La Grande (OR),994,La Grande (OR)
La Pine (OR),332,La Pine (OR)
Lake Oswego (OR),786,Lake Oswego (OR)
Lake Oswego Lakeridge (OR),581,Lake Oswego Lakeridge (OR)
Lakeview-Paisley (OR),622,Lakeview-Paisley (OR)
Lebanon (OR),1117,Lebanon (OR)
Lincoln City Taft (OR),717,Lincoln City Taft (OR)
Lowell (OR),233,Lowell (OR)
Madras (OR),605,Madras (OR)
Mapleton (OR),225,Mapleton (OR)
Marcola Mohawk (OR),215,Marcola Mohawk (OR)
Maupin South Wasco (OR),149,Maupin South Wasco (OR)
McMinnville (OR),1093,McMinnville (OR)
Mead Mount Spokane (OR),1,Mead Mount Spokane (WA)
Medford (OR),686,Medford (OR)
Medford Cascade Christian (OR),256,Medford Cascade Christian (OR)
Medford Saint Mary's (OR),25,Medford St. Mary's (OR)
Medford St. Marys (OR),82,Medford St. Mary's (OR)
Medford St. Mary's (OR),259,Medford St. Mary's (OR)
Merrill Lost River (OR),344,Merrill Lost River (OR)
Mill City Santiam (OR),230,Mill City Santiam (OR)
Milton-Freewater McLoughlin (OR),905,Milton-Freewater McLoughlin (OR)
Milwaukie (OR),862,Milwaukie (OR)
Milwaukie Academy of the Arts (OR),123,Milwaukie Academy of the Arts (OR)
Milwaukie La Salle (OR),502,Milwaukie La Salle (OR)
Milwaukie Putnam (OR),578,Milwaukie Putnam (OR)
Mitchell-Spray (OR),105,Mitchell-Spray (OR)
Molalla (OR),832,Molalla (OR)
Monroe (OR),229,Monroe (OR)
Moro Sherman (OR),199,Moro Sherman (OR)
Moro Sherman County (OR),14,Moro Sherman (OR)
Moro Sherman County Union (OR),9,Moro Sherman (OR)
Moro Sherman Condon (OR),8,Moro Sherman-Condon (OR)
Moro Sherman-Condon (OR),15,Moro Sherman-Condon (OR)
Mt. Angel Kennedy (OR),253,Mount Angel Kennedy (OR)
Myrtle Creek South Umpqua (OR),8,Myrtle Creek South Umpqua (OR)
Myrtle Creek SouthUmpqua (OR),633,Myrtle Creek South Umpqua (OR)
Myrtle Point (OR),963,Myrtle Point (OR)
Newberg (OR),1043,Newberg (OR)
Newport (OR),855,Newport (OR)
North Bend-Oregon Coast Tech (OR),971,North Bend-Oregon Coast Tech (OR)
North Medford (OR),1113,North Medford (OR)
North Powder (OR),3,North Powder Powder Valley (OR)
North Powder Powder Valley (OR),234,North Powder Powder Valley (OR)
NorthSalem (OR),1086,NorthSalem (OR)
Nyssa (OR),491,Nyssa (OR)
Oakland (OR),264,Oakland (OR)
Oakridge (OR),345,Oakridge (OR)
Odell (OR),2,Odell (OR)
Ontario (OR),871,Ontario (OR)
OAC (OR),7,Oregon Agricultural College (OR)
OAC 2nds (OR),1,Oregon Agricultural College 2nds (OR)
OAC Fresh (OR),3,Oregon Agricultural College Frosh (OR)
OAC Rooks (OR),12,Oregon Agricultural College Frosh (OR)
OCE Fresh (OR),2,Oregon Agricultural College Frosh (OR)
Oregon Agricultural College Rooks (OR),1,Oregon Agricultural College Frosh (OR)
Oregon City (OR),1116,Oregon City (OR)
Pendleton (OR),859,Pendleton (OR)
Philomath (OR),563,Philomath (OR)
Phoenix (OR),745,Phoenix (OR)
Pilot Rock-Nixyaawii Community (OR),197,Pilot Rock-Nixyaawii Community (OR)
Pleasant Hill (OR),594,Pleasant Hill (OR)
Portland Adams (OR),109,Portland Adams (OR)
Portland Benson Poly (OR),911,Portland Benson Poly (OR)
Portland Benson Tech (OR),316,Portland Benson Tech (OR)
Portland Central Catholic (OR),884,Portland Central Catholic (OR)
Portland Christian (OR),223,Portland Christian (OR)
Portland Cleveland (OR),1078,Portland Cleveland (OR)
Portland Columbia Prep (OR),470,Portland Columbia Prep (OR)
Portland David Douglas (OR),687,Portland David Douglas (OR)
Portland Franklin (OR),1152,Portland Franklin (OR)
Portland Grant (OR),1122,Portland Grant (OR)
Portland Hill Military Academy (OR),376,Portland Hill Military Academy (OR)
Portland Hill Military Acedemy (OR),5,Portland Hill Military Academy (OR)
Portland Ida B (OR),17,Portland Ida B. Wells (OR)
Portland Ida B. Wells (OR),9,Portland Ida B. Wells (OR)
Portland Wells (OR),16,Portland Ida B. Wells (OR)
Portland Jackson (OR),132,Portland Jackson (OR)
Portland Jefferson (OR),1292,Portland Jefferson (OR)
Portland Jesuit (OR),787,Portland Jesuit (OR)
Portland Lincoln (OR),1236,Portland Lincoln (OR)
Portland Madison (OR),668,Portland Madison (OR)
Portland Marshall (OR),489,Portland Marshall (OR)
Portland Parkrose (OR),855,Portland Parkrose (OR)
Portland Roosevelt (OR),1045,Portland Roosevelt (OR)
Portland St. Johns (OR),1,Portland St. John's (OR)
Portland St. John's (OR),4,Portland St. John's (OR)
Portland Sunset (OR),679,Portland Sunset (OR)
Portland Washington (OR),695,Portland Washington (OR)
Portland Westview (OR),325,Portland Westview (OR)
Portland Wilson (OR),640,Portland Wilson (OR)
Powers (OR),244,Powers (OR)
Prairie City (OR),130,Prairie City (OR)
Prairie City Prairie City (OR),18,Prairie City (OR)
Prineville Crook County (OR),971,Prineville Crook County (OR)
Prospect (OR),172,Prospect (OR)
Prospect Butte (OR),8,Prospect-Butte Falls (OR)
Prospect-Butte Falls (OR),14,Prospect-Butte Falls (OR)
Rainier (OR),804,Rainier (OR)
Redmond (OR),900,Redmond (OR)
Redmond Ridgeview (OR),129,Redmond Ridgeview (OR)
Reedsport Charter (OR),887,Reedsport Charter (OR)
Riddle (OR),237,Riddle (OR)
Rockaway Beach Neah Kah (OR),14,Rockaway Beach Neah-Kah-Nie (OR)
Rockaway Beach Neah-Kah-Nie (OR),162,Rockaway Beach Neah-Kah-Nie (OR)
Rockaway Neah-Kah-Nie (OR),160,Rockaway Beach Neah-Kah-Nie (OR)
Rogue River (OR),534,Rogue River (OR)
Roseburg (OR),1092,Roseburg (OR)
St. Helens (OR),985,Saint Helens (OR)
St. Helens Alumni (OR),5,Saint Helens Alumni (OR)
St. Helens Kiwanis (OR),5,Saint Helens Kiwanis (OR)
Saint Paul (OR),279,Saint Paul (OR)
Salem (OR),300,Salem (OR)
Salem Academy-Willamette Valley Christian (OR),298,Salem Academy-Willamette Valley Christian (OR)
Salem Blanchet Catholic (OR),217,Salem Blanchet Catholic (OR)
Salem Chemawa (OR),178,Salem Chemawa (OR)
Salem Chemawa Indian (OR),107,Salem Chemawa Indian (OR)
Salem McKay (OR),435,Salem McKay (OR)
Salem Sprague (OR),555,Salem Sprague (OR)
Sandy (OR),898,Sandy (OR)
Scappoose (OR),814,Scappoose (OR)
Scio (OR),283,Scio (OR)
Seaside (OR),915,Seaside (OR)
Seaside Jewell (OR),126,Seaside Jewell (OR)
Sheridan-Sheridan Japanese (OR),287,Sheridan-Sheridan Japanese (OR)
Sherwood (OR),732,Sherwood (OR)
Siletz Valley (OR),154,Siletz Valley (OR)
Silver Lake North Lake (OR),171,Silver Lake North Lake (OR)
Silverton (OR),911,Silverton (OR)
Sisters (OR),328,Sisters (OR)
South Albany (OR),517,South Albany (OR)
South Eugene (OR),1015,South Eugene (OR)
South Medford (OR),428,South Medford (OR)
South Salem (OR),778,South Salem (OR)
Springfield (OR),964,Springfield (OR)
Springfield Thurston (OR),670,Springfield Thurston (OR)
Stanfield (OR),218,Stanfield (OR)
Stayton (OR),559,Stayton (OR)
Stayton Regis (OR),319,Stayton Regis (OR)
Sutherlin (OR),642,Sutherlin (OR)
Sweet Home (OR),867,Sweet Home (OR)
The Dalles (OR),976,The Dalles (OR)
The Dalles-Wahtonka (OR),123,The Dalles-Wahtonka (OR)
The Dalles/South Wasco County (OR),1,The Dalles-Wahtonka-South Wasco County (OR)
The Dalles-Wahtonka-South Wasco County (OR),8,The Dalles-Wahtonka-South Wasco County (OR)
Tigard (OR),1015,Tigard (OR)
Tillamook (OR),1048,Tillamook (OR)
Toledo (OR),837,Toledo (OR)
Troutdale Columbia (OR),113,Troutdale Columbia (OR)
Troutdale Reynolds (OR),668,Troutdale Reynolds (OR)
Tualatin (OR),372,Tualatin (OR)
Turner Cascade (OR),590,Turner Cascade (OR)
Umatilla (OR),269,Umatilla (OR)
Union (OR),273,Union (OR)
University of Oregon Fresh (OR),10,University of Oregon Frosh (OR)
University of Oregon Frosh (OR),1,University of Oregon Frosh (OR)
Vale (OR),958,Vale (OR)
Vernonia (OR),355,Vernonia (OR)
Waldport (OR),478,Waldport (OR)
Wallowa (OR),243,Wallowa (OR)
Warrenton (OR),328,Warrenton (OR)
West Albany (OR),1063,West Albany (OR)
West Albany Town Team (OR),2,West Albany Town Team (OR)
West Albany Town Team? (OR),1,West Albany Town Team (OR)
West Linn (OR),1046,West Linn (OR)
West Salem (OR),250,West Salem (OR)
Willamina (OR),454,Willamina (OR)
Wilsonville (OR),332,Wilsonville (OR)
Winston Douglas (OR),606,Winston Douglas (OR)
Woodburn (OR),676,Woodburn (OR)
Yamhill Carlton (OR),17,Yamhill-Carlton (OR)
Yamhill-Carlton (OR),523,Yamhill-Carlton (OR)
Yoncalla (OR),215,Yoncalla (OR)
