Alias_Name,GameCount,Standardized_Name
Abington (PA),1335,Abington (PA)
Abington Friends School (PA),8,Abington Friends (PA)
Abington Galloping (PA),19,Abington Friends School (PA)
Albion Northwestern (PA),1165,Albion Northwestern (PA)
Albright College Frosh (PA),9,Albright College Frosh (PA)
Albright Frosh (PA),1,Albright College Frosh (PA)
Alexandria Juniata Valley (PA),787,Alexandria Juniata Valley (PA)
Aliquippa (PA),1271,Aliquippa (PA)
Aliquippa Hopewell (PA),844,Aliquippa Hopewell (PA)
Allegheny ClarionValley (PA),45,Allegheny Clarion Valley (PA)
Allegheny Clarion Valley (PA),1,Allegheny Clarion Valley (PA)
Allentown Central Catholic (PA),1057,Allentown Central Catholic (PA)
Allentown Area (PA),1,Allentown Central Catholic (PA)
Allentown Executive Education Academy Charter School (PA),30,Allentown Executive Education Academy Charter School (PA)
Allentown Executive Education (PA),18,Allentown Executive Education Academy Charter School (PA)
Allentown Louis E. Dieruff (PA),714,Allentown Louis E. Dieruff (PA)
Allentown Louis E (PA),19,Allentown Louis E. Dieruff (PA)
Allentown Parkland (PA),948,Allentown Parkland (PA)
Allentown Prep (PA),252,Allentown Prep (PA)
Allentown Salisbury Township (PA),670,Allentown Salisbury Township (PA)
Allentown William Allen (PA),1206,Allentown William Allen (PA)
Allentown Wilson Borough (PA),595,Allentown Wilson Borough (PA)
Allison Park Hampton (PA),757,Allison Park Hampton (PA)
Altoona (PA),1259,Altoona (PA)
Altoona BishopGuilfoyle (PA),1014,Altoona Bishop Guilfoyle (PA)
Altoona Bishop Guilfoyle (PA),16,Altoona Bishop Guilfoyle (PA)
Alverton East Huntingdon (PA),502,Alverton East Huntingdon (PA)
Alverton Southmoreland (PA),649,Alverton Southmoreland (PA)
Ambler Wissahickon (PA),1011,Ambler Wissahickon (PA)
Ambler (PA),56,Ambler Wissahickon (PA)
Ambridge (PA),1037,Ambridge (PA)
Annville-Cleona (PA),594,Annville-Cleona (PA)
Annville Cleona (PA),19,Annville-Cleona (PA)
Apollo (PA),504,Apollo (PA)
Archbald Valley View (PA),937,Archbald Valley View (PA)
Ardmore Lower Merion (PA),1325,Ardmore Lower Merion (PA)
Armagh United (PA),793,Armagh United (PA)
Arnold (PA),462,Arnold (PA)
Ashland (PA),648,Ashland (PA)
Ashland Cardinal Brennan (PA),390,Ashland Cardinal Brennan (PA)
Ashland North Schuylkill (PA),688,Ashland North Schuylkill (PA)
Ashley (PA),163,Ashley (PA)
Aspinwall (PA),384,Aspinwall (PA)
Aston Sun Valley (PA),624,Aston Sun Valley (PA)
Atglen Octorara Area (PA),170,Atglen Octorara Area (PA)
Athens (PA),943,Athens (PA)
Audubon St. Gabriels Hall (PA),27,Audubon St. Gabriel's Hall (PA)
Audubon St. Gabriel's Hall (PA),7,Audubon St. Gabriel's Hall (PA)
Avalon (PA),520,Avalon (PA)
Avella (PA),857,Avella (PA)
Avoca (PA),146,Avoca (PA)
Baden Quigley (PA),99,Baden Quigley Catholic (PA)
Baden Quigley Catholic (PA),5,Baden Quigley Catholic (PA)
Bangor (PA),1223,Bangor (PA)
Bangor Pius X (PA),500,Bangor Pius X (PA)
Barnesboro (PA),302,Barnesboro (PA)
Beaver Area (PA),1187,Beaver Area (PA)
Beaver Falls (PA),1354,Beaver Falls (PA)
Beaver Falls Blackhawk (PA),620,Beaver Falls Blackhawk (PA)
Bedford (PA),1163,Bedford (PA)
Bedford Replogle (PA),161,Bedford Replogle (PA)
Belle Vernon (PA),785,Belle Vernon (PA)
Belle Vernon Area (PA),409,Belle Vernon Area (PA)
Belle Vernon Bellmar (PA),115,Belle Vernon Bellmar (PA)
Belle Vernon Borough (PA),127,Belle Vernon Borough (PA)
Belle Vernon Rostraver (PA),304,Belle Vernon Rostraver (PA)
Bellefonte (PA),1087,Bellefonte (PA)
Bellefonte Academy (PA),204,Bellefonte Academy (PA)
Bellevue (PA),546,Bellevue (PA)
Bellwood-Antis (PA),1092,Bellwood-Antis (PA)
Bellwood Antis (PA),22,Bellwood-Antis (PA)
Bensalem (PA),1054,Bensalem (PA)
Bensalem St.FrancisVocational (PA),25,Bensalem St. Francis Voc (PA)
Bensalem St. Francis Voc (PA),11,Bensalem St. Francis Voc (PA)
Bensalem Saint Francis Vocational (PA),8,Bensalem St. Francis Voc (PA)
Bensalem St. Francis Vocational (PA),6,Bensalem St. Francis Voc (PA)
Bentleyville (PA),376,Bentleyville (PA)
Bentleyville Bentworth (PA),628,Bentleyville Bentworth (PA)
Berlin Brothersvalley (PA),836,Berlin Brothersvalley (PA)
Berwick (PA),1324,Berwick (PA)
Berwyn Conestoga (PA),1263,Berwyn Conestoga (PA)
Bessemer Mohawk Area (PA),891,Bessemer Mohawk Area (PA)
Bessemer Mohawk (PA),173,Bessemer Mohawk Area (PA)
Bethel Park (PA),990,Bethel Park (PA)
BethlehemCatholic (PA),779,Bethlehem Catholic (PA)
Bethlehem Freedom (PA),673,Bethlehem Freedom (PA)
Bethlehem Liberty (PA),1177,Bethlehem Liberty (PA)
Bethlehem Moravian Parochial (PA),5,Bethlehem Moravian Catholic (PA)
Bethlehem Moravian Catholic (PA),2,Bethlehem Moravian Catholic (PA)
Bethlehem Moravian Prep (PA),58,Bethlehem Moravian Prep (PA)
Bethlehem Moravian Preparatory (PA),5,Bethlehem Moravian Prep (PA)
Biglerville (PA),852,Biglerville (PA)
Birdsboro Daniel Boone (PA),699,Birdsboro Daniel Boone (PA)
Blairsville (PA),982,Blairsville (PA)
Bloomsburg (PA),1119,Bloomsburg (PA)
Bloomsburg Central Columbia (PA),723,Bloomsburg Central Columbia (PA)
Bloomsburg ColumbiaMontour Vo-Tech (PA),431,Bloomsburg ColumbiaMontour Vo-Tech (PA)
Bloomsburg Columbia Montour (PA),19,Bloomsburg ColumbiaMontour Vo-Tech (PA)
Bloomsburg Columbia Montour Vo-Tech (PA),3,Bloomsburg ColumbiaMontour Vo-Tech (PA)
Bloomsburg Columbia-Montour Vo-Tech (PA),2,Bloomsburg ColumbiaMontour Vo-Tech (PA)
Blossburg North Penn (PA),245,Blossburg North Penn (PA)
Boiling Springs (PA),847,Boiling Springs (PA)
Boothwyn Chichester (PA),826,Boothwyn Chichester (PA)
Boswell North Star (PA),570,Boswell North Star (PA)
Boyertown (PA),939,Boyertown (PA)
Braddock (PA),562,Braddock (PA)
Bradford (PA),990,Bradford (PA)
Bradford Central Christian (PA),224,Bradford Central Christian (PA)
Bridgeport (PA),355,Bridgeport (PA)
Bridgeville (PA),343,Bridgeville (PA)
Bridgeville Chartiers Valley (PA),695,Bridgeville Chartiers Valley (PA)
Bristol (PA),1156,Bristol (PA)
Bristol Delhaas (PA),189,Bristol Delhaas (PA)
Brockway (PA),976,Brockway (PA)
Brodheadsville Pleasant Valley (PA),662,Brodheadsville Pleasant Valley (PA)
Brookville (PA),891,Brookville (PA)
Brownsville (PA),995,Brownsville (PA)
Bryn Athyn Academy of the New Church (PA),780,Bryn Athyn Academy of the New Church (PA)
Bryn Athyn (PA),19,Bryn Athyn Academy of the New Church (PA)
Bryn Athyn Academy Of (PA),14,Bryn Athyn Academy of the New Church (PA)
Bryn Athyn Academy of New Church (PA),13,Bryn Athyn Academy of the New Church (PA)
Bucknell University Frosh (PA),36,Bucknell University Frosh (PA)
Bucknell University Fresh (PA),2,Bucknell University Frosh (PA)
Burgettstown (PA),1079,Burgettstown (PA)
Butler (PA),1185,Butler (PA)
Cairnbrook Shade (PA),915,Cairnbrook Shade (PA)
Cambridge Springs (PA),867,Cambridge Springs (PA)
Camp Hill - Cedar Cliff (PA),1003,Camp Hill - Cedar Cliff (PA)
Camp Hill (PA),973,Camp Hill (PA)
Camp Hill Trinity (PA),1045,Camp Hill Trinity (PA)
Canonsburg Canon-McMillan (PA),1051,Canonsburg Canon-McMillan (PA)
Canonsburg Canon Mcmillan (PA),19,Canonsburg Canon-McMillan (PA)
Canton (PA),1023,Canton (PA)
Carbondale (PA),916,Carbondale (PA)
Carbondale Area (PA),83,Carbondale (PA)
Carlisle (PA),1166,Carlisle (PA)
Carlisle Indians JV (PA),27,Carlisle Indians JV (PA)
Carlisle JV (PA),18,Carlisle Indians JV (PA)
Carmichaels (PA),1023,Carmichaels (PA)
Carnegie (PA),568,Carnegie (PA)
Carnegie Carlynton (PA),558,Carnegie Carlynton (PA)
Carnegie St. Luke School (PA),258,Carnegie St. Luke School (PA)
Carnegie St. Luke (PA),166,Carnegie St. Luke School (PA)
Carrolltown John Carroll (PA),337,Carrolltown John Carroll (PA)
Catasauqua (PA),1159,Catasauqua (PA)
Catawissa SouthernColumbia Area (PA),900,Catawissa Southern Columbia Area (PA)
Catawissa Southern Columbia Area (PA),12,Catawissa Southern Columbia Area (PA)
Cecil Township (PA),315,Cecil Township (PA)
Center Valley Southern Lehigh (PA),687,Center Valley Southern Lehigh (PA)
Centerville (PA),342,Centerville (PA)
Central York (PA),731,Central York (PA)
Chambersburg (PA),976,Chambersburg (PA)
Chambersburg Area (PA),1,Chambersburg (PA)
Charleroi (PA),1126,Charleroi (PA)
Cherry Tree (PA),108,Cherry Tree (PA)
Chester (PA),1317,Chester (PA)
Chester St. James (PA),793,Chester St. James (PA)
Cheswick West Deer (PA),245,Cheswick West Deer (PA)
Clairton (PA),1156,Clairton (PA)
Claridge Penn Joint (PA),303,Claridge Penn Joint (PA)
Clarion (PA),863,Clarion (PA)
Clarks Summit (PA),107,Clarks Summit (PA)
Clarks Summit Abington Heights (PA),1064,Clarks Summit Abington Heights (PA)
Claysburg (PA),287,Claysburg (PA)
Claysburg-Kimmel (PA),906,Claysburg-Kimmel (PA)
Claysburg Kimmel (PA),21,Claysburg-Kimmel (PA)
Claysville McGuffey (PA),583,Claysville McGuffey (PA)
Clearfield (PA),1021,Clearfield (PA)
Clearfield St. Francis (PA),3,Clearfield St. Francis (PA)
Clearfield St Francis (PA),1,Clearfield St. Francis (PA)
Clifton Heights (PA),359,Clifton Heights (PA)
Clymer Penns Manor (PA),668,Clymer Penns Manor (PA)
Coal Center California (PA),958,Coal Center California (PA)
Coal Center California Area (PA),2,Coal Center California (PA)
Coal Township (PA),286,Coal Township (PA)
Coal Township Our Lady of Lourdes Regional (PA),372,Coal Township Our Lady of Lourdes Regional (PA)
Coal Township Shamokin Area (PA),1210,Coal Township Shamokin Area (PA)
Coaldale (PA),475,Coaldale (PA)
Coaldale St. Marys (PA),30,Coaldale St. Marys (PA)
Coaldale St. Mary (PA),1,Coaldale St. Marys (PA)
Coaldale St. Mary's (PA),1,Coaldale St. Marys (PA)
Coatesville (PA),1296,Coatesville (PA)
Cochranton (PA),477,Cochranton (PA)
Collegeville (PA),178,Collegeville (PA)
Collegeville Perkiomen Valley (PA),610,Collegeville Perkiomen Valley (PA)
Collingdale (PA),567,Collingdale (PA)
Columbia (PA),1068,Columbia (PA)
Commodore Purchase Line (PA),698,Commodore Purchase Line (PA)
Concordville Glen Mills (PA),473,Concordville Glen Mills (PA)
Conemaugh East (PA),394,Conemaugh East (PA)
Confluence Turkeyfoot Valley Area (PA),429,Confluence Turkeyfoot Valley Area (PA)
Conneaut Lake (PA),338,Conneaut Lake (PA)
Conneautville Conneaut Valley (PA),582,Conneautville Conneaut Valley (PA)
Connellsville (PA),1278,Connellsville (PA)
Connellsville Dunbar (PA),441,Connellsville Dunbar (PA)
Connellsville Geibel (PA),205,Connellsville Geibel Catholic (PA)
Connellsville Geibel Catholic (PA),90,Connellsville Geibel Catholic (PA)
Conshohocken (PA),348,Conshohocken (PA)
Conshohocken Archbishop Kennedy (PA),394,Conshohocken Archbishop Kennedy (PA)
Conshohocken St. Matthews (PA),40,Conshohocken St. Matthews (PA)
Conshohocken St. Matthew (PA),2,Conshohocken St. Matthews (PA)
Coplay (PA),206,Coplay (PA)
Coraopolis (PA),551,Coraopolis (PA)
Coraopolis Cornell (PA),505,Coraopolis Cornell (PA)
Coraopolis Our Lady of the Sacred Heart (PA),160,Coraopolis Our Lady of the Sacred Heart (PA)
Coraopolis Our Lady (PA),19,Coraopolis Our Lady of the Sacred Heart (PA)
Corry (PA),1032,Corry (PA)
Coudersport (PA),1035,Coudersport (PA)
Covington Township North Pocono (PA),710,Covington Township North Pocono (PA)
Crafton (PA),500,Crafton (PA)
Creighton East Deer Frazer (PA),284,Creighton East Deer Frazer (PA)
Cresson Joint (PA),418,Cresson Joint (PA)
Cresson Penn Cambria (PA),644,Cresson Penn Cambria (PA)
Curwensville (PA),990,Curwensville (PA)
Dallas (PA),825,Dallas (PA)
Dallas Borough (PA),105,Dallas Borough (PA)
Dallas Township-Franklin Township (PA),216,Dallas Township-Franklin Township (PA)
Dallastown (PA),859,Dallastown (PA)
Danville (PA),1145,Danville (PA)
Danville Central (PA),1,Danville (PA)
Darby-Colwyn (PA),612,Darby-Colwyn (PA)
Darlington Northwestern (PA),205,Darlington Northwestern (PA)
Davidsville Conemaugh Township (PA),857,Davidsville Conemaugh Township (PA)
Davidsville Conemaugh TownshipArea (PA),4,Davidsville Conemaugh Township (PA)
Delancey School (PA),197,Delancey School (PA)
Delaware County Springfield (PA),565,Delaware County Springfield (PA)
Denver Cocalico (PA),800,Denver Cocalico (PA)
Derry Area (PA),749,Derry Area (PA)
Derry Borough (PA),366,Derry Borough (PA)
Derry Township (PA),297,Derry Township (PA)
Devon Episcopal Academy (PA),113,Devon Episcopal Academy (PA)
Dickinson College Frosh (PA),29,Dickinson College Frosh (PA)
Dickinson College Freshmen (PA),4,Dickinson College Frosh (PA)
Dickinson College Fresh (PA),2,Dickinson College Frosh (PA)
Dickinson Seminary College JVs (PA),4,Dickinson Seminary College JV (PA)
Dickinson Seminary JV (PA),3,Dickinson Seminary College JV (PA)
Dickson City (PA),186,Dickson City (PA)
Dillsburg Northern York (PA),640,Dillsburg Northern York (PA)
Dillsburg Northern (PA),7,Dillsburg Northern York (PA)
Dingmans Ferry East Stroudsburg North (PA),254,Dingmans Ferry East Stroudsburg North (PA)
Dingmans Ferry East St. roudsburg (PA),20,Dingmans Ferry East Stroudsburg North (PA)
Donora (PA),596,Donora (PA)
Dormont Keystone Oaks (PA),219,Dormont Keystone Oaks (PA)
Dover (PA),521,Dover (PA)
Downingtown (PA),482,Downingtown (PA)
Downingtown Bishop Shanahan (PA),264,Downingtown Bishop Shanahan (PA)
Downingtown West (PA),1026,Downingtown West (PA)
Doylestown Central Bucks East (PA),655,Doylestown Central Bucks East (PA)
Doylestown Central Bucks West (PA),1164,Doylestown Central Bucks West (PA)
Doylestown National Farm School (PA),311,Doylestown National Farm School (PA)
Doylestown National Farm (PA),13,Doylestown National Farm School (PA)
Farm School (PA),5,Doylestown National Farm School (PA)
Drexel Hill Monsignor Bonner (PA),616,Drexel Hill Monsignor Bonner (PA)
Drexel Hill Monsignor Bonner-Archbishop Prendergast (PA),621,Drexel Hill Monsignor Bonner-Archbishop Prendergast (PA)
Drexel Hill St. Andrews School (PA),15,Drexel Hill St. Andrew School (PA)
Drexel Hill Saint Andrew School (PA),3,Drexel Hill St. Andrew School (PA)
Drexel Hill St. Andrew School (PA),2,Drexel Hill St. Andrew School (PA)
Drexel Hill Upper Darby (PA),1227,Drexel Hill Upper Darby (PA)
DuBois (PA),1147,DuBois (PA)
Duke Center Otto-Eldred (PA),742,Duke Center Otto-Eldred (PA)
Duke Center Otto Eldred (PA),19,Duke Center Otto-Eldred (PA)
Duncannon (PA),259,Duncannon (PA)
Duncannon Susquenita (PA),714,Duncannon Susquenita (PA)
Dunmore (PA),1284,Dunmore (PA)
Dunbar Borough (PA),31,Dunmore (PA)
Dunmore Bishop O'Hara (PA),356,Dunmore Bishop O'Hara (PA)
Dunmore Holy Cross (PA),185,Dunmore Holy Cross (PA)
DuPont (PA),146,DuPont (PA)
Duquesne (PA),878,Duquesne (PA)
Duquesne Prep (PA),163,Duquesne Prep (PA)
Duquesne University Frosh (PA),2,Duquesne University Frosh (PA)
Duquesne University Fresh (PA),1,Duquesne University Frosh (PA)
Duryea (PA),321,Duryea (PA)
East Brady (PA),492,East Brady (PA)
East Greenville (PA),138,East Greenville (PA)
East McKeesport (PA),274,East McKeesport (PA)
East Pike RunTownship (PA),150,East Pike RunTownship (PA)
East Pittsburgh (PA),337,East Pittsburgh (PA)
East Stroudsburg (PA),374,East Stroudsburg (PA)
East Stroudsburg Normal Collerge (PA),2,East Stroudsburg Normal Collerge (PA)
East Stroudsburg Normal (PA),1,East Stroudsburg Normal Collerge (PA)
East Stroudsburg South (PA),850,East Stroudsburg South (PA)
East Stroudsburg University (PA),24,East Stroudsburg University (PA)
East StroudsburgUniversity (PA),21,East Stroudsburg University (PA)
East StroudsburgUniversity Frosh (PA),15,East Stroudsburg University Frosh (PA)
East Stroudsburg University Frosh (PA),2,East Stroudsburg University Frosh (PA)
East StroudsburgUniversity JV (PA),5,East Stroudsburg University JV (PA)
East Stroudsburg University JV (PA),1,East Stroudsburg University JV (PA)
Easton Area (PA),1743,Easton Area (PA)
Easton Notre Dame-Green Pond (PA),222,Easton Notre Dame-Green Pond (PA)
Easton Wilson Area (PA),1167,Easton Wilson Area (PA)
Ebensburg Beaverdale (PA),340,Ebensburg Beaverdale (PA)
Ebensburg Bishop Carroll (PA),643,Ebensburg Bishop Carroll (PA)
Ebensburg Central Cambria (PA),1016,Ebensburg Central Cambria (PA)
Ebensburg Cambria (PA),1,Ebensburg Central Cambria (PA)
Eddystone (PA),382,Eddystone (PA)
Edgewood (PA),451,Edgewood (PA)
Edinboro General McLane (PA),903,Edinboro General McLane (PA)
Edwardsville (PA),454,Edwardsville (PA)
Elders Ridge (PA),275,Elders Ridge (PA)
Elizabeth Forward (PA),1075,Elizabeth Forward (PA)
Elizabethtown (PA),1015,Elizabethtown (PA)
Elizabethville Upper Dauphin Area (PA),624,Elizabethville Upper Dauphin Area (PA)
Elizabethville Upper Dauphin Joint (PA),60,Elizabethville Upper Dauphin Area (PA)
Elliottsburg West Perry (PA),972,Elliottsburg West Perry (PA)
Ellsworth (PA),326,Ellsworth (PA)
Ellwood City Lincoln (PA),1129,Ellwood City Lincoln (PA)
EllwoodCity (PA),7,Ellwood City Lincoln (PA)
Ellwood City Riverside (PA),593,Ellwood City Riverside (PA)
Elverson Twin Valley (PA),308,Elverson Twin Valley (PA)
Emlenton (PA),155,Emlenton (PA)
Emmaus (PA),1084,Emmaus (PA)
Emporium Cameron County (PA),967,Emporium Cameron County (PA)
Enola East Pennsboro (PA),1006,Enola East Pennsboro (PA)
Ephrata (PA),931,Ephrata (PA)
Erdenheim Springfield Township (PA),219,Erdenheim Springfield Township (PA)
Erie (PA),104,Erie (PA)
Erie ? (PA),1,Erie (PA)
Erie Academy (PA),738,Erie Academy (PA)
Erie Cathedral Prep (PA),1201,Erie Cathedral Prep (PA)
Erie Central Tech (PA),398,Erie Central Tech (PA)
Erie Central-Old (PA),158,Erie Central-Old (PA)
Erie East (PA),945,Erie East (PA)
Erie Iroquois (PA),601,Erie Iroquois (PA)
Erie Lawrence Park (PA),250,Erie Lawrence Park (PA)
Erie McDowell (PA),1000,Erie McDowell (PA)
Erie Mercyhurst Prep (PA),363,Erie Mercyhurst Prep (PA)
Erie Seneca (PA),649,Erie Seneca (PA)
Erie Strong Vincent (PA),903,Erie Strong Vincent (PA)
Erie Stong Vincent (PA),3,Erie Strong Vincent (PA)
Erie Tech (PA),502,Erie Tech (PA)
Erie Techical (PA),1,Erie Tech (PA)
Essington Pennsylvania Military College Prep (PA),106,Essington Pennsylvania Military College Prep (PA)
Etna (PA),463,Etna (PA)
Evans City (PA),393,Evans City (PA)
Evan City (PA),5,Evans City (PA)
Evans (PA),1,Evans City (PA)
Everett (PA),928,Everett (PA)
Exeter St. Cecilias (PA),24,Exeter St. Cecilia (PA)
Exeter St. Cecilia (PA),5,Exeter St. Cecilia (PA)
Exeter Wyoming Area (PA),909,Exeter Wyoming Area (PA)
Exeter Wyoming (PA),347,Exeter Wyoming Area (PA)
Exton Downingtown East (PA),266,Exton Downingtown East (PA)
Factoryville Lackawanna Trail (PA),646,Factoryville Lackawanna Trail (PA)
Fairchance (PA),289,Fairchance (PA)
Fairfield (PA),221,Fairfield (PA)
Fairless Hills Bishop Egan (PA),430,Fairless Hills Bishop Egan (PA)
Fairless Hills Conwell-EganCatholic (PA),732,Fairless Hills Conwell-Egan Catholic (PA)
Fairless Hills Conwell-Egan Catholic (PA),34,Fairless Hills Conwell-Egan Catholic (PA)
Fairless Hills Conwell Egan (PA),20,Fairless Hills Conwell-Egan Catholic (PA)
Fairless Hills Pennsbury (PA),1097,Fairless Hills Pennsbury (PA)
Fairless Hills Pennsbury Falls Township (PA),118,Fairless Hills Pennsbury Falls Township (PA)
Fairview (PA),902,Fairview (PA)
Farrell (PA),1119,Farrell (PA)
Farwell Bucktail (PA),788,Farwell Bucktail (PA)
Fawn Grove Kennard-Dale (PA),610,Fawn Grove Kennard-Dale (PA)
Fawn Grove Kennard Dale (PA),21,Fawn Grove Kennard-Dale (PA)
Findlay Township (PA),195,Findlay Township (PA)
Fleetwood (PA),252,Fleetwood (PA)
Flinton Glendale (PA),652,Flinton Glendale (PA)
Folsom Ridley (PA),1028,Folsom Ridley (PA)
Folsom Ridley Township (PA),582,Folsom Ridley Township (PA)
Ford City (PA),849,Ford City (PA)
Fort Washington Germantown Academy (PA),1222,Fort Washington Germantown Academy (PA)
Ft. Washington Germantown Academy (PA),2,Fort Washington Germantown Academy (PA)
Fort Washington Upper Dublin (PA),810,Fort Washington Upper Dublin (PA)
Forty Fort (PA),543,Forty Fort (PA)
Foxburg Allegheny-Clarion Valley (PA),380,Foxburg Allegheny-Clarion Valley (PA)
Foxburg Allegheny Clarion Valley (PA),7,Foxburg Allegheny-Clarion Valley (PA)
Frackville (PA),367,Frackville (PA)
Franklin & Marshall College (PA),4,Franklin & Marshall College (PA)
Franklin and Marshall College (PA),1,Franklin & Marshall College (PA)
Franklin (PA),1117,Franklin (PA)
Franklin Boro (PA),334,Franklin Boro (PA)
Fredericksburg Northern Lebanon (PA),524,Fredericksburg Northern Lebanon (PA)
Fredericktown Bethlehem Center (PA),721,Fredericktown Bethlehem Center (PA)
Fredericktown East Bethlehem Township (PA),351,Fredericktown East Bethlehem Township (PA)
Freedom Area (PA),1211,Freedom Area (PA)
Freeland (PA),188,Freeland (PA)
Freeland Mining & Mechanical Institute (PA),168,Freeland Mining & Mechanical Institute (PA)
Freeland MMI Prep (PA),1,Freeland Mining & Mechanical Institute (PA)
Freeport (PA),1024,Freeport (PA)
Galeton (PA),90,Galeton (PA)
GaletonArea (PA),1,Galeton (PA)
Gallitzin (PA),217,Gallitzin (PA)
Germantown Friends (PA),429,Germantown Friends (PA)
Gettysburg (PA),987,Gettysburg (PA)
Gettysburg Academy (PA),143,Gettysburg Academy (PA)
Gibsonia Pine-Richland (PA),681,Gibsonia Pine-Richland (PA)
Gibsonia Pine Richland (PA),22,Gibsonia Pine-Richland (PA)
Girard (PA),908,Girard (PA)
Glassport (PA),370,Glassport (PA)
Glen Lyon Newport Township (PA),435,Glen Lyon Newport Township (PA)
Glen Mills Garnet Valley (PA),673,Glen Mills Garnet Valley (PA)
Glen Rock Susquehannock (PA),931,Glen Rock Susquehannock (PA)
Glenolden Darby Township (PA),145,Glenolden Darby Township (PA)
Glenolden Glen-Nor (PA),322,Glenolden Glen-Nor (PA)
Greater Johnstown (PA),1212,Greater Johnstown (PA)
Greater Johnstown Voc-Tech (PA),309,Greater Johnstown Voc-Tech (PA)
Greater Latrobe (PA),1181,Greater Latrobe (PA)
Greencastle-Antrim (PA),606,Greencastle-Antrim (PA)
Greensboro Mapletown (PA),947,Greensboro Mapletown (PA)
Greensboro Mapleton (PA),9,Greensboro Mapletown (PA)
Greensburg (PA),447,Greensburg (PA)
GreensburgCentralCatholic (PA),611,Greensburg Central Catholic (PA)
Greensburg Hempfield Area (PA),731,Greensburg Hempfield Area (PA)
Greensburg Salem (PA),1026,Greensburg Salem (PA)
Greenville (PA),1077,Greenville (PA)
Greenville Reynolds (PA),628,Greenville Reynolds (PA)
Grove City (PA),1130,Grove City (PA)
Guys Mills Maplewood (PA),513,Guys Mills Maplewood (PA)
Halifax (PA),723,Halifax (PA)
Hamburg (PA),617,Hamburg (PA)
Hanover (PA),1052,Hanover (PA)
Hanover South Western (PA),794,Hanover South Western (PA)
Hanover Township (PA),148,Hanover Township (PA)
Hanover Township Hanover Area (PA),1063,Hanover Township Hanover Area (PA)
Harborcreek (PA),622,Harborcreek (PA)
Harborcreek Harbor Creek (PA),124,Harborcreek (PA)
Harborcreek Harborcreek Harbor Creek (PA),104,Harborcreek (PA)
Harmony SenecaValley (PA),628,Harmony Seneca Valley (PA)
Harmony Seneca Valley (PA),10,Harmony Seneca Valley (PA)
Harrisburg (PA),622,Harrisburg (PA)
Harrisburg Academy (PA),131,Harrisburg Academy (PA)
Harrisburg Bishop McDevitt (PA),1215,Harrisburg Bishop McDevitt (PA)
Harrisburg Central (PA),252,Harrisburg Central (PA)
Harrisburg Central Dauphin (PA),891,Harrisburg Central Dauphin (PA)
Harrisburg Central Dauphin East (PA),683,Harrisburg Central Dauphin East (PA)
Harrisburg Dauphin County Tech (PA),11,Harrisburg Dauphin County Tech (PA)
Harrisburg Dauphin County Technical (PA),10,Harrisburg Dauphin County Tech (PA)
Harrisburg John Harris (PA),522,Harrisburg John Harris (PA)
Harrisburg Lower Paxton (PA),233,Harrisburg Lower Paxton (PA)
Harrisburg Susquehanna Township (PA),849,Harrisburg Susquehanna Township (PA)
Harrisburg Tech (PA),194,Harrisburg Tech (PA)
Harrisburg William Penn (PA),525,Harrisburg William Penn (PA)
Harrison City Penn-Trafford (PA),619,Harrison City Penn-Trafford (PA)
Harrison City Penn Trafford (PA),21,Harrison City Penn-Trafford (PA)
Hastings (PA),114,Hastings (PA)
Hatboro-Horsham (PA),1018,Hatboro-Horsham (PA)
Haverford (PA),976,Haverford (PA)
Haverford College Frosh (PA),10,Haverford College Frosh (PA)
Haverford College Fresh (PA),2,Haverford College Frosh (PA)
Haverford School (PA),1231,Haverford School (PA)
Havertown Haverford (PA),252,Havertown Haverford (PA)
Havertown Haverford Township (PA),794,Havertown Haverford Township (PA)
Hawley Wallenpaupack Area (PA),562,Hawley Wallenpaupack Area (PA)
Hazleton (PA),1109,Hazleton (PA)
Hazleton Bishop Hafey (PA),171,Hazleton Bishop Hafey (PA)
Hazleton Hazle Township (PA),228,Hazleton Hazle Township (PA)
Hazleton St.Gabriel's (PA),62,Hazleton St. Gabriel's (PA)
Hazleton St. Gabriel's (PA),1,Hazleton St. Gabriel's (PA)
Hegins Tri-Valley (PA),760,Hegins Tri-Valley (PA)
Hegins Tri Valley (PA),22,Hegins Tri-Valley (PA)
Hellertown Saucon Valley (PA),874,Hellertown Saucon Valley (PA)
Herman Summit Academy (PA),198,Herman Summit Academy (PA)
Herminie Yough (PA),580,Herminie Yough (PA)
Hermitage Hickory (PA),941,Hermitage Hickory (PA)
Hermitage Kennedy Catholic (PA),503,Hermitage Kennedy Catholic (PA)
Hermitage Kennedy Christian (PA),172,Hermitage Kennedy Christian (PA)
Herndon Line Mountain (PA),667,Herndon Line Mountain (PA)
Herndon Mahanoy Joint (PA),117,Herndon Mahanoy Joint (PA)
Hershey (PA),1079,Hershey (PA)
Hershey Industrial (PA),14,Hershey Industrial (PA)
Hershey Industrial School (PA),2,Hershey Industrial (PA)
Highspire Athletic Association (PA),1,Highspire Athletic Club (PA)
Highspire Athletic Club (PA),1,Highspire Athletic Club (PA)
Holland Council Rock South (PA),234,Holland Council Rock South (PA)
Hollidaysburg (PA),1144,Hollidaysburg (PA)
Homer City Homer-Center (PA),835,Homer City Homer-Center (PA)
Homer City Homer Center (PA),19,Homer City Homer-Center (PA)
Homestead (PA),550,Homestead (PA)
Homestead Bishop Boyle (PA),154,Homestead Bishop Boyle (PA)
Honesdale (PA),686,Honesdale (PA)
Hookstown South Side Beaver (PA),673,Hookstown South Side Beaver (PA)
Hookstown South Side (PA),20,Hookstown South Side Beaver (PA)
Houston Chartiers-Houston (PA),784,Houston Chartiers-Houston (PA)
Houston Chartiers Houston (PA),19,Houston Chartiers-Houston (PA)
Houtzdale Moshannon Valley (PA),775,Houtzdale Moshannon Valley (PA)
Hughesville (PA),823,Hughesville (PA)
Hummelstown LowerDauphin (PA),1011,Hummelstown Lower Dauphin (PA)
Hummelstown Lower Dauphin (PA),10,Hummelstown Lower Dauphin (PA)
Huntingdon (PA),1160,Huntingdon (PA)
Huntingdon Valley Lower Moreland (PA),807,Huntingdon Valley Lower Moreland (PA)
Imperial West Allegheny (PA),842,Imperial West Allegheny (PA)
Indiana (PA),952,Indiana (PA)
Indiana UniversityofPennsylvania (PA),47,Indiana University of Pennsylvania (PA)
Industry Western Beaver (PA),500,Industry Western Beaver (PA)
Jeannette (PA),1364,Jeannette (PA)
Jefferson Hills Thomas Jefferson (PA),873,Jefferson Hills Thomas Jefferson (PA)
Jefferson-Morgan (PA),968,Jefferson-Morgan (PA)
Jefferson Morgan (PA),21,Jefferson-Morgan (PA)
Jenkins Township (PA),104,Jenkins Township (PA)
Jenkintown (PA),928,Jenkintown (PA)
Jenner-Boswell (PA),437,Jenner-Boswell (PA)
Jenner-Boswell Joint (PA),2,Jenner-Boswell (PA)
Jermyn Lakeland (PA),798,Jermyn Lakeland (PA)
Jersey Shore (PA),927,Jersey Shore (PA)
Jessup (PA),362,Jessup (PA)
Jim Thorpe (PA),745,Jim Thorpe (PA)
Jim Thorpe Mauch ChunkCatholic (PA),76,Jim Thorpe Mauch Chunk Catholic (PA)
Jim Thorpe Mauch Chunk Catholic (PA),16,Jim Thorpe Mauch Chunk Catholic (PA)
Jim Thorpe Mauch Chunk (PA),1,Jim Thorpe Mauch Chunk Catholic (PA)
Johnsonburg (PA),865,Johnsonburg (PA)
Johnstown Bishop McCort (PA),961,Johnstown Bishop McCort (PA)
JohnstownCentralCatholic (PA),15,Johnstown Central Catholic (PA)
Johnstown Central Catholic (PA),5,Johnstown Central Catholic (PA)
Johnstown Conemaugh Valley (PA),590,Johnstown Conemaugh Valley (PA)
Johnstown Dale (PA),169,Johnstown Dale (PA)
Johnstown Ferndale (PA),916,Johnstown Ferndale (PA)
Johnstown Richland (PA),966,Johnstown Richland (PA)
Johnstown Southmont (PA),222,Johnstown Southmont (PA)
Johnstown Westmont Hilltop (PA),1014,Johnstown Westmont Hilltop (PA)
Johnstown Westmont Upper Yoder (PA),59,Johnstown Westmont Upper Yoder (PA)
Johnstown WestmontUpper Yoder JV (PA),4,Johnstown Westmont Upper Yoder JV (PA)
Kane (PA),1040,Kane (PA)
Kantner Forbes (PA),126,Kantner Forbes (PA)
Karns City (PA),799,Karns City (PA)
Kennett Square Kennett (PA),213,Kennett Square Kennett (PA)
Kennett Square Unionville (PA),554,Kennett Square Unionville (PA)
Keystone Academy (PA),210,Keystone Academy (PA)
King of Prussia Upper Merion Area (PA),906,King of Prussia Upper Merion Area (PA)
King's College (PA),6,Kings College (PA)
Kings College (PA),5,Kings College (PA)
Kingston (PA),571,Kingston (PA)
Kingston BishopO'Reilly (PA),562,Kingston Bishop O'Reilly (PA)
Kingston Bishop O'Reilly (PA),19,Kingston Bishop O'Reilly (PA)
Kingston Bishop O?Reilly (PA),1,Kingston Bishop O'Reilly (PA)
Kingston Township (PA),193,Kingston Township (PA)
Kingston West Side Area Voc-Tech (PA),122,Kingston West Side Area Voc-Tech (PA)
Kingston West Side Vo-Tech (PA),10,Kingston West Side Area Voc-Tech (PA)
Kingston Wyoming Seminary (PA),869,Kingston Wyoming Seminary (PA)
Kingston Wyoming Seminary College Prep (PA),156,Kingston Wyoming Seminary (PA)
Kintnersville Palisades (PA),645,Kintnersville Palisades (PA)
Kinzers Pequea Valley (PA),268,Kinzers Pequea Valley (PA)
Kittanning (PA),876,Kittanning (PA)
Knox Keystone (PA),579,Knox Keystone (PA)
Kulpmont (PA),215,Kulpmont (PA)
Kutztown (PA),536,Kutztown (PA)
Kutztown Normal College (PA),16,Kutztown Normal College (PA)
Kutztown Normal (PA),1,Kutztown Normal College (PA)
Lafayette College Fresh (PA),58,Lafayette College Frosh (PA)
Lafayette College Freshmen (PA),6,Lafayette College Frosh (PA)
Lafayette College Frosh (PA),5,Lafayette College Frosh (PA)
Lafayette Freshman (PA),4,Lafayette College Frosh (PA)
Laffeyette College Fresh (PA),1,Lafayette College Frosh (PA)
Lafayette University JV (PA),25,Lafayette College JV (PA)
Lafayette College JV (PA),12,Lafayette College JV (PA)
Lafayette College Sophomores (PA),3,Lafayette College JV (PA)
Lafayette College Sophmoes (PA),1,Lafayette College JV (PA)
Lafayette Sophmores (PA),1,Lafayette College JV (PA)
Lake Ariel Western Wayne (PA),618,Lake Ariel Western Wayne (PA)
Lake-Lehman Lehman Township (PA),26,Lake-Lehman (PA)
Lake-Lehman (PA),19,Lake-Lehman (PA)
Lampeter-Strasburg (PA),571,Lampeter-Strasburg (PA)
Lampeter St. rasburg (PA),25,Lampeter-Strasburg (PA)
Lancaster Catholic (PA),1005,Lancaster Catholic (PA)
Lancaster Conestoga Valley (PA),762,Lancaster Conestoga Valley (PA)
Lancaster Franklin & Marshall Academy (PA),300,Lancaster Franklin & Marshall Academy (PA)
Lancaster Franklin & Marshal Academy (PA),10,Lancaster Franklin & Marshall Academy (PA)
Lancaster J.P. McCaskey (PA),1168,Lancaster J.P. McCaskey (PA)
Lancaster Jp Mccaskey (PA),19,Lancaster J.P. McCaskey (PA)
Lancaster Manheim Township (PA),924,Lancaster Manheim Township (PA)
Lancaster Stevens Trade (PA),182,Lancaster Stevens Trade (PA)
Lancaster Stevens Trade School (PA),46,Lancaster Stevens Trade (PA)
Lancaster Steven Trade (PA),1,Lancaster Stevens Trade (PA)
Landisville Hempfield (PA),1159,Landisville Hempfield (PA)
Langhorne Neshaminy (PA),1396,Langhorne Neshaminy (PA)
Lansdale Catholic (PA),824,Lansdale Catholic (PA)
Lansdale North Penn (PA),1556,Lansdale North Penn (PA)
Lansdowne Penn Wood (PA),516,Lansdowne Penn Wood (PA)
Lansdowne-Aldan (PA),825,Lansdowne-Aldan (PA)
Lansford (PA),441,Lansford (PA)
Lansford Panther Valley (PA),615,Lansford Panther Valley (PA)
Larksville (PA),469,Larksville (PA)
Latrobe St. Vincent Prep (PA),127,Latrobe St. Vincent Prep (PA)
Laureldale Muhlenberg (PA),802,Laureldale Muhlenberg (PA)
Laureldale Muhlenberg Township (PA),4,Laureldale Muhlenberg (PA)
Lebanon (PA),1204,Lebanon (PA)
Lebanon Catholic (PA),540,Lebanon Catholic (PA)
Lebanon Cedar Crest (PA),737,Lebanon Cedar Crest (PA)
Leechburg (PA),989,Leechburg (PA)
Leesport Schuylkill Valley (PA),547,Leesport Schuylkill Valley (PA)
Leetsdale (PA),171,Leetsdale (PA)
Leetsdale Quaker Valley (PA),683,Leetsdale Quaker Valley (PA)
Lehighton (PA),1090,Lehighton (PA)
Lehman Lake-Lehman (PA),829,Lehman Lake-Lehman (PA)
Leisenring Dunbar Township (PA),285,Leisenring Dunbar Township (PA)
Lemoyne (PA),346,Lemoyne (PA)
Lemoyne West Shore Joint (PA),4,Lemoyne West Shore (PA)
Lemoyne West Shore (PA),1,Lemoyne West Shore (PA)
Levittown Harry S. Truman (PA),465,Levittown Harry S. Truman (PA)
Levittown Harry S (PA),19,Levittown Harry S. Truman (PA)
Levittown Truman (PA),265,Levittown Truman (PA)
Levittown Woodrow Wilson (PA),278,Levittown Woodrow Wilson (PA)
Lewisberry Red Land (PA),657,Lewisberry Red Land (PA)
Lewisburg (PA),921,Lewisburg (PA)
Lewistown (PA),846,Lewistown (PA)
Lewistown Chief Logan (PA),252,Lewistown Chief Logan (PA)
Lewistown Indian Valley (PA),240,Lewistown Indian Valley (PA)
Lewistown Mifflin County (PA),153,Lewistown Mifflin County (PA)
Library South Park (PA),814,Library South Park (PA)
Ligonier Valley (PA),1114,Ligonier Valley (PA)
Lilly (PA),383,Lilly (PA)
Linesville (PA),341,Linesville (PA)
Linesville Conneaut Area (PA),140,Linesville Conneaut Area (PA)
Lititz Warwick (PA),940,Lititz Warwick (PA)
Littlestown (PA),875,Littlestown (PA)
Lock Haven (PA),781,Lock Haven (PA)
Lower Burrell (PA),640,Lower Burrell (PA)
Loysburg Northern Bedford County (PA),744,Loysburg Northern Bedford County (PA)
Luzerne (PA),415,Luzerne (PA)
Lykens (PA),472,Lykens (PA)
Mahanoy City Mahanoy Area (PA),1084,Mahanoy City Mahanoy Area (PA)
Mahanoy Joint (PA),155,Mahanoy Joint (PA)
Mahanoy Township (PA),292,Mahanoy Township (PA)
MahanoyCity (PA),173,MahanoyCity (PA)
Malvern Great Valley (PA),746,Malvern Great Valley (PA)
Malvern Prep (PA),876,Malvern Prep (PA)
Malvern School (PA),436,Malvern School (PA)
Manchester Northeastern (PA),183,Manchester Northeastern (PA)
Manheim Central (PA),905,Manheim Central (PA)
MansfieldUniversity ofPennsylvania (PA),22,Mansfield University of Pennsylvania (PA)
Marianna West Bethlehem (PA),113,Marianna West Bethlehem (PA)
Marion Center (PA),545,Marion Center (PA)
Mars (PA),1038,Mars (PA)
Martinsburg Central (PA),723,Martinsburg Central (PA)
Marysville (PA),113,Marysville (PA)
Masontown (PA),359,Masontown (PA)
Masontown All-Saints (PA),47,Masontown All-Saints (PA)
Masontown All Saints (PA),26,Masontown All-Saints (PA)
McAdoo (PA),266,McAdoo (PA)
McAlisterville East Juniata (PA),430,McAlisterville East Juniata (PA)
McCanns Business College (PA),10,McCann's Business College (PA)
McCann's Business College (PA),6,McCann's Business College (PA)
McClellandtown German Township (PA),728,McClellandtown German Township (PA)
McDonald (PA),371,McDonald (PA)
McDonald Fort Cherry (PA),710,McDonald Fort Cherry (PA)
McDonald South Fayette (PA),999,McDonald South Fayette (PA)
McKees Rocks (PA),476,McKees Rocks (PA)
McKees Rocks Montour (PA),838,McKees Rocks Montour (PA)
McKees Rocks Sto-Rox (PA),612,McKees Rocks Sto-Rox (PA)
Mckees Rocks Sto Rox (PA),19,McKees Rocks Sto-Rox (PA)
McKeesport (PA),1367,McKeesport (PA)
McKeesport SerraCatholic (PA),621,McKeesport Serra Catholic (PA)
McKeesport Serra Catholic (PA),10,McKeesport Serra Catholic (PA)
McKeesport South Allegheny (PA),495,McKeesport South Allegheny (PA)
McMurray Peters Township (PA),722,McMurray Peters Township (PA)
McSherrystown Delone Catholic (PA),977,McSherrystown Delone Catholic (PA)
Meadville (PA),1092,Meadville (PA)
Meadville Area (PA),1,Meadville (PA)
Mechanicsburg (PA),1087,Mechanicsburg (PA)
Mechanicsburg Cumberland Valley (PA),871,Mechanicsburg Cumberland Valley (PA)
Media (PA),569,Media (PA)
Media Penncrest (PA),862,Media Penncrest (PA)
Mercer (PA),809,Mercer (PA)
MercersburgAcademy (PA),775,Mercersburg Academy (PA)
Mercersburg Academy (PA),30,Mercersburg Academy (PA)
Mercersburg James Buchanan (PA),623,Mercersburg James Buchanan (PA)
Merion Station Episcopal Academy (PA),1183,Merion Station Episcopal Academy (PA)
Meyersdale (PA),956,Meyersdale (PA)
Middleburg Midd-West (PA),59,Middleburg Midd-West (PA)
Middleburg Midd West (PA),19,Middleburg Midd-West (PA)
Middletown (PA),1068,Middletown (PA)
Midland Lincoln (PA),308,Midland Lincoln (PA)
Midway (PA),265,Midway (PA)
Mifflinburg (PA),895,Mifflinburg (PA)
Mifflintown Juniata (PA),961,Mifflintown Juniata (PA)
Milford Delaware Valley (PA),415,Milford Delaware Valley (PA)
Mill Hall Bald Eagle-Nittany (PA),479,Mill Hall Bald Eagle-Nittany (PA)
Mill Hall Central Mountain (PA),279,Mill Hall Central Mountain (PA)
Millersburg (PA),924,Millersburg (PA)
Millersville Penn Manor (PA),576,Millersville Penn Manor (PA)
Millersville State Normal School (PA),40,Millersville State Normal College (PA)
Millersville University (PA),7,Millersville State Normal College (PA)
Millersville State Normal College (PA),3,Millersville State Normal College (PA)
MillersvilleStateNormalSchool JV (PA),6,Millersville State Normal College JV (PA)
Millersville UniversityofPennsylvania JV (PA),3,Millersville State Normal College JV (PA)
Millvale (PA),384,Millvale (PA)
Millville (PA),15,Millville Area (PA)
Millville Area (PA),1,Millville Area (PA)
Milton (PA),1078,Milton (PA)
Milton Hershey (PA),890,Milton Hershey (PA)
Minersville (PA),1078,Minersville (PA)
Minersville Cass Township (PA),286,Minersville Cass Township (PA)
Monaca (PA),762,Monaca (PA)
Monaca Center (PA),448,Monaca Center (PA)
Monaca Central Valley (PA),206,Monaca Central Valley (PA)
Monessen (PA),1098,Monessen (PA)
Monongahela (PA),248,Monongahela (PA)
Monongahela Ringgold (PA),485,Monongahela Ringgold (PA)
Monongahela ValleyCatholic (PA),169,Monongahela Valley Catholic (PA)
Monongahela Valley Catholic (PA),4,Monongahela Valley Catholic (PA)
Monroeville Gateway (PA),809,Monroeville Gateway (PA)
Montgomery (PA),1001,Montgomery (PA)
Montgomery County Springfield Township (PA),603,Montgomery County Springfield Township (PA)
Montgomery County Springfield (PA),12,Montgomery County Springfield Township (PA)
Montoursville (PA),1016,Montoursville (PA)
Montrose (PA),708,Montrose (PA)
Moon Township Moon Area (PA),895,Moon Township Moon Area (PA)
Morris Township (PA),323,Morris Township (PA)
Morrisdale West Branch (PA),702,Morrisdale West Branch (PA)
Morrisville (PA),1035,Morrisville (PA)
Moshannon Joint (PA),197,Moshannon Joint (PA)
Mount Carmel (PA),1688,Mount Carmel (PA)
Mount Carmel Catholic (PA),235,Mount Carmel Catholic (PA)
Mt. Carmel Catholic (PA),1,Mount Carmel Catholic (PA)
Mt.Carmel Catholic (PA),1,Mount Carmel Catholic (PA)
Mount Carmel Township (PA),186,Mount Carmel Township (PA)
Mt. Carmel Township (PA),2,Mount Carmel Township (PA)
Mount Joy Donegal (PA),738,Mount Joy Donegal (PA)
Mount Joy (PA),1,Mount Joy Donegal (PA)
Mount Morris (PA),253,Mount Morris (PA)
Mount Pleasant (PA),1005,Mount Pleasant (PA)
Mt. Pleasant Ramsay (PA),464,Mount Pleasant Ramsay (PA)
Mt. Pleasant Ramsey (PA),19,Mount Pleasant Ramsay (PA)
Mt. Pleasant Township Hickory Vocational (PA),225,Mount Pleasant Township Hickory Vocational (PA)
Mount Union (PA),1015,Mount Union (PA)
Mountain Top Crestwood (PA),568,Mountain Top Crestwood (PA)
Mt. Pleasant Hurst (PA),305,Mt. Pleasant Hurst (PA)
Muhlenberg College Frosh (PA),17,Muhlenberg College Frosh (PA)
Muhlenberg College Fresh (PA),2,Muhlenberg College Frosh (PA)
Muncy (PA),1085,Muncy (PA)
Munhall (PA),361,Munhall (PA)
Munhall Homestead (PA),347,Munhall Homestead (PA)
Munhall Steel Valley (PA),613,Munhall Steel Valley (PA)
Murrysville Franklin Regional (PA),786,Murrysville Franklin Regional (PA)
Myerstown Eastern Lebanon County (PA),580,Myerstown Eastern Lebanon County (PA)
Myerstown Eastern Lebanon (PA),22,Myerstown Eastern Lebanon County (PA)
Nanticoke Greater Nanticoke Area (PA),1140,Nanticoke Greater Nanticoke Area (PA)
Nanty Glo Blacklick Valley (PA),839,Nanty Glo Blacklick Valley (PA)
Natty Glo Blacklick Valley (PA),1,Nanty Glo Blacklick Valley (PA)
Nanty Glo United Valley (PA),20,Nanty Glo United Valley co-op [Blacklick Valley-United] (PA)
Nanty Glo United Valley co-op [Blacklick Valley-United] (PA),19,Nanty Glo United Valley co-op [Blacklick Valley-United] (PA)
Nanty-Glo (PA),103,Nanty-Glo (PA)
Natrona Heights Har-Brack (PA),468,Natrona Heights Har-Brack (PA)
Natrona Heights Highlands (PA),614,Natrona Heights Highlands (PA)
Nazareth Area (PA),1122,Nazareth Area (PA)
Nesquehoning (PA),375,Nesquehoning (PA)
Neville Island (PA),296,Neville Island (PA)
New Bethlehem Redbank Valley (PA),1003,New Bethlehem Redbank Valley (PA)
New Bloomfield Carson Long Military Academy (PA),680,New Bloomfield Carson Long Military Academy (PA)
New Bloomfield Carson Long Military Institute (PA),1,New Bloomfield Carson Long Military Academy (PA)
New Bloomfield Perry (PA),147,New Bloomfield Perry (PA)
New Brighton (PA),1019,New Brighton (PA)
New Castle (PA),1401,New Castle (PA)
New Castle Laurel (PA),735,New Castle Laurel (PA)
New Castle Neshannock (PA),727,New Castle Neshannock (PA)
New Castle Shenango (PA),648,New Castle Shenango (PA)
New Castle Union Area (PA),613,New Castle Union Area (PA)
New Castle Union (PA),21,New Castle Union Area (PA)
New Cumberland (PA),378,New Cumberland (PA)
New Florence Laurel Valley (PA),649,New Florence Laurel Valley (PA)
New Holland Garden Spot (PA),587,New Holland Garden Spot (PA)
New Hope (PA),40,New Hope (PA)
New Hope New Hope (PA),20,New Hope (PA)
New Hope Solebury (PA),207,New Hope Solebury (PA)
New Hope-Solebury (PA),158,New Hope Solebury (PA)
New Hope Solebury School (PA),62,New Hope Solebury (PA)
New Kensington (PA),566,New Kensington (PA)
New Kensington Valley (PA),507,New Kensington Valley (PA)
New Oxford (PA),578,New Oxford (PA)
New Paris Chestnut Ridge (PA),698,New Paris Chestnut Ridge (PA)
New Philadelphia Blythe Township (PA),306,New Philadelphia Blythe Township (PA)
New Tripoli Northwestern Lehigh (PA),694,New Tripoli Northwestern Lehigh (PA)
New Wilmington Area (PA),980,New Wilmington Area (PA)
Newport (PA),1016,Newport (PA)
Newtown Council Rock (PA),432,Newtown Council Rock (PA)
Newtown Council Rock North (PA),915,Newtown Council Rock North (PA)
Newtown George School (PA),701,Newtown George School (PA)
Newtown Square Delaware County Christian (PA),114,Newtown Square Delaware County Christian (PA)
Newtown Square Delaware County (PA),16,Newtown Square Delaware County Christian (PA)
Newtown Square Marple (PA),1151,Newtown Square Marple (PA)
Newtown Square Marple-Newton (PA),30,Newtown Square Marple (PA)
Newtown Square Marple Newtown (PA),22,Newtown Square Marple (PA)
Newtown Square Marple-Newtown (PA),7,Newtown Square Marple (PA)
Newville Big Spring (PA),739,Newville Big Spring (PA)
Newville Big Springs (PA),9,Newville Big Spring (PA)
Norristown (PA),1266,Norristown (PA)
Norristown Bishop Kenrick (PA),605,Norristown Bishop Kenrick (PA)
Norristown Bishop Kenrick-St. Patrick's (PA),13,Norristown Bishop Kenrick-St. Patrick's (PA)
Norristown Bishop Kenrick-St. Patricks (PA),3,Norristown Bishop Kenrick-St. Patrick's (PA)
Norristown Kennedy-Kenrick Catholic (PA),159,Norristown Kennedy-Kenrick Catholic (PA)
Norristown Kennedy-Kenrick (PA),33,Norristown Kennedy-Kenrick Catholic (PA)
Norristown Methacton (PA),655,Norristown Methacton (PA)
North Braddock Scott (PA),532,North Braddock Scott (PA)
North Braddock (PA),4,North Braddock Scott (PA)
North East (PA),1009,North East (PA)
North Huntingdon Norwin (PA),1092,North Huntingdon Norwin (PA)
Irwin North Huntington (PA),12,North Huntingdon Norwin (PA)
Irwin North Huntingdon (PA),8,North Huntingdon Norwin (PA)
North Penn-Mansfield (PA),482,North Penn-Mansfield (PA)
North Versailles East Allegheny (PA),671,North Versailles East Allegheny (PA)
Northampton (PA),1129,Northampton (PA)
Northern Cambria (PA),744,Northern Cambria (PA)
Northumberland (PA),534,Northumberland (PA)
Oakmont (PA),463,Oakmont (PA)
Oakmont Riverview (PA),562,Oakmont Riverview (PA)
Oil City (PA),1091,Oil City (PA)
Oil City Venango Christian (PA),224,Oil City Venango Christian (PA)
Oil City Venango Catholic (PA),1,Oil City Venango Christian (PA)
Old Forge (PA),1123,Old Forge (PA)
Olyphant (PA),356,Olyphant (PA)
Orbisonia (PA),213,Orbisonia (PA)
OsceolaMills (PA),313,Osceola Mills (PA)
Osceola Mills (PA),1,Osceola Mills (PA)
Oxford (PA),604,Oxford (PA)
Palmerton (PA),1062,Palmerton (PA)
Palmyra (PA),817,Palmyra (PA)
Patrick's Business College (PA),2,Patrick Business Institute College (PA)
Patrick Business College (PA),1,Patrick Business Institute College (PA)
Patrick Business Institute College (PA),1,Patrick Business Institute College (PA)
Patrick Institute (PA),1,Patrick Business Institute College (PA)
Patton (PA),331,Patton (PA)
Patton Cambria Heights (PA),705,Patton Cambria Heights (PA)
Patton School (PA),344,Patton School (PA)
Peckville Blakely (PA),330,Peckville Blakely (PA)
Pen Argyl (PA),1214,Pen Argyl (PA)
Pennsburg Perkiomen (PA),772,Pennsburg Perkiomen (PA)
Pennsburg Upper Perkiomen (PA),865,Pennsburg Upper Perkiomen (PA)
Pennsylvania School for the Deaf (PA),540,Pennsylvania School for the Deaf (PA)
Pennsylvania Institute fort the Deaf (PA) (OH),1,Pennsylvania School for the Deaf (PA)
Pennsylvaina School for the Deaf JV (PA),14,Pennsylvania School for the Deaf JV (PA)
Pennsylvania School for the Deaf JV (PA),1,Pennsylvania School for the Deaf JV (PA)
Perkasie Pennridge (PA),1113,Perkasie Pennridge (PA)
Perryopolis Frazier (PA),876,Perryopolis Frazier (PA)
Philadelphia Abraham Lincoln (PA),778,Philadelphia Abraham Lincoln (PA)
Philadelphia Academy at Palumbo (PA),65,Philadelphia Academy at Palumbo (PA)
Philadelphia Academy At (PA),17,Philadelphia Academy at Palumbo (PA)
Philadelphia Archbishop Ryan (PA),806,Philadelphia Archbishop Ryan (PA)
Philadelphia Benjamin Franklin (PA),807,Philadelphia Benjamin Franklin (PA)
Philadelphia Ben Franklin (PA),15,Philadelphia Benjamin Franklin (PA)
Philadelphia Boys' Latin Charter (PA),154,Philadelphia Boys' Latin Charter (PA)
Philadelphia Boys Latin (PA),19,Philadelphia Boys' Latin Charter (PA)
Philadelphia Brown Prep (PA),314,Philadelphia Brown Prep (PA)
Philadelphia Calvary Christian Academy (PA),144,Philadelphia Calvary Christian Academy (PA)
Philadelphia Cardinal Dougherty (PA),654,Philadelphia Cardinal Dougherty (PA)
Philadelphia Central (PA),1289,Philadelphia Central (PA)
Philadelphia Central Manual (PA),109,Philadelphia Central Manual (PA)
Philadelphia Chestnut Hill Academy (PA),894,Philadelphia Chestnut Hill Academy (PA)
Philadelphia Dobbins-Randolph AVTS (PA),786,Philadelphia Dobbins-Randolph AVTS (PA)
Philadelphia Dobbins-Randolph Vocational Tech (PA),3,Philadelphia Dobbins-Randolph AVTS (PA)
Philadelphia Dobbins Randolph (PA),2,Philadelphia Dobbins-Randolph AVTS (PA)
Philadelphia Edison-Fareira (PA),569,Philadelphia Edison-Fareira (PA)
Philadelphia Edward Bok Vo-Tech (PA),616,Philadelphia Edward Bok Vo-Tech (PA)
Philadelphia Bok Vo-Tech (PA),7,Philadelphia Edward Bok Vo-Tech (PA)
Philadelphia Bok Vocational Tech (PA),4,Philadelphia Edward Bok Vo-Tech (PA)
Philadelphia Bok Voc Tech (PA),1,Philadelphia Edward Bok Vo-Tech (PA)
Philadelphia Bok Voc-Tech (PA),1,Philadelphia Edward Bok Vo-Tech (PA)
Philadelphia Father Judge (PA),995,Philadelphia Father Judge (PA)
PhiladelphiaFrankford (PA),1249,Philadelphia Frankford (PA)
Philadephia Frankfort (PA),3,Philadelphia Frankford (PA)
Philadelphia George Washington (PA),702,Philadelphia George Washington (PA)
Philadelphia Germantown (PA),955,Philadelphia Germantown (PA)
Philadelphia Imhotep Charter (PA),255,Philadelphia Imhotep Charter (PA)
Philadelphia John Bartram (PA),843,Philadelphia John Bartram (PA)
Philadelphia Jules E. Mastbaum Vo-Tech (PA),764,Philadelphia Jules E. Mastbaum Vo-Tech (PA)
Philadelphia Jules E (PA),7,Philadelphia Jules E. Mastbaum Vo-Tech (PA)
Philadelphia Kensington (PA),57,Philadelphia Kensington (PA)
Philadelphia Kensington Kensington (PA),16,Philadelphia Kensington (PA)
Philadelphia KIPP DuBois Collegiate Academy (PA),53,Philadelphia KIPP DuBois Collegiate Academy (PA)
Philadelphia Kipp Dubois Academy (PA),18,Philadelphia KIPP DuBois Collegiate Academy (PA)
Philadelphia Martin L. King (PA),278,Philadelphia Martin L. King (PA)
Philadelphia Martin Luther King (PA),504,Philadelphia Martin Luther King (PA)
Philadelphia Martin Luther (PA),20,Philadelphia Martin Luther King (PA)
Philadelphia Mastery Charter North (PA),121,Philadelphia Mastery Charter North (PA)
Philadelphia Mastery Charter (PA),1,Philadelphia Mastery Charter North (PA)
Philadelphia Murrell Dobbins Vo-Tech (PA),34,Philadelphia Murrell Dobbins Vo-Tech (PA)
Philadelphia Murrell Dobbins (PA),16,Philadelphia Murrell Dobbins Vo-Tech (PA)
Philadelphia Neumann-Goretti (PA),893,Philadelphia Neumann-Goretti (PA)
Philadelphia Neumann Goretti (PA),20,Philadelphia Neumann-Goretti (PA)
Philadelphia Northeast (PA),1198,Philadelphia Northeast (PA)
Philadelphia Northeast Catholic (PA),1045,Philadelphia Northeast Catholic (PA)
Philadelphia Olney (PA),912,Philadelphia Olney (PA)
Philadelphia Onley (PA),2,Philadelphia Olney (PA)
Philadelphia Overbrook (PA),952,Philadelphia Overbrook (PA)
Philadelphia Prep Charter (PA),127,Philadelphia Prep Charter (PA)
Philadelphia Roman Catholic (PA),1435,Philadelphia Roman Catholic (PA)
Philadelphia Roxborough (PA),920,Philadelphia Roxborough (PA)
Philadelphia Samuel Fels (PA),169,Philadelphia Samuel Fels (PA)
Philadelphia School of the Future (PA),159,Philadelphia School of the Future (PA)
Philadelphia Simon Gratz (PA),941,Philadelphia Simon Gratz (PA)
Philadelphia Southern (PA),875,Philadelphia Southern (PA)
Philadelphia Springside Chestnut Hill Academy (PA),334,Philadelphia Springside Chestnut Hill Academy (PA)
Philadelphia Springside Chestnut Academy (PA),17,Philadelphia Springside Chestnut Hill Academy (PA)
Philadelphia St. John Neumann (PA),562,Philadelphia St. John Neumann (PA)
Philadelphia St. John the Baptist (PA),285,Philadelphia St. John the Baptist (PA)
Philadelphia Saint Joseph's Prep (PA),1401,Philadelphia St. Joseph's Prep (PA)
Philadelphia St. Josephs (PA),21,Philadelphia St. Joseph's Prep (PA)
Philadelphia St. Joseph's Prep (PA),8,Philadelphia St. Joseph's Prep (PA)
Philadelphia St. Francis Prep (PA),2,Philadelphia St. Joseph's Prep (PA)
Philadelphia St.Joseph'sPrep (PA),2,Philadelphia St. Joseph's Prep (PA)
Philadelphia St. Nicholas ofTolentine School (PA),8,Philadelphia St. Nicholas of Tolentine School (PA)
Philadelphia St. Thomas More (PA),446,Philadelphia St. Thomas More (PA)
Philadelphia Thomas A. Edison (PA),24,Philadelphia Thomas A. Edison (PA)
Philadelphia Thomas A (PA),18,Philadelphia Thomas A. Edison (PA)
Philadelphia University City (PA),377,Philadelphia University City (PA)
Philadelphia West Catholic (PA),1300,Philadelphia West Catholic (PA)
Philadelphia William Penn (PA),207,Philadelphia William Penn (PA)
Philadelphia William Penn Charter (PA),1554,Philadelphia William Penn Charter (PA)
Philipsburg (PA),20,Philipsburg (PA)
Phillipsburg (PA),11,Philipsburg (PA)
Philipsburg-Osceola (PA),968,Philipsburg-Osceola (PA)
Philipsburg Osceola (PA),19,Philipsburg-Osceola (PA)
Phoenixville (PA),1312,Phoenixville (PA)
Pine Grove (PA),800,Pine Grove (PA)
Pitcairn (PA),342,Pitcairn (PA)
Pittsburgh Allderdice (PA),666,Pittsburgh Allderdice (PA)
PittsburghAllegheny (PA),668,Pittsburgh Allegheny (PA)
Pittsburgh Allegheny Traditional Academy (PA),42,Pittsburgh Allegheny (PA)
Pittsburgh Allegheny (PA),12,Pittsburgh Allegheny (PA)
Pittsburgh Allegany (PA),2,Pittsburgh Allegheny (PA)
Pittsburgh Allegheny Academy (PA),1,Pittsburgh Allegheny (PA)
Pittsburgh Avonworth (PA),1005,Pittsburgh Avonworth (PA)
Pittsburgh Baldwin (PA),976,Pittsburgh Baldwin (PA)
Pittsburgh Bishiop Canevin Catholic (PA),491,Pittsburgh Bishop Canevin Catholic (PA)
Pittsburgh Bishop Canevin Catholic (PA),190,Pittsburgh Bishop Canevin Catholic (PA)
Pittsburgh CanevinCatholic (PA),1,Pittsburgh Bishop Canevin Catholic (PA)
Pittsburgh Brashear (PA),519,Pittsburgh Brashear (PA)
Pittsburgh Brentwood (PA),950,Pittsburgh Brentwood (PA)
Pittsburgh Carrick (PA),908,Pittsburgh Carrick (PA)
Pittsburgh Central Catholic (PA),1062,Pittsburgh Central Catholic (PA)
Pittsburgh Churchill Area (PA),220,Pittsburgh Churchill Area (PA)
Pittsburgh College Sophs (PA),3,Pittsburgh College JV (PA)
Pittsburgh College JV (PA),1,Pittsburgh College JV (PA)
Pittsburgh Fifth Avenue (PA),535,Pittsburgh Fifth Avenue (PA)
Pittsburgh Fox Chapel (PA),669,Pittsburgh Fox Chapel (PA)
Pittsburgh Gladstone (PA),129,Pittsburgh Gladstone (PA)
Pittsburgh Keystone Oaks (PA),1026,Pittsburgh Keystone Oaks (PA)
Pittsburgh Knoxville (PA),103,Pittsburgh Knoxville (PA)
Pittsburgh Langley (PA),751,Pittsburgh Langley (PA)
Pittsburgh Mount Lebanon (PA),1019,Pittsburgh Mt. Lebanon (PA)
Pittsburgh Mt. Lebanon (PA),21,Pittsburgh Mt. Lebanon (PA)
Pittsburgh North Catholic (PA),803,Pittsburgh North Catholic (PA)
Pittsburgh North Hills (PA),965,Pittsburgh North Hills (PA)
Pittsburgh Northgate (PA),412,Pittsburgh Northgate (PA)
Pittsburgh Oliver (PA),733,Pittsburgh Oliver (PA)
Pittsburgh Peabody (PA),861,Pittsburgh Peabody (PA)
Pittsburgh Penn Hills (PA),1031,Pittsburgh Penn Hills (PA)
Pittsburgh Perry Traditional Academy (PA),870,Pittsburgh Perry Traditional Academy (PA)
Pittsburgh Perry Traditional (PA),18,Pittsburgh Perry Traditional Academy (PA)
Pittsburgh Perry (PA),1,Pittsburgh Perry Traditional Academy (PA)
Pittsburgh Plum (PA),870,Pittsburgh Plum (PA)
Pittsburgh Schenley (PA),827,Pittsburgh Schenley (PA)
Pittsburgh Seton LaSalle (PA),1385,Pittsburgh Seton LaSalle (PA)
Pittsburgh Shady Side Academy (PA),817,Pittsburgh Shady Side Academy (PA)
Pittsburgh Shady Side (PA),19,Pittsburgh Shady Side Academy (PA)
Pittsburgh Shaler Area (PA),819,Pittsburgh Shaler Area (PA)
Pittsburgh South (PA),304,Pittsburgh South (PA)
Pittsburgh South Hills (PA),622,Pittsburgh South Hills (PA)
Pittsburgh South Vo-Tech (PA),693,Pittsburgh South Vo-Tech (PA)
Pittsburgh South Voc-Tech (PA),2,Pittsburgh South Vo-Tech (PA)
Pittsburgh St. John the Baptist (PA),12,Pittsburgh St. John the Baptist (PA)
Pittsburgh St.Johnthe Baptist (PA),1,Pittsburgh St. John the Baptist (PA)
Pittsburgh St. Mary of the Mount (PA),39,Pittsburgh St. Mary of the Mount (PA)
Pittsburgh St.Maryof theMount (PA),6,Pittsburgh St. Mary of the Mount (PA)
Pittsburgh Taylor Allderdice (PA),238,Pittsburgh Taylor Allderdice (PA)
Pittsburgh Taylor-Allderdice (PA),2,Pittsburgh Taylor Allderdice (PA)
Pittsburgh USO [University Prep-Sci-Tech-Obama Academy] (PA),122,Pittsburgh USO University (PA)
Pittsburgh Uso University (PA),18,Pittsburgh USO University (PA)
Pittsburgh USO (PA),1,Pittsburgh USO University (PA)
Pittsburgh Westinghouse (PA),1043,Pittsburgh Westinghouse (PA)
Pittsburgh Westinghouse Tech (PA),13,Pittsburgh Westinghouse (PA)
Pittsburgh Woodland Hills (PA),478,Pittsburgh Woodland Hills (PA)
Pittston (PA),1140,Pittston (PA)
Pittston St. Johns (PA),436,Pittston St. Johns (PA)
Pittston Saint John (PA),2,Pittston St. Johns (PA)
Pittston Township (PA),114,Pittston Township (PA)
Plains (PA),519,Plains (PA)
Plains Sacred Heart (PA),2,Plains Sacred Heart (PA)
Plains Scared Heart (PA),1,Plains Sacred Heart (PA)
Pleasantville Clark (PA),257,Pleasantville Clark (PA)
Plymouth (PA),502,Plymouth (PA)
Plymouth Meeting Plymouth Whitemarsh (PA),825,Plymouth Meeting Plymouth Whitemarsh (PA)
Plymouth Wyoming Valley West (PA),701,Plymouth Wyoming Valley West (PA)
Pocono Summit Pocono Mountain West (PA),228,Pocono Summit Pocono Mountain West (PA)
Pocono Summit Pocono Mountain (PA),21,Pocono Summit Pocono Mountain West (PA)
Point Marion (PA),330,Point Marion (PA)
Port Allegany (PA),1039,Port Allegany (PA)
Port Carbon St. Stephen (PA),7,Port Carbon St. Stephen School (PA)
Port Carbon St. Stephen School (PA),1,Port Carbon St. Stephen School (PA)
Portage (PA),990,Portage (PA)
Portage Township (PA),126,Portage Township (PA)
Pottsgrove (PA),890,Pottsgrove (PA)
Pottstown (PA),1253,Pottstown (PA)
Pottstown Coventry (PA),12,Pottstown Coventry (PA)
Pottstown Coventry Christian (PA),6,Pottstown Coventry (PA)
Pottstown Hill School (PA),714,Pottstown Hill School (PA)
Pottstown Owen J. Roberts (PA),981,Pottstown Owen J. Roberts (PA)
Pottstown Owen J (PA),22,Pottstown Owen J. Roberts (PA)
Pottstown Pius X (PA),507,Pottstown St. Pius X (PA)
Pottstown St.PiusX (PA),488,Pottstown St. Pius X (PA)
Pottstown St. Pius X (PA),3,Pottstown St. Pius X (PA)
Pottsville (PA),1048,Pottsville (PA)
Pottsville Nativity BVM (PA),930,Pottsville Nativity Blessed Virgin Mary (PA)
Pottsville Nativity Blessed Virgin Mary (PA),34,Pottsville Nativity Blessed Virgin Mary (PA)
Prospect Park (PA),280,Prospect Park (PA)
Prospect Park Interboro (PA),852,Prospect Park Interboro (PA)
Punxsutawney (PA),1027,Punxsutawney (PA)
Punxsutawney Area (PA),15,Punxsutawney (PA)
PunxsutawneyArea (PA),11,Punxsutawney (PA)
Quakertown (PA),1141,Quakertown (PA)
Quarryville Solanco (PA),758,Quarryville Solanco (PA)
Radnor (PA),1317,Radnor (PA)
Radnor Archbishop Carroll (PA),772,Radnor Archbishop Carroll (PA)
Rankin (PA),407,Rankin (PA)
Reading (PA),1174,Reading (PA)
Reading Berks Catholic (PA),263,Reading Berks Catholic (PA)
Reading Central Catholic (PA),699,Reading Central Catholic (PA)
Reading Exeter Township (PA),995,Reading Exeter Township (PA)
Reading Holy Name (PA),402,Reading Holy Name (PA)
Red Lion (PA),947,Red Lion (PA)
Reedsville Kishacoquillas (PA),109,Reedsville Kishacoquillas (PA)
Renovo Bucktail Area (PA),162,Renovo Bucktail Area (PA)
Republic Redstone Township (PA),469,Republic Redstone Township (PA)
Reynoldsville (PA),358,Reynoldsville (PA)
Reynoldsville Falls Creek (PA),126,Reynoldsville Falls Creek (PA)
Richland Township (PA),450,Richland Township (PA)
Ridgway-Johnsonburg (PA),1081,Ridgway-Johnsonburg (PA)
Ridley Park (PA),550,Ridley Park (PA)
Rimersburg Union (PA),814,Rimersburg Union (PA)
Roaring Spring (PA),260,Roaring Spring (PA)
Robertsdale (PA),285,Robertsdale (PA)
Robesonia Conrad Weiser (PA),623,Robesonia Conrad Weiser (PA)
Rochester (PA),969,Rochester (PA)
Rockwood (PA),121,Rockwood (PA)
Rosemont Harriton (PA),713,Rosemont Harriton (PA)
Roseto Pius X (PA),336,Roseto Pius X (PA)
Royersford Pope John Paul II (PA),170,Royersford Pope John Paul II (PA)
Royersford Spring-Ford (PA),920,Royersford Spring-Ford (PA)
Royersford Spring Ford (PA),20,Royersford Spring-Ford (PA)
Rural Valley Shannock Valley (PA),549,Rural Valley Shannock Valley (PA)
Rural Valley West Shamokin (PA),250,Rural Valley West Shamokin (PA)
Russell Eisenhower (PA),724,Russell Eisenhower (PA)
Russellton Deer Lakes (PA),575,Russellton Deer Lakes (PA)
Saegertown (PA),681,Saegertown (PA)
Saint Clair (PA),596,Saint Clair (PA)
Saint Clair (PA) (PA),3,Saint Clair (PA)
Saint Clair Area (PA),1,Saint Clair (PA)
Saint Marys (PA),868,Saint Marys (PA)
Saint Marys Elk County Catholic (PA),574,Saint Marys Elk County Catholic (PA)
Salina Bell Township (PA),112,Salina Bell Township (PA)
Salina Bell-Avon (PA),308,Salina Bell-Avon (PA)
Saltsburg (PA),747,Saltsburg (PA)
Saltsburg Kiski Prep (PA),731,Saltsburg Kiski Prep (PA)
Saltsburg Kiski School (PA),15,Saltsburg Kiski Prep (PA)
Saltsburg Kiski School JV (PA),57,Saltsburg Kiski PrepJV  (PA)
Saltsburg Kiskiminetas Springs (PA),4,Saltsburg Kiskiminetas Springs (PA)
Saltsburg Kiskiminetas (PA),1,Saltsburg Kiskiminetas Springs (PA)
Saxonburg Knoch (PA),697,Saxonburg Knoch (PA)
Saxton Liberty (PA),352,Saxton Liberty (PA)
Saxton Tussey Mountain (PA),666,Saxton Tussey Mountain (PA)
Sayers Business College (PA),3,Sayer's Business College (PA)
Sayer's Business College (PA),2,Sayer's Business College (PA)
Sayre (PA),841,Sayre (PA)
Schisslers Business College (PA),2,Schisslers Business College (PA)
Schlisslers Business College (PA),2,Schisslers Business College (PA)
Schuylkill Haven (PA),1039,Schuylkill Haven (PA)
Schulykill Haven (PA),2,Schuylkill Haven (PA)
Schuylkill Haven Blue Mountain (PA),819,Schuylkill Haven Blue Mountain (PA)
Schwenksville (PA),151,Schwenksville (PA)
Scotland (PA),778,Scotland (PA)
Scotland School for Veterans' Children (PA),19,Scotland School for Veteran's Children (PA)
Scotland School for Veterans Children (PA),16,Scotland School for Veteran's Children (PA)
Scotland School for Veteran's Children (PA),2,Scotland School for Veteran's Children (PA)
Scottdale (PA),338,Scottdale (PA)
Scranton (PA),1174,Scranton (PA)
Scranton Central (PA),867,Scranton Central (PA)
Scranton Prep (PA),676,Scranton Prep (PA)
ScrantonTech (PA),697,ScrantonTech (PA)
Selinsgrove (PA),1023,Selinsgrove (PA)
Sewickley (PA),635,Sewickley (PA)
Sewickley Area (PA),398,Sewickley Area (PA)
Sewickley Township (PA),46,Sewickley Area (PA)
Shamokin Our Lady of Lourdes Regional (PA),85,Shamokin Our Lady of Lourdes Regional (PA)
Shamokin Lourdes (PA),10,Shamokin Our Lady of Lourdes Regional (PA)
Sharon (PA),1298,Sharon (PA)
Sharon Hill (PA),477,Sharon Hill (PA)
Sharon Hill Academy Park (PA),510,Sharon Hill Academy Park (PA)
Sharpsburg (PA),316,Sharpsburg (PA)
Sharpsville (PA),1093,Sharpsville (PA)
Sheffield (PA),901,Sheffield (PA)
Shenandoah Catholic (PA),149,Shenandoah Catholic (PA)
Shenandoah WestMahanoyTownship (PA),3,Shenandoah West Mahanoy Township (PA)
Shenandoah West Mahanoy Township (PA),1,Shenandoah West Mahanoy Township (PA)
ShenandoahValley (PA),1142,ShenandoahValley (PA)
Shickshinny Northwest Area (PA),697,Shickshinny Northwest Area (PA)
Shillington GovernorMifflin (PA),901,Shillington Governor Mifflin (PA)
Shillington Governor Mifflin (PA),10,Shillington Governor Mifflin (PA)
Shippensburg (PA),1025,Shippensburg (PA)
Sidman Adams Summerhill (PA),390,Sidman Adams Summerhill (PA)
Sidman Forest Hills (PA),770,Sidman Forest Hills (PA)
Slatington Northern Lehigh (PA),1083,Slatington Northern Lehigh (PA)
Slippery Rock (PA),717,Slippery Rock (PA)
Smethport (PA),916,Smethport (PA)
Somerset (PA),1002,Somerset (PA)
Souderton (PA),1100,Souderton (PA)
South Fork (PA),286,South Fork (PA)
South Huntingdon (PA),377,South Huntingdon (PA)
South Philadelphia (PA),205,South Philadelphia (PA)
South ScrantonCentralCatholic (PA),40,South Scranton Central Catholic (PA)
South Williamsport (PA),1071,South Williamsport (PA)
Spangler (PA),292,Spangler (PA)
Spring Church Apollo Ridge (PA),566,Spring Church Apollo Ridge (PA)
Spring City (PA),292,Spring City (PA)
Spring Grove (PA),728,Spring Grove (PA)
Spring Grove St. Francis Prep (PA),204,Spring Grove St. Francis Prep (PA)
Spring Grove St. Francis (PA),1,Spring Grove St. Francis Prep (PA)
Spring Mills Penns Valley Area (PA),590,Spring Mills Penns Valley Area (PA)
Springdale (PA),933,Springdale (PA)
Springfield (PA),429,Springfield (PA)
Springfield Cardinal O'Hara (PA),849,Springfield Cardinal O'Hara (PA)
Springfield Cardinal Ohara (PA),19,Springfield Cardinal O'Hara (PA)
Springfield Delaware County (PA),693,Springfield Delaware County (PA)
St. Marys Elk County Christian (PA),147,St. Marys Elk County Christian (PA)
State College (PA),1193,State College (PA)
Steelton-Highspire (PA),1702,Steelton-Highspire (PA)
Stoneboro Lakeview (PA),604,Stoneboro Lakeview (PA)
Stowe Township (PA),354,Stowe Township (PA)
Strattanville Clarion-Limestone (PA),489,Strattanville Clarion-Limestone (PA)
Stroudsburg (PA),1134,Stroudsburg (PA)
Summit Hill (PA),323,Summit Hill (PA)
Sunbury (PA),253,Sunbury (PA)
Sunbury Shikellamy (PA),1076,Sunbury Shikellamy (PA)
Susquehanna (PA),784,Susquehanna (PA)
Swarthmore (PA),621,Swarthmore (PA)
Swarthmore College Frosh (PA),14,Swarthmore College Frosh (PA)
Swarthmore College Fresh (PA),3,Swarthmore College Frosh (PA)
Swarthmore Prep (PA),371,Swarthmore Prep (PA)
Swiftwater PoconoMountain (PA),256,Swiftwater Pocono Mountain (PA)
Swiftwater Pocono Mountain (PA),11,Swiftwater Pocono Mountain (PA)
Swiftwater Pocono Mountain East (PA),641,Swiftwater Pocono Mountain East (PA)
Swissvale (PA),726,Swissvale (PA)
Swoyersville (PA),392,Swoyersville (PA)
Sykesville (PA),207,Sykesville (PA)
Tamaqua (PA),1479,Tamaqua (PA)
Tamaqua Marian Catholic (PA),837,Tamaqua Marian Catholic (PA)
Tamaqua St. Jerome Regional (PA),34,Tamaqua St. Jerome Regional (PA)
Tamaqua St. Jerome's Catholic (PA),6,Tamaqua St. Jerome Regional (PA)
Tamaqua St. Jerome's (PA),1,Tamaqua St. Jerome Regional (PA)
Tarentum (PA),278,Tarentum (PA)
Taylor Riverside (PA),1213,Taylor Riverside (PA)
Three Springs Southern Huntingdon County (PA),662,Three Springs Southern Huntingdon County (PA)
Throop Mid Valley (PA),633,Throop Mid Valley (PA)
Titusville (PA),1085,Titusville (PA)
Towanda (PA),975,Towanda (PA)
Tower City Porter Tower (PA),380,Tower City Porter Tower (PA)
Tower City (PA),5,Tower City Porter Tower (PA)
Tower City Williams Valley (PA),596,Tower City Williams Valley (PA)
Townville (PA),102,Townville (PA)
Trafford (PA),456,Trafford (PA)
Trevorton (PA),340,Trevorton (PA)
Troy (PA),863,Troy (PA)
Tunkhannock (PA),1036,Tunkhannock (PA)
Turbotville Warrior Run (PA),903,Turbotville Warrior Run (PA)
Turtle Creek (PA),772,Turtle Creek (PA)
Tyrone (PA),1112,Tyrone (PA)
Union City (PA),952,Union City (PA)
Uniontown (PA),1136,Uniontown (PA)
Uniontown Albert Gallatin (PA),662,Uniontown Albert Gallatin (PA)
Uniontown Fairchance-Georges (PA),695,Uniontown Fairchance-Georges (PA)
Uniontown LaurelHighlands (PA),639,Uniontown Laurel Highlands (PA)
Uniontown Laurel Highlands (PA),11,Uniontown Laurel Highlands (PA)
Uniontown North Union (PA),479,Uniontown North Union (PA)
Uniontown South Union (PA),469,Uniontown South Union (PA)
University of Pennsylvania Frosh (PA),65,University of Pennsylvania Frosh (PA)
Universtiy of Pennsylvania Frosh (PA),5,University of Pennsylvania Frosh (PA)
University of Pennsylvania Fresh (PA),2,University of Pennsylvania Frosh (PA)
University of Pennslyvania Frosh (PA),1,University of Pennsylvania Frosh (PA)
"University of Pennsylvania Frosh """"B"""" (PA)",1,University of Pennsylvania Frosh B (PA)
University of Pittsburgh Frosh (PA),18,University of Pittsburgh Frosh (PA)
University of Pittsburgh Fresh (PA),2,University of Pittsburgh Frosh (PA)
University of Pittsbugh Frosh (PA),1,University of Pittsburgh Frosh (PA)
University of Villanova Frosh (PA),10,University of Villanova Frosh (PA)
Upper Saint Clair (PA),809,Upper Saint Clair (PA)
Upper Saint Clair Upper St. (PA),21,Upper Saint Clair (PA)
Vandergrift (PA),434,Vandergrift (PA)
Vandergrift Kiski Area (PA),745,Vandergrift Kiski Area (PA)
Verona (PA),412,Verona (PA)
Villanova Academy ofNotre Dame (PA),450,Villanova Academy of Notre Dame (PA)
Villanova Academy of Notre Dame (PA),10,Villanova Academy of Notre Dame (PA)
Wallingford Nether Providence (PA),514,Wallingford Nether Providence (PA)
Wallingford Strath Haven (PA),583,Wallingford Strath Haven (PA)
Warminster Archbishop Wood (PA),807,Warminster Archbishop Wood (PA)
Warminster William Tennent (PA),895,Warminster William Tennent (PA)
Warminster William Tennant (PA),4,Warminster William Tennent (PA)
Warren (PA),1426,Warren (PA)
Warrington Central Bucks South (PA),221,Warrington Central Bucks South (PA)
Washington & Jefferson Prep (PA),4,Washington & Jefferson Academy (PA)
Washington & Jefferson College Fresh (PA),3,Washington & Jefferson College Frosh (PA)
Washington & Jefferson College Frosh (PA),2,Washington & Jefferson College Frosh (PA)
Washington (PA),1510,Washington (PA)
Washington East (PA),193,Washington East (PA)
Washington Eastern (PA),1,Washington East (PA)
Washington Township (PA),407,Washington Township (PA)
Washingtop Township (PA),1,Washington Township (PA)
Washington Trinity (PA),864,Washington Trinity (PA)
Waterford Fort LeBoeuf (PA),826,Waterford Fort LeBoeuf (PA)
Waterford Ft. LeBoeuf (PA),3,Waterford Fort LeBoeuf (PA)
Wayne Valley Forge Military Academy (PA),753,Wayne Valley Forge Military Academy (PA)
Valley Forge Military Academy Junior College (PA),12,Wayne Valley Forge Military Academy (PA)
Wayne Valley Forge Military (PA),5,Wayne Valley Forge Military Academy (PA)
Valley ForgeMilitary Academy (PA),1,Wayne Valley Forge Military Academy (PA)
Valley Forge Military Academy JV (PA),1,Wayne Valley Forge Military Academy JV (PA)
Waynesboro (PA),535,Waynesboro (PA)
Waynesburg (PA),854,Waynesburg (PA)
Waynesburg West Greene (PA),605,Waynesburg West Greene (PA)
WaynesburgCentral (PA),834,WaynesburgCentral (PA)
WeatherlyArea (PA),58,Weatherly Area (PA)
Weatherly Area (PA),1,Weatherly Area (PA)
Wellsboro (PA),858,Wellsboro (PA)
Wesleyville (PA),313,Wesleyville (PA)
West Chester (PA),282,West Chester (PA)
West Chester Bayard Rustin (PA),231,West Chester Bayard Rustin (PA)
West Chester Bishop Shanahan (PA),117,West Chester Bishop Shanahan (PA)
West Chester East (PA),638,West Chester East (PA)
West Chester Henderson (PA),1291,West Chester Henderson (PA)
West ChesterUniversity ofPennsylvania (PA),17,West Chester University of Pennsylvania (PA)
West Grove Avon Grove (PA),240,West Grove Avon Grove (PA)
West Hazleton (PA),686,West Hazleton (PA)
WestHazleton (PA),43,West Hazleton (PA)
West Hazelton (PA),1,West Hazleton (PA)
WestMahanoyTownship (PA),114,West MahanoyTownship (PA)
West Middlesex (PA),702,West Middlesex (PA)
West Mifflin (PA),591,West Mifflin (PA)
West Mifflin North (PA),249,West Mifflin North (PA)
West Milllin North (PA),1,West Mifflin North (PA)
West Mifflin South (PA),165,West Mifflin South (PA)
West Mifflin-Old (PA),202,West Mifflin-Old (PA)
West Newton (PA),479,West Newton (PA)
West Norriton Township Cheltenham Military Academy (PA),107,West Norriton Township Cheltenham Military Academy (PA)
West Philadelphia (PA),1048,West Philadelphia (PA)
West Pittston (PA),531,West Pittston (PA)
West Reading (PA),101,West Reading (PA)
West Scranton (PA),947,West Scranton (PA)
West Sunbury Moniteau (PA),684,West Sunbury Moniteau (PA)
West Wyoming (PA),351,West Wyoming (PA)
West York Area (PA),932,West York Area (PA)
Western Maryland Collge Frosh (PA),5,Western Maryland Collge Frosh (MD)
Westfield CowanesqueValley (PA),433,Westfield CowanesqueValley (PA)
Wexford North Allegheny (PA),763,Wexford North Allegheny (PA)
Whitehall (PA),1185,Whitehall (PA)
Wilkes-Barre Elmer L. Meyers (PA),866,Wilkes-Barre Elmer L. Meyers (PA)
Wilkes-Barre GAR Memorial (PA),950,Wilkes-Barre GAR Memorial (PA)
Wilkes-Barre Holy Redeemer (PA),179,Wilkes-Barre Holy Redeemer (PA)
Wilkes-Barre James M. Coughlin (PA),1220,Wilkes-Barre James M. Coughlin (PA)
Wilkinsburg (PA),973,Wilkinsburg (PA)
Williamsburg (PA),939,Williamsburg (PA)
Williamson School (PA),778,Williamson School (PA)
Williamson Training (PA),1,Williamson Training School (PA)
Williamson Training School (PA),1,Williamson Training School (PA)
Williamsport (PA),1476,Williamsport (PA)
Williamsport LoyalsockTownship (PA),728,Williamsport Loyalsock Township (PA)
Williamsport Loyalsock Township (PA),15,Williamsport Loyalsock Township (PA)
Williamstown (PA),455,Williamstown (PA)
Willow Grove Upper Moreland (PA),899,Willow Grove Upper Moreland (PA)
Willow Grove-UpperMoreland (PA),1,Willow Grove Upper Moreland (PA)
Wilmerding Westinghouse Memorial (PA),210,Wilmerding Westinghouse Memorial (PA)
Wilson West Lawn (PA),999,Wilson West Lawn (PA)
Winburne Cooper Township (PA),306,Winburne Cooper Township (PA)
Wind Ridge Richhill (PA),18,Wind Ridge Richhill Township (PA)
Wind Ridge Richhill Township (PA),1,Wind Ridge Richhill Township (PA)
Windber (PA),1117,Windber (PA)
Wingate Bald Eagle Area (PA),784,Wingate Bald Eagle Area (PA)
Wingate Bald Eagle (PA),19,Wingate Bald Eagle Area (PA)
Wrightsville Eastern (PA),162,Wrightsville Eastern (PA)
Wrightsville Eastern York (PA),499,Wrightsville Eastern York (PA)
Wyalusing Valley Area (PA),759,Wyalusing Valley Area (PA)
Wyalusing Valley (PA),10,Wyalusing Valley Area (PA)
WyalusingValley (PA),10,Wyalusing Valley Area (PA)
Wyncote Bishop McDevitt (PA),785,Wyncote Bishop McDevitt (PA)
Wyncote Cheltenham (PA),1175,Wyncote Cheltenham (PA)
Wyndmoor La Salle College (PA),249,Wyndmoor La Salle College (PA)
Wyndmoor La Salle College Prep (PA),870,Wyndmoor La Salle College Prep (PA)
Wyndmoor La Salle Prep (PA),1,Wyndmoor La Salle College Prep (PA)
Wynnewood Friends Central School (PA),555,Wynnewood Friends Central School (PA)
Wynnewood Friends Central (PA),63,Wynnewood Friends Central School (PA)
Wyomissing (PA),900,Wyomissing (PA)
Yeadon (PA),457,Yeadon (PA)
Yeagertown (PA),273,Yeagertown (PA)
Yeagertown Derry Township (PA),266,Yeagertown Derry Township (PA)
York Catholic (PA),875,York Catholic (PA)
York Collegiate Institute (PA),31,York Collegiate Institute (PA)
York College Institute (PA),5,York Collegiate Institute (PA)
York County (PA),18,York Country Day (PA)
York Country Day (PA),1,York Country Day (PA)
York County Area Vo-Tech (PA),196,York County Area Vo-Tech (PA)
York Voc-Tech (PA),1,York County Area Vo-Tech (PA)
York County Tech (PA),222,York County Tech (PA)
York High (PA),538,York High (PA)
York Run Georges Township (PA),85,York Run Georges Township (PA)
York Run George Township (PA),1,York Run Georges Township (PA)
York Springs Bermudian Springs (PA),603,York Springs Bermudian Springs (PA)
York Springs (PA),14,York Springs Bermudian Springs (PA)
York Suburban (PA),704,York Suburban (PA)
York William Penn (PA),1125,York William Penn (PA)
Youngsville (PA),792,Youngsville (PA)
Youngwood (PA),376,Youngwood (PA)
Zelienople (PA),412,Zelienople (PA)
