Alias_Name,GameCount,Standardized_Name
Abbeville (SC),850,Abbeville (SC)
Aiken (SC),893,Aiken (SC)
Aiken Silver Bluff (SC),547,Aiken Silver Bluff (SC)
Aiken St Angela (SC),185,Aiken St. Angela (SC)
Allendale-Fairfax (SC),731,Allendale-Fairfax (SC)
Anderson (SC),170,Anderson (SC)
Anderson Cavaliers (SC),151,Anderson Cavaliers (SC)
Anderson McDuffie (SC),253,Anderson McDuffie (SC)
Anderson Anderson McDuffie (SC),244,Anderson McDuffie (SC)
Anderson T.L. Hanna (SC),692,Anderson T.L. Hanna (SC)
Anderson TL Hanna (SC),20,Anderson T.L. Hanna (SC)
Anderson Westside (SC),652,Anderson Westside (SC)
Andrews (SC),745,Andrews (SC)
Aynor (SC),714,Aynor (SC)
Bamberg Carlisle Military (SC),142,Bamberg Carlisle Military (SC)
Bamberg-Ehrhardt (SC),697,Bamberg-Ehrhardt (SC)
Barnwell (SC),804,Barnwell (SC)
Batesburg King Academy (SC),237,Batesburg King Academy (SC)
Batesburg-Leesville (SC),816,Batesburg-Leesville (SC)
Beaufort (SC),764,Beaufort (SC)
Beaufort Academy (SC),190,Beaufort Academy (SC)
Beaufort Battery Creek (SC),554,Beaufort Battery Creek (SC)
Beaufort Whale Branch (SC),175,Beaufort Whale Branch (SC)
Bells (SC),115,Bells (SC)
Bell (SC),1,Bells (SC)
Belton-Honea Path (SC),663,Belton-Honea Path (SC)
Belton-Honea (SC),2,Belton-Honea Path (SC)
Bennettsville (SC),331,Bennettsville (SC)
Bennettsville Marlboro County (SC),460,Bennettsville Marlboro County (SC)
Bethune (SC),420,Bethune (SC)
Bishopville (SC),459,Bishopville (SC)
Bishopville Lee Academy (SC),249,Bishopville Lee Academy (SC)
Bishopville Lee Central (SC),269,Bishopville Lee Central (SC)
Blacksburg (SC),721,Blacksburg (SC)
Blackville Jefferson Davis Academy (SC),224,Blackville Jefferson Davis Academy (SC)
Blackville Jefferson Davis (SC),22,Blackville Jefferson Davis Academy (SC)
Blackville-Hilda (SC),769,Blackville-Hilda (SC)
Blenheim (SC),180,Blenheim (SC)
Bluffton (SC),371,Bluffton (SC)
Bluffton Cross (SC),30,Bluffton Cross (SC)
Bluffton Cross Episcopal (SC),5,Bluffton Cross (SC)
Bluffton May River (SC),103,Bluffton May River (SC)
Bluffton McCracken (SC),132,Bluffton McCracken (SC)
Blythewood (SC),311,Blythewood (SC)
Blythewood Westwood (SC),155,Blythewood Westwood (SC)
Bowman Academy (SC),534,Bowman Academy (SC)
Branchville (SC),471,Branchville (SC)
Branchville Yellow (SC),20,Branchville (SC)
Brookland-Cayce (SC),800,Brookland-Cayce (SC)
Cades Hebron (SC),116,Cades Hebron (SC)
Cainhoy (SC),275,Cainhoy (SC)
Calhoun Falls Charter (SC),752,Calhoun Falls Charter (SC)
Camden (SC),826,Camden (SC)
Camden Jackson (SC),240,Camden Jackson (SC)
Camden Military Academy (SC),305,Camden Military Academy (SC)
Camden Military (SC),14,Camden Military Academy (SC)
Centenary Terrells Bay (SC),113,Centenary Terrells Bay (SC)
Central Daniel (SC),850,Central Daniel (SC)
Chapin (SC),746,Chapin (SC)
Charleston (SC),185,Charleston (SC)
Charleston Bishop England (SC),774,Charleston Bishop England (SC)
Charleston Burke (SC),581,Charleston Burke (SC)
Charleston CA Brown (SC),128,Charleston CA Brown (SC)
Charleston First Baptist School (SC),211,Charleston First Baptist School (SC)
Charleston First Baptist (SC),21,Charleston First Baptist School (SC)
Charleston Heights Chicora (SC),218,Charleston Heights Chicora (SC)
Charleston Heights Stall (SC),675,Charleston Heights Stall (SC)
Charleston James Island (SC),768,Charleston James Island (SC)
Charleston Northwood Academy (SC),230,Charleston Northwood Academy (SC)
Charleston Porter Gaud (SC),302,Charleston Porter Gaud (SC)
Charleston Porter Military (SC),50,Charleston Porter Military Academy (SC)
Charleston Porter Military Academy (SC),4,Charleston Porter Military Academy (SC)
Charleston Porter-Gaud (SC),235,Charleston Porter-Gaud (SC)
Charleston West Ashley (SC),285,Charleston West Ashley (SC)
Charleston-West Ashley Middleton (SC),333,Charleston-West Ashley Middleton (SC)
Charleston-West Ashley St Andrews (SC),449,Charleston-West Ashley St Andrews (SC)
Cheraw (SC),794,Cheraw (SC)
Chesnee (SC),724,Chesnee (SC)
Chester (SC),795,Chester (SC)
Chesterfield (SC),746,Chesterfield (SC)
Clinton (SC),836,Clinton (SC)
Clinton Thornwell (SC),266,Clinton Thornwell (SC)
Clio (SC),290,Clio (SC)
Clover (SC),736,Clover (SC)
Columbia (SC),843,Columbia (SC)
Columbia AC Flora (SC),739,Columbia AC Flora (SC)
Columbia A. C. Flora (SC),2,Columbia AC Flora (SC)
Columbia Ben Lippen (SC),284,Columbia Ben Lippen (SC)
Columbia CA Johnson (SC),580,Columbia CA Johnson (SC)
Columbia Cardinal Newman (SC),505,Columbia Cardinal Newman (SC)
Columbia Dentsville (SC),102,Columbia Dentsville (SC)
Columbia Dreher (SC),749,Columbia Dreher (SC)
Columbia Eau Claire (SC),717,Columbia Eau Claire (SC)
Columbia Hammond (SC),285,Columbia Hammond (SC)
Columbia Heathwood Hall Episcopal (SC),282,Columbia Heathwood Hall Episcopal (SC)
Columbia Irmo (SC),780,Columbia Irmo (SC)
Columbia Irmo Yellow (SC),22,Columbia Irmo (SC)
Columbia Keenan (SC),602,Columbia Keenan (SC)
Columbia Olympia (SC),124,Columbia Olympia (SC)
Columbia Providence Athletic (SC),23,Columbia Providence Athletic Club (SC)
Columbia Providence Athletic Club (SC),9,Columbia Providence Athletic Club (SC)
Columbia Richland Northeast (SC),565,Columbia Richland Northeast (SC)
Columbia Ridge View (SC),354,Columbia Ridge View (SC)
Columbia Spring Valley (SC),653,Columbia Spring Valley (SC)
Conway (SC),817,Conway (SC)
Conway Atlantic Collegiate (SC),17,Conway Atlantic Collegiate Academy (SC)
Conway Atlantic Collegiate Academy (SC),3,Conway Atlantic Collegiate Academy (SC)
Cope Harvest Christian (SC),10,Cope Harvest Christian Academy (SC)
Cope Harvest Christian Academy (SC),7,Cope Harvest Christian Academy (SC)
Cordova Edisto (SC),693,Cordova Edisto (SC)
Cowpens (SC),172,Cowpens (SC)
Cross (SC),732,Cross (SC)
Cross Creek Ga (SC),3,Cross Creek (GA)
Dalzell Thomas Sumter Academy (SC),222,Dalzell Thomas Sumter Academy (SC)
Dalzell Thomas Sumter (SC),18,Dalzell Thomas Sumter Academy (SC)
Darlington (SC),471,Darlington (SC)
Darlington Mayo (SC),289,Darlington Mayo (SC)
Darlington St Johns (SC),270,Darlington St Johns (SC)
Darlington Trinity-Byrnes (SC),172,Darlington Trinity-Byrnes (SC)
Denmark-Olar (SC),709,Denmark-Olar (SC)
Dentsville (SC),104,Dentsville (SC)
Dillon (SC),843,Dillon (SC)
Dillon Christian (SC),253,Dillon Christian (SC)
Dorchester Woodland (SC),301,Dorchester Woodland (SC)
Due West Dixie (SC),741,Due West Dixie (SC)
Duncan Byrnes (SC),799,Duncan Byrnes (SC)
Easley (SC),800,Easley (SC)
Ehrhardt Andrew Jackson Academy (SC),215,Ehrhardt Andrew Jackson Academy (SC)
Elliott Mount Pleasant (SC),309,Elliott Mount Pleasant (SC)
Elloree (SC),480,Elloree (SC)
Estill (SC),688,Estill (SC)
Estill Patrick Henry Academy (SC),230,Estill Patrick Henry Academy (SC)
Estill Patrick Henry (SC),19,Estill Patrick Henry Academy (SC)
Flat Creek (SC),110,Flat Creek (SC)
Florence (SC),206,Florence (SC)
Florence Christian (SC),213,Florence Christian (SC)
Florence King's Academy (SC),195,Florence King's Academy (SC)
Florence Kings Academy (SC),19,Florence King's Academy (SC)
Florence Southside (SC),129,Florence Southside (SC)
Florence Wilson (SC),611,Florence Wilson (SC)
Ford (SC),119,Ford (SC)
Fort Mill (SC),735,Fort Mill (SC)
Fort Mill Indian Land (SC),710,Fort Mill Indian Land (SC)
Fort Mill Nation Ford (SC),204,Fort Mill Nation Ford (SC)
Gaffney (SC),985,Gaffney (SC)
Georgetown (SC),493,Georgetown (SC)
Georgetown Choppee (SC),309,Georgetown Choppee (SC)
Georgetown Howard (SC),131,Georgetown Howard (SC)
Georgetown Winyah (SC),242,Georgetown Winyah (SC)
Gilbert (SC),594,Gilbert (SC)
Goose Creek (SC),670,Goose Creek (SC)
Goose Creek Stratford (SC),523,Goose Creek Stratford (SC)
Graniteville Leavelle McCampbell (SC),221,Graniteville Leavelle McCampbell (SC)
Graniteville Midland Valley (SC),500,Graniteville Midland Valley (SC)
Gray Court Hickory Tavern (SC),121,Gray Court Hickory Tavern (SC)
Great Falls (SC),756,Great Falls (SC)
Greeleyville (SC),102,Greeleyville (SC)
Greeleyville C.E. Murray (SC),526,Greeleyville C.E. Murray (SC)
Green Sea-Floyds (SC),485,Green Sea-Floyds (SC)
Greenville (SC),845,Greenville (SC)
Greenville Berea (SC),687,Greenville Berea (SC)
Greenville Carolina Academy (SC),727,Greenville Carolina Academy (SC)
Greenville Christ Church Episcopal (SC),606,Greenville Christ Church Episcopal (SC)
Greenville JL Mann (SC),703,Greenville JL Mann (SC)
Greenville Parker (SC),340,Greenville Parker (SC)
Greenville Powdersville (SC),156,Greenville Powdersville (SC)
Greenville Southside (SC),592,Greenville Southside (SC)
Greenville St. Joseph's Catholic (SC),120,Greenville St. Joseph's Catholic (SC)
Greenville Saint Joseph's Catholic (SC),39,Greenville St. Joseph's Catholic (SC)
Greenville St. Josephs (SC),19,Greenville St. Joseph's Catholic (SC)
Greenville Wade Hampton (SC),642,Greenville Wade Hampton (SC)
Greenwood (SC),939,Greenwood (SC)
Greenwood Bailey MilitaryInstitute (SC),3,Greenwood Bailey Military Institute (SC)
Greenwood Bailey Military Institute (SC),1,Greenwood Bailey Military Institute (SC)
Greenwood Christian (SC),165,Greenwood Christian (SC)
Greenwood Emerald (SC),345,Greenwood Emerald (SC)
Greer (SC),836,Greer (SC)
Greer Blue Ridge (SC),726,Greer Blue Ridge (SC)
Greer Riverside (SC),580,Greer Riverside (SC)
Hampton (SC),484,Hampton (SC)
Hanahan (SC),770,Hanahan (SC)
Hannah-Pamplico (SC),658,Hannah-Pamplico (SC)
Hardeeville (SC),120,Hardeeville (SC)
Harleyville Ridgeville (SC),425,Harleyville Ridgeville (SC)
Hartsville (SC),1063,Hartsville (SC)
Hemingway (SC),717,Hemingway (SC)
Hemingway Carvers Bay (SC),310,Hemingway Carvers Bay (SC)
Hemingway Pleasant Hill (SC),267,Hemingway Pleasant Hill (SC)
Hickory Tavern (SC),123,Hickory Tavern (SC)
Hillcrest Dalzell (SC),390,Hillcrest Dalzell (SC)
Hilton Head (SC),449,Hilton Head (SC)
Hilton Head Christian Academy (SC),246,Hilton Head Christian Academy (SC)
Hilton Head Island Prep (SC),240,Hilton Head Island Prep (SC)
Holly Hill (SC),231,Holly Hill (SC)
Holly Hill Academy (SC),225,Holly Hill Academy (SC)
Holly Hill Roberts (SC),374,Holly Hill Roberts (SC)
Hollywood Baptist Hill (SC),574,Hollywood Baptist Hill (SC)
Hopkins Lower Richland (SC),760,Hopkins Lower Richland (SC)
Hopkins Lower Richmond (SC),2,Hopkins Lower Richland (SC)
Huger Butler (SC),119,Huger Butler (SC)
Inman Chapman (SC),758,Inman Chapman (SC)
Irmo Dutch Fork (SC),428,Irmo Dutch Fork (SC)
Iva Crescent (SC),732,Iva Crescent (SC)
James Island Fort Johnson (SC),146,James Island Fort Johnson (SC)
John's Island Charleston Collegiate (SC),151,John's Island Charleston Collegiate (SC)
John's Island St. John's (SC),728,John's Island St. John's (SC)
John's Island Saint John's (SC),30,John's Island St. John's (SC)
Johns Island St. Johns (SC),18,John's Island St. John's (SC)
Johnsonville (SC),733,Johnsonville (SC)
Johnston Strom Thurmond (SC),782,Johnston Strom Thurmond (SC)
Johnston Wardlaw Academy (SC),243,Johnston Wardlaw Academy (SC)
Jonesville (SC),561,Jonesville (SC)
Kershaw (SC),137,Kershaw (SC)
Kershaw Andrew Jackson (SC),637,Kershaw Andrew Jackson (SC)
Kershaw Mount Pisgah (SC),187,Kershaw Mount Pisgah (SC)
Kershaw North Central (SC),497,Kershaw North Central (SC)
Kingstree (SC),716,Kingstree (SC)
Kingstree Williamsburg Academy (SC),239,Kingstree Williamsburg Academy (SC)
Lake City (SC),734,Lake City (SC)
Lake City Carolina Academy (SC),231,Lake City Carolina Academy (SC)
Lake View (SC),831,Lake View (SC)
Lamar (SC),774,Lamar (SC)
Lamar Spaulding (SC),122,Lamar Spaulding (SC)
Lancaster (SC),793,Lancaster (SC)
Lancaster Buford (SC),748,Lancaster Buford (SC)
Landrum (SC),721,Landrum (SC)
Langley Bath Clearwater (SC),207,Langley Bath Clearwater (SC)
Langley Midland Valley (SC),264,Langley Midland Valley (SC)
Latta (SC),708,Latta (SC)
Laurens (SC),793,Laurens (SC)
Laurens Academy (SC),230,Laurens Academy (SC)
Lexington (SC),825,Lexington (SC)
Lexington Northside Christian Academy (SC),59,Lexington Northside Christian Academy (SC)
Lexington Northside Christian (SC),21,Lexington Northside Christian Academy (SC)
Lexington River Bluff (SC),132,Lexington River Bluff (SC)
Lexington White Knoll (SC),293,Lexington White Knoll (SC)
Liberty (SC),729,Liberty (SC)
Lockhart (SC),402,Lockhart (SC)
Loris (SC),733,Loris (SC)
Lugoff-Elgin (SC),585,Lugoff-Elgin (SC)
Manning (SC),758,Manning (SC)
Manning Laurence Manning Academy (SC),238,Manning Laurence Manning Academy (SC)
Manning Laurence Manning (SC),19,Manning Laurence Manning Academy (SC)
Marion (SC),724,Marion (SC)
Marion Creek Bridge (SC),171,Marion Creek Bridge (SC)
Mauldin (SC),597,Mauldin (SC)
McBee (SC),689,McBee (SC)
McClellanville Lincoln (SC),485,McClellanville Lincoln (SC)
McColl (SC),313,McColl (SC)
McCormick (SC),780,McCormick (SC)
Moncks Corner Berkeley (SC),977,Moncks Corner Berkeley (SC)
Moncks Corner Macedonia (SC),411,Moncks Corner Macedonia (SC)
Moncks Corner St. John's Christian Academy (SC),197,Moncks Corner St. John's Christian Academy (SC)
Moncks Corner Saint John's Christian Academy (SC),42,Moncks Corner St. John's Christian Academy (SC)
Moncks Corner St. Johns (SC),18,Moncks Corner St. John's Christian Academy (SC)
Moultrie (SC),124,Moultrie (SC)
Mount Pleasant Moultrie (SC),141,Mount Pleasant Moultrie (SC)
Mount Pleasant Wando (SC),594,Mount Pleasant Wando (SC)
Mt. Pleasant Oceanside Collegiate Academy (SC),73,Mt. Pleasant Oceanside Collegiate Academy (SC)
Mt. Pleasant Oceanside Academy (SC),7,Mt. Pleasant Oceanside Collegiate Academy (SC)
Mt. Pleasant Palmetto Christian Academy (SC),166,Mt. Pleasant Palmetto Christian Academy (SC)
Mullins (SC),753,Mullins (SC)
Mullins Pee Dee Academy (SC),212,Mullins Pee Dee Academy (SC)
Mullins Pee Dee (SC),19,Mullins Pee Dee Academy (SC)
Murrells Inlet St. James (SC),189,Murrells Inlet St. James (SC)
Murrells Inlet Saint James (SC),49,Murrells Inlet St. James (SC)
Myrtle Beach (SC),828,Myrtle Beach (SC)
Myrtle Beach Carolina Forest (SC),311,Myrtle Beach Carolina Forest (SC)
Myrtle Beach Socastee (SC),661,Myrtle Beach Socastee (SC)
Neismith Battery Park (SC),107,Neismith Battery Park (SC)
Newberry (SC),777,Newberry (SC)
Ninety Six (SC),759,Ninety Six (SC)
North (SC),635,North (SC)
North Augusta (SC),962,North Augusta (SC)
North Augusta Fox Creek (SC),206,North Augusta Fox Creek (SC)
North Charleston (SC),721,North Charleston (SC)
North Charleston Academic Magnet (SC),273,North Charleston Academic Magnet (SC)
North Charleston Bonds Wilson (SC),153,North Charleston Bonds Wilson (SC)
North Charleston Cathedral Academy (SC),172,North Charleston Cathedral Academy (SC)
North Charleston Cooper River (SC),11,North Charleston Cooper River (SC)
Cooper River (SC),10,North Charleston Cooper River (SC)
North Charleston Fort Dorchester (SC),394,North Charleston Fort Dorchester (SC)
North Charleston Garrett Academy Tech (SC),577,North Charleston Garrett Academy Tech (SC)
North Charleston Garrett Academy (SC),1,North Charleston Garrett Academy Tech (SC)
North Charleston Military Magnet Academy (SC),205,North Charleston Military Magnet Academy (SC)
North Myrtle Beach Little River (SC),589,North Myrtle Beach Little River (SC)
Norway (SC),108,Norway (SC)
Norway Hunter Kinard Tyler (SC),590,Norway Hunter Kinard Tyler (SC)
Oakway (SC),104,Oakway (SC)
Olympia (SC),104,Olympia (SC)
Orangeburg (SC),169,Orangeburg (SC)
Orangeburg Bethune-Bowman (SC),187,Orangeburg Bethune-Bowman (SC)
Orangeburg Bethune Bowman (SC),20,Orangeburg Bethune-Bowman (SC)
Orangeburg Christian (SC),11,Orangeburg Christian Academy (SC)
Orangeburg Christian Academy (SC),10,Orangeburg Christian Academy (SC)
Orangeburg Prep (SC),252,Orangeburg Prep (SC)
Orangeburg-Wilkinson (SC),646,Orangeburg-Wilkinson (SC)
Orangeburg Wilkinson J V (SC),1,Orangeburg-Wilkinson JV (SC)
Orangeburg Wilkinson JV (SC),1,Orangeburg-Wilkinson JV (SC)
Pacolet (SC),178,Pacolet (SC)
Pageland (SC),163,Pageland (SC)
Pageland Central (SC),773,Pageland Central (SC)
Pageland J V (SC),6,Pageland JV (SC)
Pageland JV (SC),1,Pageland JV (SC)
Pawley's Island Waccamaw (SC),368,Pawley's Island Waccamaw (SC)
Pelion (SC),476,Pelion (SC)
Pendleton (SC),751,Pendleton (SC)
Pickens (SC),744,Pickens (SC)
Pickens Carolina Wildcats (SC),106,Pickens Carolina Wildcats (SC)
Piedmont Woodmont (SC),648,Piedmont Woodmont (SC)
Piedmont Wren (SC),766,Piedmont Wren (SC)
Prosperity Mid-Carolina (SC),730,Prosperity Mid-Carolina (SC)
Richburg Lewisville (SC),789,Richburg Lewisville (SC)
Richmond Academy Ga (SC),4,Richmond Academy (GA)
Ridge Spring-Monetta (SC),714,Ridge Spring-Monetta (SC)
Ridgeland (SC),366,Ridgeland (SC)
Ridgeland Jasper County (SC),228,Ridgeland Jasper County (SC)
Ridgeland John Paul II (SC),95,Ridgeland John Paul II (SC)
Ridgeland John Paul (SC),19,Ridgeland John Paul II (SC)
Ridgeland Thomas Heyward Academy (SC),232,Ridgeland Thomas Heyward Academy (SC)
Ridgeland Thomas Heyward (SC),19,Ridgeland Thomas Heyward Academy (SC)
Ridgeland-Hardeeville (SC),121,Ridgeland-Hardeeville (SC)
Rock Hill (SC),848,Rock Hill (SC)
Rock Hill Northwestern (SC),683,Rock Hill Northwestern (SC)
Rock Hill South Pointe (SC),256,Rock Hill South Pointe (SC)
Rock Hill Winthrop Training (SC),50,Rock Hill Winthrop Training School (SC)
Rock Hill Winthrop Training School (SC),10,Rock Hill Winthrop Training School (SC)
Roebuck Dorman (SC),768,Roebuck Dorman (SC)
Ruffin (SC),312,Ruffin (SC)
St George (SC),408,Saint George (SC)
St. Matthews (SC),254,Saint Matthews (SC)
St. Matthews Calhoun Academy (SC),205,Saint Matthews Calhoun Academy (SC)
Saint Matthews Calhoun Academy (SC),56,Saint Matthews Calhoun Academy (SC)
Saint Matthews Calhoun County (SC),55,Saint Matthews Calhoun Academy (SC)
St. Matthews Calhoun County (SC),451,Saint Matthews Calhoun County (SC)
St. Matthews Ford (SC),120,Saint Matthews Ford (SC)
Saint Stephen Timberland (SC),357,Saint Stephen Timberland (SC)
Saluda (SC),741,Saluda (SC)
Santee Lake Marion (SC),224,Santee Lake Marion (SC)
Savannah Arnold Ga (SC),1,Savannah Arnold (GA)
Seneca (SC),779,Seneca (SC)
Simpsonville Hillcrest (SC),777,Simpsonville Hillcrest (SC)
Simpsonville Southside Christian (SC),222,Simpsonville Southside Christian (SC)
Slater Marietta (SC),169,Slater Marietta (SC)
South Aiken (SC),538,South Aiken (SC)
South Carolina School for the Deaf & Blind (SC),230,South Carolina School for the Deaf & Blind (SC)
South Florence (SC),581,South Florence (SC)
Spartanburg (SC),980,Spartanburg (SC)
Spartanburg Boiling Springs (SC),741,Spartanburg Boiling Springs (SC)
Spartanburg Broome (SC),564,Spartanburg Broome (SC)
Spartanburg Christian Academy (SC),135,Spartanburg Christian Academy (SC)
Spartanburg South Carolina School for the Deaf (SC),181,Spartanburg South Carolina School for the Deaf (SC)
St Stephen (SC),396,Saint Stephen (SC)
St. George Dorchester Academy (SC),204,Saint George Dorchester Academy (SC)
Stephens County Ga (SC),1,Stephens County (GA)
Summerton Clarendon Hall (SC),233,Summerton Clarendon Hall (SC)
Summerton Scott's Branch (SC),594,Summerton Scott's Branch (SC)
Summerville (SC),858,Summerville (SC)
Summerville Ashley Ridge (SC),198,Summerville Ashley Ridge (SC)
Summerville Cane Bay (SC),199,Summerville Cane Bay (SC)
Summerville Faith Christian (SC),137,Summerville Faith Christian (SC)
Summerville Pinewood Prep (SC),239,Summerville Pinewood Prep (SC)
Sumter (SC),848,Sumter (SC)
Sumter Crestwood (SC),332,Sumter Crestwood (SC)
Sumter Furman (SC),379,Sumter Furman (SC)
Sumter Lakewood (SC),306,Sumter Lakewood (SC)
Sumter Mayewood (SC),375,Sumter Mayewood (SC)
Sumter Wilson Hall (SC),257,Sumter Wilson Hall (SC)
Swansea (SC),765,Swansea (SC)
Taylors Eastside (SC),633,Taylors Eastside (SC)
Timmonsville (SC),732,Timmonsville (SC)
Travelers Rest (SC),719,Travelers Rest (SC)
Travelres Rest (SC),1,Travelers Rest (SC)
Turbeville East Clarendon (SC),732,Turbeville East Clarendon (SC)
Union County (SC),859,Union County (SC)
Virginia Beach VA (SC),1,Virginia Beach (VA)
Wade Hampton (SC),693,Wade Hampton (SC)
Wagener Salley (SC),497,Wagener-Salley (SC)
Wagener-Salley (SC),223,Wagener-Salley (SC)
Walhalla (SC),736,Walhalla (SC)
Wallace (SC),218,Wallace (SC)
Walterboro (SC),517,Walterboro (SC)
Walterboro Colleton County (SC),257,Walterboro Colleton County (SC)
Walterboro Colleton Prep Academy (SC),258,Walterboro Colleton Prep Academy (SC)
Ware Shoals (SC),760,Ware Shoals (SC)
West Columbia Airport (SC),711,West Columbia Airport (SC)
West Columbia Gray Collegiate Academy (SC),106,West Columbia Gray Collegiate Academy (SC)
West Columbia Gray Collegiate (SC),18,West Columbia Gray Collegiate Academy (SC)
West Florence (SC),604,West Florence (SC)
West Hardeeville (SC),154,West Hardeeville (SC)
Westminster (SC),257,Westminster (SC)
Westminster West-Oak (SC),462,Westminster West-Oak (SC)
Whitmire (SC),740,Whitmire (SC)
Williamsburg Blakely (SC),273,Williamsburg Blakely (SC)
Williamston Palmetto (SC),738,Williamston Palmetto (SC)
Williston-Elko (SC),770,Williston-Elko (SC)
Winnsboro (SC),305,Winnsboro (SC)
Winnsboro Fairfield Central (SC),485,Winnsboro Fairfield Central (SC)
Winnsboro Fairfield (SC),10,Winnsboro Fairfield Central (SC)
Winnsboro Richard Winn Academy (SC),216,Winnsboro Richard Winn Academy (SC)
Winnsboro Richard Winn (SC),19,Winnsboro Richard Winn Academy (SC)
Woodruff (SC),836,Woodruff (SC)
Yonges Island Baptist Hill (SC),333,Yonges Island Baptist Hill (SC)
Yonges Island St Pauls (SC),105,Yonges Island St. Pauls (SC)
Yonges Island St. Paul's (SC),2,Yonges Island St. Pauls (SC)
York Comprehensive (SC),764,York Comprehensive (SC)
