Alias_Name,GameCount,Standardized_Name
Aberdeen Central (SD),834,Aberdeen Central (SD)
Aberdeen Roncalli (SD),426,Aberdeen Roncalli (SD)
Agency Village Tiospa Zina (SD),235,Agency Village Tiospa Zina (SD)
Alcester-Hudson (SD),338,Alcester-Hudson (SD)
Alexandria Hanson (SD),472,Alexandria Hanson (SD)
Alpena-Woonsocket (SD),170,Alpena-Woonsocket (SD)
Andes Central (SD),155,Andes Central (SD)
Arlington (SD),373,Arlington (SD)
Armour (SD),239,Armour (SD)
Avon (SD),477,Avon (SD)
Baltic (SD),411,Baltic (SD)
Belle Fourche (SD),532,Belle Fourche (SD)
Beresford (SD),455,Beresford (SD)
Bison (SD),298,Bison (SD)
Bonesteel-Fairfax (SD),231,Bonesteel-Fairfax (SD)
Box Elder Douglas (SD),339,Box Elder Douglas (SD)
Brandon Valley (SD),576,Brandon Valley (SD)
Bridgewater (SD),186,Bridgewater (SD)
Bridgewater-Emery-Ethan (SD),151,Bridgewater-Emery-Ethan (SD)
Britton (SD),235,Britton (SD)
Britton-Hecla (SD),195,Britton-Hecla (SD)
Brookings (SD),772,Brookings (SD)
Buffalo Harding County (SD),359,Buffalo Harding County (SD)
Burke (SD),290,Burke (SD)
Campbell County co-op [Herreid-Pollock] (SD),173,Campbell County co-op [Herreid-Pollock] (SD)
Canistota-Bridgewater (SD),186,Canistota-Bridgewater (SD)
Canton (SD),467,Canton (SD)
Canton AugustanaAcademy (SD),9,Canton Augustana Academy (SD)
Canton Augustana Academy (SD),1,Canton Augustana Academy (SD)
Castlewood (SD),470,Castlewood (SD)
Centerville (SD),422,Centerville (SD)
Chamberlain (SD),453,Chamberlain (SD)
Chester (SD),511,Chester (SD)
Cheyenne-Eagle Butte (SD),349,Cheyenne-Eagle Butte (SD)
Eagle Butte Cheyenne Eagle (SD),17,Cheyenne-Eagle Butte (SD)
Cheyenne Eagle Butte (SD),1,Cheyenne-Eagle Butte (SD)
Clark (SD),278,Clark (SD)
Clark-Willow Lake (SD),133,Clark-Willow Lake (SD)
Clark Willow (SD),19,Clark-Willow Lake (SD)
Clear Lake Deuel (SD),343,Clear Lake Deuel (SD)
Colman-Egan (SD),323,Colman-Egan (SD)
Colman Egan (SD),18,Colman-Egan (SD)
Colome (SD),460,Colome (SD)
Colton Tri-Valley (SD),355,Colton Tri-Valley (SD)
Colton Tri Valley (SD),192,Colton Tri-Valley (SD)
Corsica (SD),298,Corsica (SD)
Corsica-Stickney (SD),149,Corsica-Stickney (SD)
Corsica St. ickney (SD),18,Corsica-Stickney (SD)
Custer (SD),439,Custer (SD)
De Smet (SD),363,De Smet (SD)
Dell Rapids (SD),498,Dell Rapids (SD)
Dell Rapids Saint Mary (SD),308,Dell Rapids St. Mary's (SD)
Dell Rapids-Saint Mary (SD),37,Dell Rapids St. Mary's (SD)
Dell Rapids St. Mary's (SD),1,Dell Rapids St. Mary's (SD)
Doland-Conde (SD),258,Doland-Conde (SD)
Douglas Air Force Base (SD),2,Douglas Ellsworth Air Force Base (SD)
Douglas EllsworthAir Force Base (SD),2,Douglas Ellsworth Air Force Base (SD)
Ellsworth AFB (SD),1,Douglas Ellsworth Air Force Base (SD)
Dupree (SD),282,Dupree (SD)
Edgemont (SD),366,Edgemont (SD)
Elder Douglas (SD),167,Elder Douglas (SD)
Elk Point (SD),180,Elk Point (SD)
Elk Point-Jefferson (SD),263,Elk Point-Jefferson (SD)
Elkton (SD),276,Elkton (SD)
Elkton-Lake Benton MN (SD),149,Elkton-Lake Benton (MN)
Emery-Ethan (SD),174,Emery-Ethan (SD)
Estelline (SD),376,Estelline (SD)
Eureka-Bowdle (SD),239,Eureka-Bowdle (SD)
Faith (SD),379,Faith (SD)
Faulkton (SD),418,Faulkton (SD)
Flandreau (SD),480,Flandreau (SD)
Flandreau Indian (SD),73,Flandreau Indian (SD)
Flandreau Indian School (SD),3,Flandreau Indian (SD)
Florence-Henry (SD),377,Florence-Henry (SD)
Florence Henry (SD),18,Florence-Henry (SD)
Fort Pierre Stanley County (SD),458,Fort Pierre Stanley County (SD)
Frederick-Hecla (SD),179,Frederick-Hecla (SD)
Freeman (SD),349,Freeman (SD)
Freeman Marion Academy (SD),20,Freeman-Marion-Freeman Academy (SD)
Freeman-Marion-Freeman Academy (SD),8,Freeman-Marion-Freeman Academy (SD)
FMFA (CO-OP) (SD),7,Freeman-Marion-Freeman Academy (SD)
Garretson (SD),452,Garretson (SD)
Gayville-Volin (SD),224,Gayville-Volin (SD)
Gayville Volin (SD),18,Gayville-Volin (SD)
Geddes (SD),150,Geddes (SD)
Gettysburg (SD),353,Gettysburg (SD)
Gregory (SD),523,Gregory (SD)
Groton (SD),410,Groton (SD)
Hamlin (SD),179,Hamlin (SD)
Harrisburg (SD),526,Harrisburg (SD)
Hartford West Central (SD),552,Hartford West Central (SD)
Hayti Hamlin (SD),306,Hayti Hamlin (SD)
Herreid-Selby (SD),152,Herreid-Selby (SD)
Herreid Selby (SD),17,Herreid-Selby (SD)
Highmore-Harrold (SD),269,Highmore-Harrold (SD)
Highmore-Howard (SD),1,Highmore-Harrold (SD)
Hill City (SD),388,Hill City (SD)
Hitchcock-Tulare (SD),442,Hitchcock-Tulare (SD)
Hot Springs (SD),445,Hot Springs (SD)
Hoven (SD),185,Hoven (SD)
Howard (SD),468,Howard (SD)
Huron (SD),647,Huron (SD)
Ipswich (SD),359,Ipswich (SD)
Irene (SD),228,Irene (SD)
Irene-Wakonda (SD),191,Irene-Wakonda (SD)
Irene Wakonda (SD),18,Irene-Wakonda (SD)
Iroquois (SD),249,Iroquois (SD)
Kadoka Area (SD),266,Kadoka Area (SD)
Kadoka (SD),171,Kadoka Area (SD)
Kimball (SD),208,Kimball (SD)
Kimball-White Lake (SD),130,Kimball-White Lake (SD)
Kimball White (SD),18,Kimball-White Lake (SD)
Kyle Little Wound (SD),273,Kyle Little Wound (SD)
Lake Andes Central (SD),232,Lake Andes Central (SD)
Lake Preston (SD),311,Lake Preston (SD)
Langford (SD),346,Langford (SD)
Lead (SD),297,Lead (SD)
Lead-Deadwood (SD),189,Lead-Deadwood (SD)
Lead Deadwood (SD),16,Lead-Deadwood (SD)
Lemmon (SD),255,Lemmon (SD)
Lemmon-McIntosh (SD),192,Lemmon-McIntosh (SD)
Lemmon Mcintosh (SD),16,Lemmon-McIntosh (SD)
Lennox (SD),446,Lennox (SD)
Leola-Edmunds Central (SD),70,Leola-Edmunds Central (SD)
Leola-Edmunds (SD),2,Leola-Edmunds Central (SD)
Leola-Frederick (SD),152,Leola-Frederick (SD)
Leola Frederick (SD),90,Leola-Frederick (SD)
Lower Brule (SD),363,Lower Brule (SD)
Lyman County Lower Brule (SD),1,Lower Brule (SD)
Madison (SD),558,Madison (SD)
Marion (SD),266,Marion (SD)
Martin Bennett County (SD),375,Martin Bennett County (SD)
Marty Indian (SD),201,Marty Indian (SD)
Marty Indian School (SD),3,Marty Indian (SD)
McIntosh (SD),163,McIntosh (SD)
McLaughlin (SD),326,McLaughlin (SD)
Mellette Northwestern Area (SD),306,Mellette Northwestern Area (SD)
Mellette Northwestern (SD),174,Mellette Northwestern Area (SD)
Menno (SD),287,Menno (SD)
Menno Scotland Menno (SD),17,Menno-Scotland (SD)
Menno-Scotland (SD),14,Menno-Scotland (SD)
Milbank (SD),482,Milbank (SD)
Miller (SD),353,Miller (SD)
Miller Sunshine Bible Academy (SD),249,Miller Sunshine Bible Academy (SD)
Miller Sunshine Bible (SD),17,Miller Sunshine Bible Academy (SD)
Mission Todd County (SD),347,Mission Todd County (SD)
Mitchell (SD),692,Mitchell (SD)
Mobridge (SD),321,Mobridge (SD)
Mobridge Northwestern Lutheran Academy (SD),17,Mobridge Northwestern Lutheran Academy (SD)
Mobridge Northwestern Lutheran (SD),1,Mobridge Northwestern Lutheran Academy (SD)
Mobridge-Pollock (SD),147,Mobridge-Pollock (SD)
Mobridge Pollock (SD),18,Mobridge-Pollock (SD)
Montrose (SD),169,Montrose (SD)
Mount Vernon (SD),107,Mount Vernon (SD)
Mt. Vernon (SD),35,Mount Vernon (SD)
Mt. Vernon-Plankinton (SD),99,Mount Vernon-Plankinton (SD)
Mount Vernon-Plankinton (SD),14,Mount Vernon-Plankinton (SD)
Murdo Jones County (SD),125,Murdo Jones County (SD)
Murdo (SD),1,Murdo Jones County (SD)
Murdo Jones County-Midland (SD),265,Murdo Jones County-Midland (SD)
New Underwood (SD),376,New Underwood (SD)
Newell (SD),403,Newell (SD)
North Sioux City Dakota Valley (SD),286,North Sioux City Dakota Valley (SD)
Oelrichs (SD),156,Oelrichs (SD)
Oelrich (SD),1,Oelrichs (SD)
Oldham-Ramona-Rutland (SD),270,Oldham-Ramona-Rutland (SD)
Onida Sully Buttes (SD),470,Onida Sully Buttes (SD)
Parker (SD),393,Parker (SD)
Parkston (SD),447,Parkston (SD)
Philip (SD),413,Philip (SD)
Pierre Riggs (SD),416,Pierre T.F. Riggs (SD)
Pierre T.F. Riggs (SD),204,Pierre T.F. Riggs (SD)
Pine Ridge (SD),303,Pine Ridge (SD)
Pine Ridge Red Cloud (SD),305,Pine Ridge Red Cloud (SD)
Plankinton-White Lake (SD),294,Plankinton-White Lake (SD)
Plankinton-Wall Lake (SD),1,Plankinton-White Lake (SD)
Platte (SD),252,Platte (SD)
Platte-Geddes (SD),86,Platte-Geddes (SD)
Platte Geddes (SD),18,Platte-Geddes (SD)
Presho Lyman (SD),333,Presho Lyman (SD)
Presho Lyman County (SD),2,Presho Lyman (SD)
Ramona Oldham Ramona (SD),18,Ramona-Oldham (SD)
Ramona-Oldham (SD),1,Ramona-Oldham (SD)
Ramona-Rutland (SD),164,Ramona-Rutland (SD)
Rutland-Ramona (SD),3,Ramona-Rutland (SD)
Rapid City Central (SD),789,Rapid City Central (SD)
Rapid City Christian (SD),196,Rapid City Christian (SD)
Rapid City More (SD),288,Rapid City More (SD)
Rapid City St.Martin'sAcademy (SD),5,Rapid City St.Martin's Academy (SD)
St. Martins (SD),1,Rapid City St.Martin's Academy (SD)
St. Martin's (SD),1,Rapid City St.Martin's Academy (SD)
Rapid City Stevens (SD),536,Rapid City Stevens (SD)
Redfield-Doland (SD),315,Redfield-Doland (SD)
Revillo Grant-Deuel (SD),318,Revillo Grant-Deuel (SD)
Ridgeview Tiospaye Topa (SD),17,Ridgeview Tiospaye Topa (SD)
RidgeviewTiospaye Topa (SD),4,Ridgeview Tiospaye Topa (SD)
Rosholt Tri-State co-op [Rosholt-Fairmount-Campbell-Tintah] (SD),18,Rosholt Tri-State co-op [Rosholt-Fairmount-Campbell-Tintah] (SD)
Rosholt Tri St. ate (SD),8,Rosholt Tri-State co-op [Rosholt-Fairmount-Campbell-Tintah] (SD)
Roslyn (SD),181,Roslyn (SD)
St.FrancisIndian (SD),139,Saint Francis Indian (SD)
Saint Francis Indian (SD),108,Saint Francis Indian (SD)
St. Francis Indian (SD),50,Saint Francis Indian (SD)
Saint Francis Indian School (SD),2,Saint Francis Indian (SD)
Salem McCook Central (SD),183,Salem McCook Central (SD)
Scotland (SD),381,Scotland (SD)
Selby (SD),197,Selby (SD)
Sioux Falls Lincoln (SD),564,Sioux Falls Lincoln (SD)
Sioux Falls O'Gorman (SD),541,Sioux Falls O'Gorman (SD)
Sioux Falls Ogorman (SD),18,Sioux Falls O'Gorman (SD)
Sioux Falls Roosevelt (SD),345,Sioux Falls Roosevelt (SD)
Sioux Falls St. Joseph's Cathedral (SD),48,Sioux Falls St. Joseph's Cathedral (SD)
Sioux Falls St. Joseph Cathedral (SD),1,Sioux Falls St. Joseph's Cathedral (SD)
Sioux Falls Washington (SD),864,Sioux Falls Washington (SD)
Sioux Falls Wasington (SD),11,Sioux Falls Washington (SD)
Sioux Washington (SD),1,Sioux Falls Washington (SD)
Sisseton (SD),476,Sisseton (SD)
Spearfish (SD),532,Spearfish (SD)
Stephan Crow Creek (SD),240,Stephan Crow Creek (SD)
Stickney-Mt. Vernon (SD),175,Stickney-Mount Vernon (SD)
Mount Vernon-Stickney (SD),42,Stickney-Mount Vernon (SD)
Sturgis (SD),356,Sturgis (SD)
Sturgis Brown (SD),211,Sturgis Brown (SD)
Tea (SD),221,Tea (SD)
Timber Lake (SD),208,Timber Lake (SD)
Timber Lake-Isabel (SD),237,Timber Lake-Isabel (SD)
Tripp-Delmont (SD),276,Tripp-Delmont (SD)
Tripp Delmont (SD),19,Tripp-Delmont (SD)
Tyndall Bon Homme (SD),419,Tyndall Bon Homme (SD)
Vermillion (SD),568,Vermillion (SD)
Viborg (SD),201,Viborg (SD)
Viborg-Hurley (SD),212,Viborg-Hurley (SD)
Viborg Hurley (SD),19,Viborg-Hurley (SD)
Viborg-Huron (SD),2,Viborg-Hurley (SD)
Volga Sioux Valley (SD),334,Volga Sioux Valley (SD)
Wagner (SD),435,Wagner (SD)
Wall (SD),419,Wall (SD)
Wanblee Crazy Horse (SD),153,Wanblee Crazy Horse (SD)
Crazy Horse (SD),2,Wanblee Crazy Horse (SD)
Warner (SD),460,Warner (SD)
Watertown (SD),751,Watertown (SD)
Watertown Great Plains Lutheran (SD),164,Watertown Great Plains Lutheran (SD)
Watertown Great Plains (SD),18,Watertown Great Plains Lutheran (SD)
Waubay-Summit (SD),266,Waubay-Summit (SD)
Waubay Summit (SD),45,Waubay-Summit (SD)
Waverly-South Shore (SD),345,Waverly-South Shore (SD)
Waverly South (SD),16,Waverly-South Shore (SD)
Webster (SD),453,Webster (SD)
Wessington Springs (SD),255,Wessington Springs (SD)
White Deubrook (SD),436,White Deubrook (SD)
White River (SD),312,White River (SD)
Willow Lake (SD),187,Willow Lake (SD)
Wilmot (SD),304,Wilmot (SD)
Winner (SD),649,Winner (SD)
Wolsey-Wessington (SD),320,Wolsey-Wessington (SD)
Wolsey Wessington (SD),20,Wolsey-Wessington (SD)
Woonsocket (SD),174,Woonsocket (SD)
Woonsocket Wessington (SD),18,Woonsocket-Wessington Springs (SD)
Woonsocket-Wessington Springs-Sanborn Central (SD),130,Woonsocket-Wessington Springs-Sanborn Central (SD)
Woonsocke-Wessington Springs-Sanborn Central (SD),4,Woonsocket-Wessington Springs-Sanborn Central (SD)
Yankton (SD),744,Yankton (SD)
Estelline-Hendricks (SD),3,Estelline-Hendricks (SD)
Eureka North Central (SD),5,Eureka North Central (SD)
Harding County-Bison (SD),7,Harding County-Bison (SD)
