Alias_Name,GameCount,Standardized_Name
Adamsville (TN),588,Adamsville (TN)
Afton Chuckey Doak (TN),17,Afton Chuckey-Doak (TN)
Afton Chuckey-Doak (TN),512,Afton Chuckey-Doak (TN)
Alamo Crockett County (TN),496,Alamo Crockett County (TN)
Alcoa (TN),851,Alcoa (TN)
Antioch (TN),798,Antioch (TN)
Antioch Ezell Harding (TN),18,Antioch Ezell-Harding Christian (TN)
Antioch Ezell-Harding Christian (TN),522,Antioch Ezell-Harding Christian (TN)
Antioch Lighthouse Christian (TN),215,Antioch Lighthouse Christian (TN)
Arlington (TN),214,Arlington (TN)
Arlington Bolton (TN),390,Arlington Bolton (TN)
Ashland City (TN),32,Ashland City Cheatham County Central (TN)
Ashland City Cheatham County Central (TN),589,Ashland City Cheatham County Central (TN)
Athens McMinn County (TN),659,Athens McMinn County (TN)
Atwood West Carroll (TN),409,Atwood West Carroll (TN)
Bartlett (TN),509,Bartlett (TN)
Baxter Upperman (TN),463,Baxter Upperman (TN)
Bell Buckle The Webb (TN),11,Bell Buckle The Webb School (TN)
Bell Buckle The Webb School (TN),134,Bell Buckle The Webb School (TN)
Bellevue (TN),175,Bellevue (TN)
Benton Polk County (TN),673,Benton Polk County (TN)
Blountville Sullivan Central (TN),557,Blountville Sullivan Central (TN)
Blountville Tri Cities (TN),16,Blountville Tri-Cities Christian (TN)
Blountville Tri-Cities Christian (TN),17,Blountville Tri-Cities Christian (TN)
Bluff City Sullivan East (TN),591,Bluff City Sullivan East (TN)
Bolivar Central (TN),497,Bolivar Central (TN)
Brentwood (TN),532,Brentwood (TN)
Brentwood Academy (TN),692,Brentwood Academy (TN)
Brentwood Ravenwood (TN),280,Brentwood Ravenwood (TN)
Brighton (TN),327,Brighton (TN)
Bristol Tennessee (TN),867,Bristol Tennessee (TN)
Brownsville Haywood (TN),1108,Brownsville Haywood (TN)
Bruceton (TN),42,Bruceton Central (TN)
H.R. Bruceton (TN),1,Bruceton Central (TN)
Byrdstown Pickett County (TN),161,Byrdstown Pickett County (TN)
Camden Central (TN),629,Camden Central (TN)
Carthage Smith County (TN),566,Carthage Smith County (TN)
Cedar Hill Jo Byrns (TN),611,Cedar Hill Jo Byrns (TN)
Celina (TN),153,Celina (TN)
Celina Clay County (TN),454,Celina Clay County (TN)
Centerville Hickman County (TN),540,Centerville Hickman County (TN)
Chapel Hill Forrest (TN),458,Chapel Hill Forrest (TN)
Charleston (TN),376,Charleston (TN)
Charlotte Creek Wood (TN),244,Charlotte Creek Wood (TN)
Chattanooga Baylor (TN),1278,Chattanooga Baylor (TN)
Chattanooga Baylor Military Academy (TN),1,Chattanooga Baylor Military Academy (TN)
Chattanooga Baylor Military Institute (TN),1,Chattanooga Baylor Military Academy (TN)
Chattanooga Boyd-Buchanan (TN),458,Chattanooga Boyd-Buchanan (TN)
Chattanooga Brainerd (TN),473,Chattanooga Brainerd (TN)
David Brainerd (TN),1,Chattanooga Brainerd (TN)
ChattanoogaCentral (TN),4,Chattanooga Central (TN)
Chattanooga Christian (TN),176,Chattanooga Christian (TN)
Chattanooga City (TN),280,Chattanooga City (TN)
Chattanooga East Ridge (TN),486,Chattanooga East Ridge (TN)
Chattanooga Grace Baptist Academy (TN),221,Chattanooga Grace Baptist Academy (TN)
Chattanooga Howard (TN),1,Chattanooga Howard Tech (TN)
Chattanooga Howard Tech (TN),505,Chattanooga Howard Tech (TN)
Chattanooga Kirkman (TN),107,Chattanooga Kirkman (TN)
Chattanooga Lookout Valley (TN),409,Chattanooga Lookout Valley (TN)
Lookout Valley (TN),2,Chattanooga Lookout Valley (TN)
Chattanooga McCallie (TN),1225,Chattanooga McCallie (TN)
"Chattanooga McCallie """"B"""" (TN)",2,Chattanooga McCallie B (TN)
Chattanooga Notre Dame (TN),597,Chattanooga Notre Dame (TN)
Chattanooga Red Bank (TN),653,Chattanooga Red Bank (TN)
Chattanooga Silverdale Academy (TN),219,Chattanooga Silverdale Academy (TN)
Chattanooga Tyner (TN),3,Chattanooga Tyner Academy (TN)
Chattanooga Tyner Academy (TN),558,Chattanooga Tyner Academy (TN)
Christian Academy of Knoxville (TN),270,Christian Academy of Knoxville (TN)
Church Hill Volunteer (TN),708,Church Hill Volunteer (TN)
Clarksville (TN),625,Clarksville (TN)
Clarksville Academy (TN),364,Clarksville Academy (TN)
Clarksville Kenwood (TN),296,Clarksville Kenwood (TN)
Clarksville Northeast (TN),450,Clarksville Northeast (TN)
Clarksville Northwest (TN),489,Clarksville Northwest (TN)
Clarksville Rossview (TN),259,Clarksville Rossview (TN)
Clarksville West Creek (TN),167,Clarksville West Creek (TN)
Cleveland (TN),688,Cleveland (TN)
Cleveland Bradley Central (TN),1165,Cleveland Bradley Central (TN)
Cleveland Walker Valley (TN),263,Cleveland Walker Valley (TN)
Clinton (TN),612,Clinton (TN)
Clinton Anderson County (TN),518,Clinton Anderson County (TN)
Coalfield (TN),635,Coalfield (TN)
Coalmont Grundy County (TN),475,Coalmont Grundy County (TN)
Collierville (TN),553,Collierville (TN)
Collierville Saint George's (TN),31,Collierville St. George's (TN)
Collierville St. Georges (TN),18,Collierville St. George's (TN)
Collierville St. George's (TN),193,Collierville St. George's (TN)
Collinwood (TN),548,Collinwood (TN)
Columbia Academy (TN),463,Columbia Academy (TN)
Columbia Central (TN),652,Columbia Central (TN)
Columbia County (TN),1,Columbia Military Academy (TN)
Columbia Military (TN),41,Columbia Military Academy (TN)
Columbia Military Academy (TN),119,Columbia Military Academy (TN)
Columbia Spring Hill (TN),486,Columbia Spring Hill (TN)
Columbia Zion Christian (TN),18,Columbia Zion Christian Academy (TN)
Columbia Zion Christian Academy (TN),195,Columbia Zion Christian Academy (TN)
Cookeville (TN),1011,Cookeville (TN)
Copperhill Copper Basin (TN),509,Copperhill Copper Basin (TN)
Cordova (TN),283,Cordova (TN)
Cordova Evangelical Christian (TN),593,Cordova Evangelical Christian (TN)
Cordova First Assembly (TN),18,Cordova First Assembly Christian (TN)
Cordova First Assembly Christian (TN),342,Cordova First Assembly Christian (TN)
Cordova Saint Benedict at Auburndale (TN),38,Cordova St. Benedict at Auburndale (TN)
Cordova St. Benedict (TN),18,Cordova St. Benedict at Auburndale (TN)
Cordova St. Benedict at Auburndale (TN),335,Cordova St. Benedict at Auburndale (TN)
Cornersville (TN),459,Cornersville (TN)
Corryton Gibbs (TN),614,Corryton Gibbs (TN)
Cosby (TN),346,Cosby (TN)
Covington (TN),549,Covington (TN)
Covington Byars-Hall (TN),116,Covington Byars-Hall (TN)
Craigmont (OT) (playoffs) (TN),1,Craigmont (TN)
Cross Plains East Robertson (TN),567,Cross Plains East Robertson (TN)
Crossville Cumberland County (TN),610,Crossville Cumberland County (TN)
Crossville Stone Memorial (TN),205,Crossville Stone Memorial (TN)
Cumberland (TN),221,Cumberland (TN)
Cumberland Gap (TN),242,Cumberland Gap (TN)
Cunningham Montgomery Central (TN),430,Cunningham Montgomery Central (TN)
Dandridge Jefferson County (TN),580,Dandridge Jefferson County (TN)
Decatur County-Riverside (TN),515,Decatur County-Riverside (TN)
Decatur Meigs County (TN),530,Decatur Meigs County (TN)
Dechard (TN),1,Decherd (TN)
Decherd (TN),7,Decherd (TN)
Dickson County (TN),565,Dickson County (TN)
Donelson (TN),170,Donelson (TN)
Dover Stewart County (TN),445,Dover Stewart County (TN)
Doyle (TN),185,Doyle (TN)
Dresden (TN),475,Dresden (TN)
Dunlap Sequatchie County (TN),509,Dunlap Sequatchie County (TN)
DuPont (TN),342,DuPont (TN)
Dyer Gibson County (TN),398,Dyer Gibson County (TN)
Dyersburg (TN),656,Dyersburg (TN)
Eads Briarcrest Christian (TN),12,Eads Briarcrest Christian (TN)
Eads BriarcrestChristian (TN),577,Eads Briarcrest Christian (TN)
Eagleville (TN),253,Eagleville (TN)
Elizabethton (TN),794,Elizabethton (TN)
Elizabethton Happy Valley (TN),625,Elizabethton Happy Valley (TN)
Elizabethton Unaka (TN),546,Elizabethton Unaka (TN)
Ellison Baptist Academy (TN),2,Elliston Baptist Academy (TN)
Elliston Baptist (TN),36,Elliston Baptist Academy (TN)
Elliston Baptist Academy (TN),2,Elliston Baptist Academy (TN)
Englewood McMinn Central (TN),522,Englewood McMinn Central (TN)
Erin (TN),1,Erin Houston County (TN)
Erin Houston County (TN),399,Erin Houston County (TN)
Erwin Unicoi County (TN),796,Erwin Unicoi County (TN)
Evensville Rhea County (TN),638,Evensville Rhea County (TN)
Fairview (TN),531,Fairview (TN)
Fayetteville (TN),264,Fayetteville (TN)
Fayetteville Lincoln County (TN),546,Fayetteville Lincoln County (TN)
Fayetteville Riverside Christian Academy (TN),155,Fayetteville Riverside Christian Academy (TN)
Franklin (TN),720,Franklin (TN)
Battleground Academy (TN),4,Franklin Battle Ground Academy (TN)
Franklin Battle Ground (TN),22,Franklin Battle Ground Academy (TN)
Franklin Battle Ground Academy (TN),733,Franklin Battle Ground Academy (TN)
Franklin Centennial (TN),313,Franklin Centennial (TN)
Franklin Christian (TN),16,Franklin Christian Academy (TN)
Franklin Christian Academy (TN),159,Franklin Christian Academy (TN)
Franklin Classical School (TN),151,Franklin Classical School (TN)
Franklin Grace Christian Academy (TN),136,Franklin Grace Christian Academy (TN)
Franklin Page (TN),515,Franklin Page (TN)
Friendsville (TN),122,Friendsville (TN)
Gainesboro Jackson County (TN),491,Gainesboro Jackson County (TN)
Gallatin (TN),841,Gallatin (TN)
Gallatin Station Camp (TN),248,Gallatin Station Camp (TN)
Gatlinburg Pittman (TN),22,Gatlinburg-Pittman (TN)
Gatlinburg-Pittman (TN),570,Gatlinburg-Pittman (TN)
Germantown (TN),622,Germantown (TN)
Germantown Houston (TN),388,Germantown Houston (TN)
Gleason (TN),443,Gleason (TN)
Goodlettsville (TN),311,Goodlettsville (TN)
Gordonsville (TN),641,Gordonsville (TN)
Gray Daniel Boone (TN),598,Gray Daniel Boone (TN)
Greenback (TN),640,Greenback (TN)
Greenbrier (TN),852,Greenbrier (TN)
Greeneville (TN),1137,Greeneville (TN)
Greeneville North Greene (TN),509,Greeneville North Greene (TN)
Greeneville South Greene (TN),551,Greeneville South Greene (TN)
Greenfield (TN),421,Greenfield (TN)
Hall-Mood Junior College (TN),1,Hall-Mood Junior College (TN)
Hall-Moody College (TN),1,Hall-Mood Junior College (TN)
Hampton (TN),614,Hampton (TN)
Harriman (TN),577,Harriman (TN)
Harrison Chattanooga Central (TN),1108,Harrison Chattanooga Central (TN)
Harrison-Chilhowee (TN),120,Harrison-Chilhowee (TN)
Hartsville Trousdale County (TN),676,Hartsville Trousdale County (TN)
Henderson Chester County (TN),510,Henderson Chester County (TN)
Hendersonville (TN),795,Hendersonville (TN)
Hendersonville Beech (TN),537,Hendersonville Beech (TN)
Hendersonville Pope John (TN),19,Hendersonville Pope John Paul II (TN)
Hendersonville Pope John Paul II (TN),229,Hendersonville Pope John Paul II (TN)
Pope John Paul JV (TN),1,Hendersonville Pope John Paul II (TN)
Hixson (TN),484,Hixson (TN)
Hohenwald Lewis County (TN),879,Hohenwald Lewis County (TN)
Bruceton Hollow Rock (TN),19,Hollow Rock-Bruceton Central (TN)
Hollow Rock-Bruceton Central (TN),511,Hollow Rock-Bruceton Central (TN)
Holston (TN),217,Holston (TN)
Humboldt (TN),681,Humboldt (TN)
Huntingdon (TN),1071,Huntingdon (TN)
Huntington (TN),2,Huntingdon (TN)
Huntland (TN),434,Huntland (TN)
Huntsville Scott (TN),544,Huntsville Scott (TN)
Jacksboro Campbell County (TN),536,Jacksboro Campbell County (TN)
Jackson (TN),273,Jackson (TN)
Jackson Central-Merry (TN),448,Jackson Central-Merry (TN)
Jackson Christian (TN),409,Jackson Christian (TN)
Jackson Liberty Tech Magnet (TN),250,Jackson Liberty Tech Magnet (TN)
Jackson North Side (TN),564,Jackson North Side (TN)
Jackson Sacred Heart of Jesus (TN),116,Jackson Sacred Heart of Jesus (TN)
Jackson South Side (TN),480,Jackson South Side (TN)
Jackson Trinity Christian Academy (TN),334,Jackson Trinity Christian Academy (TN)
Jackson University School of Jackson (TN),603,Jackson University School of Jackson (TN)
Bolles (FL) (TN),1,Jacksonville Bolles (FL)
Jamestown York Institute (TN),507,Jamestown York Institute (TN)
Jasper Marion County (TN),687,Jasper Marion County (TN)
Jefferson (TN),166,Jefferson (TN)
Jellico (TN),514,Jellico (TN)
Joelton (TN),218,Joelton (TN)
Johnson City Science Hill (TN),807,Johnson City Science Hill (TN)
Jonesboro (TN),153,Jonesboro (TN)
Jonesborough David Crockett (TN),583,Jonesborough David Crockett (TN)
Ketron (TN),279,Ketron (TN)
Kingsport Dobyns-Bennett (TN),1198,Kingsport Dobyns-Bennett (TN)
Kingsport Ketron (TN),252,Kingsport Ketron (TN)
Kingsport Lynn View (TN),277,Kingsport Lynn View (TN)
Kingsport Sullivan North (TN),466,Kingsport Sullivan North (TN)
Kingsport Sullivan South (TN),463,Kingsport Sullivan South (TN)
Kingston Midway (TN),576,Kingston Midway (TN)
Kingston Roane County (TN),620,Kingston Roane County (TN)
Kingston Springs Harpeth (TN),442,Kingston Springs Harpeth (TN)
Kirkman (TN),141,Kirkman (TN)
Knoxville (TN),185,Knoxville (TN)
Knoxville Austin-East (TN),625,Knoxville Austin-East (TN)
Knoxville Bearden (TN),718,Knoxville Bearden (TN)
Knoxville Catholic (TN),697,Knoxville Catholic (TN)
Knoxville Central (TN),878,Knoxville Central (TN)
Knoxville Doyle (TN),244,Knoxville Doyle (TN)
Knoxville Farragut (TN),708,Knoxville Farragut (TN)
Knoxville Fulton (TN),872,Knoxville Fulton (TN)
Knoxville Grace Christian Academy (TN),247,Knoxville Grace Christian Academy (TN)
Knoxville Halls (TN),1060,Knoxville Halls (TN)
Knoxville Hardin Valley Academy (TN),177,Knoxville Hardin Valley Academy (TN)
Knoxville Holston (TN),210,Knoxville Holston (TN)
Knoxville Karns (TN),648,Knoxville Karns (TN)
Knoxville Rule (TN),383,Knoxville Rule (TN)
Knoxville South (TN),138,Knoxville South (TN)
Knoxville South-Doyle (TN),379,Knoxville South-Doyle (TN)
Knoxville South-Young (TN),179,Knoxville South-Young (TN)
South Young (TN),2,Knoxville South-Young (TN)
Stair Tech (TN),138,Knoxville Stair Tech (TN)
Stair Tech Knoxville (TN),1,Knoxville Stair Tech (TN)
Knoxville Webb (TN),722,Knoxville Webb (TN)
Knoxville West (TN),696,Knoxville West (TN)
J.B. Young (TN),2,Knoxville Young (TN)
Knoxville Young (TN),199,Knoxville Young (TN)
Young (TN),10,Knoxville Young (TN)
Young Knoxville (TN),1,Knoxville Young (TN)
Kodak Northview Academy (TN),112,Kodak Northview Academy (TN)
La Follette (TN),117,La Follette (TN)
Lafayette Macon County (TN),611,Lafayette Macon County (TN)
Lake City (TN),148,Lake City (TN)
Lanier (TN),119,Lanier (TN)
LaVergne (TN),391,LaVergne (TN)
Lawrenceburg Lawrence County (TN),582,Lawrenceburg Lawrence County (TN)
Lebanon (TN),683,Lebanon (TN)
Lebanon Castle Heights (TN),1,Lebanon Castle Heights Military (TN)
Lebanon Castle Heights Military (TN),311,Lebanon Castle Heights Military (TN)
Lebanon Castle Heights Military Academy (TN),17,Lebanon Castle Heights Military (TN)
Lebanon Friendship Christian (TN),578,Lebanon Friendship Christian (TN)
Lebanon Wilson Central (TN),265,Lebanon Wilson Central (TN)
Lenoir City (TN),749,Lenoir City (TN)
Lewisburg Marshall County (TN),632,Lewisburg Marshall County (TN)
Lexington (TN),662,Lexington (TN)
Linden Perry County (TN),293,Linden Perry County (TN)
"Linden Perry County, TN (TN)",1,Linden Perry County (TN)
Livingston Academy (TN),672,Livingston Academy (TN)
Loretta (TN),3,Loretto (TN)
Loretto (TN),613,Loretto (TN)
Loudon (TN),999,Loudon (TN)
Lyles East Hickman County (TN),188,Lyles East Hickman County (TN)
Lynchburg Moore County (TN),558,Lynchburg Moore County (TN)
Lynn View (TN),304,Lynn View (TN)
Lynneville (TN),2,Lynnville Richland (TN)
Lynnville (TN),26,Lynnville Richland (TN)
Lynnville Richland (TN),484,Lynnville Richland (TN)
Madison (TN),349,Madison (TN)
Madison Goodpasture Christian (TN),637,Madison Goodpasture Christian (TN)
Madisonville (TN),206,Madisonville (TN)
Madisonville Sequoyah (TN),328,Madisonville Sequoyah (TN)
Manchester (TN),36,Manchester Coffee County Central (TN)
Manchester Coffee County Central (TN),586,Manchester Coffee County Central (TN)
Martin Westview (TN),520,Martin Westview (TN)
Maryville (TN),1167,Maryville (TN)
Maryville Eagleton College & Career Academy (TN),11,Maryville Eagleton College (TN)
Maryville Eagleton College (TN),19,Maryville Eagleton College (TN)
Maryville Everett (TN),192,Maryville Everett (TN)
Maryville Heritage (TN),512,Maryville Heritage (TN)
Maryville Poly (TN),1,Maryville Poly (TN)
Maryville Polytechnic (TN),4,Maryville Poly (TN)
Maryville William Blount (TN),505,Maryville William Blount (TN)
Maynardville Union County (TN),362,Maynardville Union County (TN)
McEwen (TN),484,McEwen (TN)
McKenzie (TN),608,McKenzie (TN)
McMinnville Warren County (TN),591,McMinnville Warren County (TN)
McTyeire (TN),3,McTyeire Training School (TN)
McTyeire Training School (TN),2,McTyeire Training School (TN)
McTyiere (TN),1,McTyeire Training School (TN)
Medina South Gibson (TN),170,Medina South Gibson (TN)
Memphis Academy of Health Sciences (TN),148,Memphis Academy of Health Sciences (TN)
Memphis Academy of Science and Engineering (TN),53,Memphis Academy of Health Sciences (TN)
Memphis B.T. Washington (TN),1,Memphis B.T. Washington (TN)
Memphis Booker T (TN),16,Memphis B.T. Washington (TN)
Memphis Booker Washington (TN),1,Memphis B.T. Washington (TN)
Memphis Bishop Byrne (TN),310,Memphis Bishop Byrne (TN)
Memphis Business (TN),21,Memphis Business Academy (TN)
Memphis Business Academy (TN),32,Memphis Business Academy (TN)
Memphis Catholic (TN),266,Memphis Catholic (TN)
Memphis Central (TN),544,Memphis Central (TN)
Memhis Christian Brothers (TN),1,Memphis Christian Brothers (TN)
Memphis Christian Brothers (TN),917,Memphis Christian Brothers (TN)
Memphis Christian Brothers College (TN),1,Memphis Christian Brothers (TN)
Memphis Christian Brothers University (TN),3,Memphis Christian Brothers (TN)
Memphis Christian Brothers College Seconds (TN),1,Memphis Christian Brothers 2nd (TN)
Memphis Craigmont (TN),377,Memphis Craigmont (TN)
Memphis Douglass (TN),178,Memphis Douglass (TN)
Memphis East (TN),436,Memphis East (TN)
Memphis Elliston Baptist Academy (TN),2,Memphis Elliston Baptist Academy (TN)
Memphis Elliston BaptistAcademy (TN),17,Memphis Elliston Baptist Academy (TN)
Memphis Fairley (TN),402,Memphis Fairley (TN)
Memphis Frayser (TN),349,Memphis Frayser (TN)
Memphis Frazier (TN),1,Memphis Frayser (TN)
Memphis Frazier Baptist (TN),3,Memphis Frayser (TN)
Memphis Freedom Prep (TN),2,Memphis Freedom Prep Academy (TN)
Memphis Freedom Prep Academy (TN),56,Memphis Freedom Prep Academy (TN)
Memphis G.W. Carver (TN),259,Memphis G.W. Carver (TN)
Memphis Hamilton (TN),366,Memphis Hamilton (TN)
Memphis Harding Academy (TN),454,Memphis Harding Academy (TN)
Memphis Hillcrest (TN),365,Memphis Hillcrest (TN)
Memphis Humes (TN),24,Memphis Humes Prep (TN)
Memphis Humes Prep (TN),3,Memphis Humes Prep (TN)
Memphis Kingsburg (TN),1,Memphis Kingsbury (TN)
Memphis Kingsbury (TN),410,Memphis Kingsbury (TN)
Memphis KIPP Collegiate (TN),115,Memphis KIPP Collegiate (TN)
Memphis Kirby (TN),383,Memphis Kirby (TN)
Memphis Lausanne Collegiate (TN),140,Memphis Lausanne Collegiate (TN)
Memphis Macon Road Baptist (TN),110,Memphis Macon Road Baptist (TN)
Memphis Manassas (TN),344,Memphis Manassas (TN)
Memphis Melrose (TN),478,Memphis Melrose (TN)
Memphis Mitchell (TN),379,Memphis Mitchell (TN)
Memphis Northside (TN),264,Memphis Northside (TN)
Memphis Oakhaven (TN),365,Memphis Oakhaven (TN)
Memphis Overton (TN),426,Memphis Overton (TN)
Memphis Pure (TN),20,Memphis PURE Academy (TN)
Memphis PURE Academy (TN),10,Memphis PURE Academy (TN)
Memphis Raleigh-Egypt (TN),382,Memphis Raleigh-Egypt (TN)
Memphis Ridgeway (TN),448,Memphis Ridgeway (TN)
Memphis Sheffield (TN),350,Memphis Sheffield (TN)
Memphis Sky View Academy (TN),2,Memphis Skyview Academy (TN)
Memphis Skyview Academy (TN),4,Memphis Skyview Academy (TN)
Skyview (TN),2,Memphis Skyview Academy (TN)
Skyview Academy (TN),27,Memphis Skyview Academy (TN)
Sky-View Academy (TN),3,Memphis Skyview Academy (TN)
Memphis Southern Baptist (TN),6,Memphis Southern Baptist Educational Center (TN)
Memphis Southern Baptist Educational Center (TN),105,Memphis Southern Baptist Educational Center (TN)
Memphis Southside (TN),267,Memphis Southside (TN)
"Memphis Southslde """"B"""" (TN)",1,Memphis Southside B (TN)
Memphis Southwind (TN),183,Memphis Southwind (TN)
Memphis Treadwell (TN),237,Memphis Treadwell (TN)
Memphis Trezevant (TN),413,Memphis Trezevant (TN)
Memphis University (TN),551,Memphis University (TN)
Memphis University School (TN),236,Memphis University School (TN)
Memphis Washington (TN),334,Memphis Washington (TN)
Memphis Westside (TN),151,Memphis Westside (TN)
Memphis Westwood (TN),392,Memphis Westwood (TN)
Memphis White Station (TN),454,Memphis White Station (TN)
Memphis Whitehaven (TN),601,Memphis Whitehaven (TN)
Memphis Wooddale (TN),404,Memphis Wooddale (TN)
Middle Tennesse Normal College (TN),1,Middle Tennessee State Univestity (TN)
Middle Tennessee State (TN),2,Middle Tennessee State Univestity (TN)
Middleton (TN),448,Middleton (TN)
Milan (TN),1095,Milan (TN)
Milligan College Frosh (TN),1,Milligan College Frosh (TN)
Milligan Freshmen (TN),1,Milligan College Frosh (TN)
Millington Central (TN),520,Millington Central (TN)
Millington Tipton-Rosemark Academy (TN),329,Millington Tipton-Rosemark Academy (TN)
Monterey (TN),908,Monterey (TN)
Morristown (TN),341,Morristown (TN)
Morristown Lakeway Christian (TN),18,Morristown Lakeway Christian Academy (TN)
Morristown Lakeway Christian Academy (TN),36,Morristown Lakeway Christian Academy (TN)
Morristown Hamblen East (TN),19,Morristown-Hamblen East (TN)
Morristown-Hamblen East (TN),597,Morristown-Hamblen East (TN)
Morristown Hamblen West (TN),19,Morristown-Hamblen West (TN)
Morristown-Hamblen West (TN),655,Morristown-Hamblen West (TN)
Mosheim West Greene (TN),547,Mosheim West Greene (TN)
Mount Juliet (TN),777,Mount Juliet (TN)
Mount Juliet Christian Academy (TN),244,Mount Juliet Christian Academy (TN)
Mt. Julie Green Hillt (TN),24,Mount Juliet Green Hill (TN)
Mt. Juliet Green Hill (TN),20,Mount Juliet Green Hill (TN)
Mount Juliet Middle Tennessee Heat (TN),138,Mount Juliet Middle Tennessee Heat (TN)
Mount Pleasant (TN),661,Mount Pleasant (TN)
Mountain City Johnson County (TN),687,Mountain City Johnson County (TN)
Munford (TN),468,Munford (TN)
Murfreesboro Blackman (TN),289,Murfreesboro Blackman (TN)
Murfreesboro Middle Tennessee Christian (TN),205,Murfreesboro Middle Tennessee Christian (TN)
Murfreesboro Oakland (TN),640,Murfreesboro Oakland (TN)
Murfreesboro Providence Christian (TN),19,Murfreesboro Providence Christian Academy (TN)
Murfreesboro Providence Christian Academy (TN),34,Murfreesboro Providence Christian Academy (TN)
Murfreesboro Riverdale (TN),649,Murfreesboro Riverdale (TN)
Murfreesboro Siegel (TN),245,Murfreesboro Siegel (TN)
Nashville Bellevue (TN),105,Nashville Bellevue (TN)
Nashville Cane Ridge (TN),189,Nashville Cane Ridge (TN)
Nashville Central (TN),151,Nashville Central (TN)
Nashville Christ Presbyterian (TN),22,Nashville Christ Presbyterian Academy (TN)
Nashville Christ Presbyterian Academy (TN),384,Nashville Christ Presbyterian Academy (TN)
Nashville Christian (TN),552,Nashville Christian (TN)
Nashville Cohn (TN),238,Nashville Cohn (TN)
Nashville Davidson Academy (TN),460,Nashville Davidson Academy (TN)
Nashville Donelson Christian (TN),22,Nashville Donelson Christian Academy (TN)
Nashville Donelson Christian Academy (TN),499,Nashville Donelson Christian Academy (TN)
Nashville East (TN),294,Nashville East (TN)
Nashville East Nashville Magnet (TN),180,Nashville East Nashville Magnet (TN)
Nashville Ensworth (TN),229,Nashville Ensworth (TN)
Nashville Father Ryan (TN),825,Nashville Father Ryan (TN)
Nashville Franklin Road (TN),20,Nashville Franklin Road Academy (TN)
Nashville Franklin Road Academy (TN),543,Nashville Franklin Road Academy (TN)
Nashville Glencliff (TN),634,Nashville Glencliff (TN)
Nashville Hillsboro (TN),780,Nashville Hillsboro (TN)
Nashville Hillwood (TN),647,Nashville Hillwood (TN)
Fogg (TN),1,Nashville Hume Fogg (TN)
Humes (TN),20,Nashville Hume Fogg (TN)
Nashville Hume Fogg (TN),189,Nashville Hume Fogg (TN)
Nashville Hume-Fogg Tech. (TN),8,Nashville Hume Fogg (TN)
Nume Fogg (TN),1,Nashville Hume Fogg (TN)
Nashville Hunters Lane (TN),408,Nashville Hunters Lane (TN)
Nashville John Overton (TN),699,Nashville John Overton (TN)
Nashville Lipscomb Academy (TN),742,Nashville Lipscomb Academy (TN)
Nashville Litton (TN),251,Nashville Litton (TN)
Nashville Maplewood (TN),706,Nashville Maplewood (TN)
Nashville McGavock (TN),585,Nashville McGavock (TN)
Bell Nashville (TN),1,Nashville Montgomery Bell Academy (TN)
Nashville Montgomery Bell Academy (TN),1194,Nashville Montgomery Bell Academy (TN)
Nashville North (TN),158,Nashville North (TN)
Nashville Pearl (TN),2,Nashville Pearl-Cohn (TN)
Nashville Pearl Cohn (TN),22,Nashville Pearl-Cohn (TN)
Nashville Pearl-Cohn (TN),487,Nashville Pearl-Cohn (TN)
Nashville Stratford (TN),684,Nashville Stratford (TN)
Nashville Tennessee Industrial School (TN),253,Nashville Tennessee Industrial School (TN)
Nashville Tennessee Preparatory School (TN),298,Nashville Tennessee Preparatory School (TN)
New Tazewell Claiborne (TN),572,New Tazewell Claiborne (TN)
Newbern Dyer County (TN),434,Newbern Dyer County (TN)
Newport Cocke County (TN),660,Newport Cocke County (TN)
Nolensville (TN),102,Nolensville (TN)
Oak Ridge (TN),968,Oak Ridge (TN)
Oakdale (TN),443,Oakdale (TN)
Obion County Central (TN),187,Obion County Central (TN)
Oliver Springs (TN),550,Oliver Springs (TN)
Oneida (TN),581,Oneida (TN)
Ooltewah (TN),535,Ooltewah (TN)
Ooltewah East Hamilton (TN),186,Ooltewah East Hamilton (TN)
Paris Henry County (TN),313,Paris Henry County (TN)
Parsons Riverside (TN),2,Parsons-Riverside (TN)
Parsons-Riverside (TN),2,Parsons-Riverside (TN)
Pearl (TN),168,Pearl (TN)
Pigeon Forge (TN),264,Pigeon Forge (TN)
Pikeville Bledsoe County (TN),476,Pikeville Bledsoe County (TN)
Pikeville Taft Youth Center (TN),238,Pikeville Taft Youth Center (TN)
Pleasant View Sycamore (TN),290,Pleasant View Sycamore (TN)
Porter (TN),204,Porter (TN)
Portland (TN),617,Portland (TN)
Powell (TN),758,Powell (TN)
Powell Valley (TN),215,Powell Valley (TN)
Powell Valley (VA) (TN),1,Powell Valley (VA)
Pulaski Giles County (TN),612,Pulaski Giles County (TN)
Reagan Scotts Hill (TN),179,Reagan Scotts Hill (TN)
Red Boiling Springs (TN),476,Red Boiling Springs (TN)
Red Boiling Springs Red Boiling (TN),20,Red Boiling Springs (TN)
Red Boling Springs (TN),8,Red Boiling Springs (TN)
Rhea Central (TN),116,Rhea Central (TN)
Ripley (TN),641,Ripley (TN)
Roan Mountain Cloudland (TN),545,Roan Mountain Cloudland (TN)
Rockwood (TN),679,Rockwood (TN)
Rogersville (TN),272,Rogersville (TN)
Rogersville Cherokee (TN),478,Rogersville Cherokee (TN)
Rossville Academy (TN),1,Rossville Christian Academy (TN)
Rossville Christian Academy (TN),303,Rossville Christian Academy (TN)
Rutledge Grainger (TN),519,Rutledge Grainger (TN)
Saint Andrews-Sewanee (TN),254,Saint Andrews-Sewanee (TN)
Sewanee St. Andrews (TN),37,Saint Andrews-Sewanee (TN)
Sale Creek (TN),134,Sale Creek (TN)
Savannah Hardin County (TN),521,Savannah Hardin County (TN)
Selmer McNairy Central (TN),476,Selmer McNairy Central (TN)
Sevierville Sevier County (TN),712,Sevierville Sevier County (TN)
J Sewanee (TN),2,Sewanee (TN)
Sewannee (TN),1,Sewanee (TN)
Seymour (TN),569,Seymour (TN)
Seymour King's Academy (TN),268,Seymour King's Academy (TN)
Shelbyville Central (TN),630,Shelbyville Central (TN)
Signal Mountain (TN),182,Signal Mountain (TN)
Smithville DeKalb County (TN),486,Smithville DeKalb County (TN)
Smyrna (TN),656,Smyrna (TN)
Smyrna Lancaster Christian Academy (TN),181,Smyrna Lancaster Christian Academy (TN)
Smyrna Stewarts Creek (TN),134,Smyrna Stewarts Creek (TN)
Sneedville Hancock County (TN),182,Sneedville Hancock County (TN)
Soddy-Daisy (TN),506,Soddy-Daisy (TN)
Somerville Fayette Academy (TN),327,Somerville Fayette Academy (TN)
Somerville Fayette County (TN),170,Somerville Fayette County (TN)
Sommerville Fayette County (TN),10,Somerville Fayette County (TN)
Somerville Fayette Ware (TN),398,Somerville Fayette Ware (TN)
Somerville Fayette-Ware (TN),9,Somerville Fayette Ware (TN)
South Doyle (OT) (TN),1,South Doyle (TN)
South Doyle (TN),2,South Doyle (TN)
South Fulton (TN),422,South Fulton (TN)
South Pittsburg (TN),695,South Pittsburg (TN)
South Pittsburh (TN),3,South Pittsburg (TN)
McReynolds (TN),1,South Pittsburg McReynolds (TN)
McReyolds (TN),1,South Pittsburg McReynolds (TN)
Sparta White County (TN),593,Sparta White County (TN)
Spring City (TN),115,Spring City (TN)
Spring Hill Summit (TN),167,Spring Hill Summit (TN)
Springfield (TN),539,Springfield (TN)
Springfield Yellow (TN),22,Springfield (TN)
Springfield South Haven Christian (TN),155,Springfield South Haven Christian (TN)
St. Andrew's (TN),10,St. Andrews Academy (TN)
St. Andrews Academy (TN),1,St. Andrews Academy (TN)
Strawberry Plains Carter (TN),877,Strawberry Plains Carter (TN)
Sullivan West (TN),244,Sullivan West (TN)
Summertown (TN),110,Summertown (TN)
Sunbright (TN),454,Sunbright (TN)
Sweetwater (TN),688,Sweetwater (TN)
Tellico Plains (TN),491,Tellico Plains (TN)
Tennessee Academy (TN),102,Tennessee Academy (TN)
Tennessee School for the Deaf (TN),374,Tennessee School for the Deaf (TN)
Tennessee State Training (TN),1,Tennessee Training School (TN)
Tennessee Training School (TN),1,Tennessee Training School (TN)
TN Training School (TN),1,Tennessee Training School (TN)
Tennessee Youth Ctr. (TN),5,Tennessee Youth Center (TN)
TN Youth Center (TN),10,Tennessee Youth Center (TN)
Thompson's Station Independence (TN),239,Thompson's Station Independence (TN)
Tiptonville Lake County (TN),612,Tiptonville Lake County (TN)
Townsend (TN),158,Townsend (TN)
Trenton Peabody (TN),707,Trenton Peabody (TN)
Troy Obion County (TN),451,Troy Obion County (TN)
Tullahoma (TN),648,Tullahoma (TN)
Union City (TN),759,Union City (TN)
Unionville Community (TN),178,Unionville Community (TN)
University of Tennessee - Martin (TN),3,University of Tennessee - Martin (TN)
University Tennesse - Martin (TN),3,University of Tennessee - Martin (TN)
University of Tennessee Doctors (TN),1,University of Tennessee Medics (TN)
University of Tennessee Medical School (TN),2,University of Tennessee Medics (TN)
University of Tennessee Medics (TN),1,University of Tennessee Medics (TN)
J University Of The South (TN),2,University Of The South (TN)
Vonore (TN),278,Vonore (TN)
Walland (TN),123,Walland (TN)
Wartburg Central (TN),595,Wartburg Central (TN)
Wartrace Cascade (TN),473,Wartrace Cascade (TN)
Watertown (TN),585,Watertown (TN)
Waverly Central (TN),593,Waverly Central (TN)
Waynesboro Wayne County (TN),661,Waynesboro Wayne County (TN)
"Western Kentucky """"B"""" (TN)",2,Western Kentucky B (KY)
Westmoreland (TN),604,Westmoreland (TN)
White House (TN),896,White House (TN)
White House Christian Community (TN),19,White House Christian Community School (TN)
White House Christian Community School (TN),154,White House Christian Community School (TN)
White House Heritage (TN),21,White House-Heritage (TN)
White House-Heritage (TN),227,White House-Heritage (TN)
Whites Creek (TN),491,Whites Creek (TN)
Whitwell (TN),518,Whitwell (TN)
Winchester Franklin County (TN),629,Winchester Franklin County (TN)
Woodbury Cannon County (TN),403,Woodbury Cannon County (TN)
Knoxville (JV) (TN),,Knoxville JV (TN)
