Alias_Name,GameCount,Standardized_Name
Altamont (UT),447,Altamont (UT)
American Fork (UT),783,American Fork (UT)
Beaver (UT),637,Beaver (UT)
Blanding San Juan (UT),23,Blanding San Juan County (UT)
Blanding San Juan County (UT),620,Blanding San Juan County (UT)
Blanding San Juan County JV (UT),8,Blanding San Juan County JV (UT)
Blanding San Juan JV (UT),6,Blanding San Juan County JV (UT)
Bluffdale Summit Academy (UT),158,Bluffdale Summit Academy (UT)
Bountiful (UT),725,Bountiful (UT)
Bountiful Viewmont (UT),599,Bountiful Viewmont (UT)
Brigham City Box Elder (UT),732,Brigham City Box Elder (UT)
Brigham City Intermountain Christian (UT),45,Brigham City Intermountain Institute (UT)
Brigham City Intermountain Indian School (UT),3,Brigham City Intermountain Institute (UT)
Brigham City Intermountain Institute (UT),1,Brigham City Intermountain Institute (UT)
Castle Dale Emery County (UT),575,Castle Dale Emery County (UT)
Cedar City (UT),569,Cedar City (UT)
Cedar City Cedar (UT),63,Cedar City (UT)
Cedar City Canyon View (UT),301,Cedar City Canyon View (UT)
Clearfield (UT),610,Clearfield (UT)
Coalville North Summit (UT),613,Coalville North Summit (UT)
Delta (UT),616,Delta (UT)
Draper Corner Canyon (UT),164,Draper Corner Canyon (UT)
Draper Juan Diego (UT),23,Draper Juan Diego Catholic (UT)
Draper Juan Diego Catholic (UT),281,Draper Juan Diego Catholic (UT)
Duchesne (UT),523,Duchesne (UT)
Dugway (UT),224,Dugway (UT)
Enterprise (UT),311,Enterprise (UT)
Fillmore Millard (UT),21,Fillmore Millard County (UT)
Fillmore Millard County (UT),610,Fillmore Millard County (UT)
Garland Bear River (UT),631,Garland Bear River (UT)
Grantsville (UT),621,Grantsville (UT)
Gunnison Valley (UT),345,Gunnison Valley (UT)
Heber City (UT),1,Heber City Wasatch County (UT)
Heber City Wasatch County (UT),606,Heber City Wasatch County (UT)
Highland Lone Peak (UT),351,Highland Lone Peak (UT)
Hurricane (UT),585,Hurricane (UT)
Hyrum Mountain Crest (UT),474,Hyrum Mountain Crest (UT)
Kamas South Summit (UT),610,Kamas South Summit (UT)
Kanab (UT),633,Kanab (UT)
Kaysville Davis (UT),765,Kaysville Davis (UT)
Kearns (UT),571,Kearns (UT)
Layton (UT),597,Layton (UT)
Layton Christian Academy (UT),223,Layton Christian Academy (UT)
Layton Northridge (UT),361,Layton Northridge (UT)
Lehi (UT),631,Lehi (UT)
Lehi Skyridge (UT),124,Lehi Skyridge (UT)
Logan (UT),657,Logan (UT)
Magna Cypress (UT),1,Magna Cyprus (UT)
Magna Cyprus (UT),573,Magna Cyprus (UT)
Manti (UT),568,Manti (UT)
Midvale Hillcrest (UT),573,Midvale Hillcrest (UT)
Milford (UT),534,Milford (UT)
Millville Ridgeline (UT),118,Millville Ridgeline (UT)
Moab Grand County (UT),643,Moab Grand County (UT)
Moah GrandCounty (UT),1,Moab Grand County (UT)
Monroe South Sevier (UT),21,Monroe South Sevier County (UT)
Monroe South Sevier County (UT),535,Monroe South Sevier County (UT)
Montezuma Creek Whitehorse (UT),333,Montezuma Creek Whitehorse (UT)
Monticello (UT),600,Monticello (UT)
Monument Valley (UT),279,Monument Valley (UT)
Morgan (UT),641,Morgan (UT)
Mount Pleasant North Sanpete (UT),574,Mount Pleasant North Sanpete (UT)
Mount Pleasant Wasatch Academy (UT),20,Mount Pleasant Wasatch Academy (UT)
Mt. Pleasant Wasatch Academy (UT),8,Mount Pleasant Wasatch Academy (UT)
Murray (UT),591,Murray (UT)
Nephi Juab County (UT),604,Nephi Juab County (UT)
Green Canyon (UT),12,North Logan Green Canyon (UT)
North Logan Green Canyon (UT),80,North Logan Green Canyon (UT)
Ogden (UT),621,Ogden (UT)
Ogden Ben Lomond (UT),575,Ogden Ben Lomond (UT)
Orem (UT),711,Orem (UT)
Orem Mountain View (UT),458,Orem Mountain View (UT)
Orem Timpanogos (UT),301,Orem Timpanogos (UT)
Park City (UT),597,Park City (UT)
Parowan (UT),526,Parowan (UT)
Payson (UT),574,Payson (UT)
Plain City Fremont (UT),359,Plain City Fremont (UT)
Pleasant Grove (UT),626,Pleasant Grove (UT)
Pleasant View Weber (UT),594,Pleasant View Weber (UT)
Price Carbon County (UT),604,Price Carbon County (UT)
Provo (UT),631,Provo (UT)
Provo Timpview (UT),563,Provo Timpview (UT)
Randolph Rich (UT),229,Randolph Rich (UT)
Randolph Rich County (UT),197,Randolph Rich County (UT)
Richfield (UT),589,Richfield (UT)
Riverton (UT),292,Riverton (UT)
Roosevelt Union (UT),553,Roosevelt Union (UT)
Roy (UT),582,Roy (UT)
Saint George Desert Hills (UT),204,Saint George Desert Hills (UT)
Saint George Dixie (UT),621,Saint George Dixie (UT)
Saint George Pine View (UT),455,Saint George Pine View (UT)
Saint George Snow Canyon (UT),340,Saint George Snow Canyon (UT)
Salem Hills (UT),188,Salem Hills (UT)
Salina North Sevier County (UT),508,Salina North Sevier County (UT)
Salt Lake City Brighton (UT),615,Salt Lake City Brighton (UT)
Salt Lake City Cottonwood (UT),565,Salt Lake City Cottonwood (UT)
Salt Lake City East (UT),894,Salt Lake City East (UT)
Salt Lake City Granite (UT),422,Salt Lake City Granite (UT)
Salt Lake City Highland (UT),724,Salt Lake City Highland (UT)
SLC Highland (UT),1,Salt Lake City Highland (UT)
Salt Lake City Judge Memorial (UT),22,Salt Lake City Judge Memorial Catholic (UT)
Salt Lake City Judge Memorial Catholic (UT),7,Salt Lake City Judge Memorial Catholic (UT)
Salt Lake City JudgeMemorial Catholic (UT),588,Salt Lake City Judge Memorial Catholic (UT)
Salt Lake City LDS (UT),6,Salt Lake City LDSU (UT)
Salt Lake City LDSU (UT),1,Salt Lake City LDSU (UT)
Salt Lake LDSU (UT),1,Salt Lake City LDSU (UT)
Salt Lake City Olympus (UT),721,Salt Lake City Olympus (UT)
Salt Lake City Skyline (UT),732,Salt Lake City Skyline (UT)
Salt Lake City South (UT),251,Salt Lake City South (UT)
Salt Lake City West (UT),711,Salt Lake City West (UT)
Sandy Alta (UT),532,Sandy Alta (UT)
Sandy Jordan (UT),681,Sandy Jordan (UT)
Saratoga Springs Westlake (UT),174,Saratoga Springs Westlake (UT)
Smithfield Sky View (UT),603,Smithfield Sky View (UT)
South Jordan Bingham (UT),653,South Jordan Bingham (UT)
Spanish Fork (UT),620,Spanish Fork (UT)
Spanish Fork American Leadership (UT),21,Spanish Fork American Leadership Academy (UT)
Spanish Fork American Leadership Academy (UT),181,Spanish Fork American Leadership Academy (UT)
Spanish Fork Maple Mountain (UT),182,Spanish Fork Maple Mountain (UT)
Spanish Fork Maple Mountains (UT),1,Spanish Fork Maple Mountain (UT)
Springville (UT),616,Springville (UT)
Sunnyside East Carbon (UT),184,Sunnyside East Carbon (UT)
Syracuse (UT),205,Syracuse (UT)
Taylorsville (UT),448,Taylorsville (UT)
Tooele (UT),585,Tooele (UT)
Tooele Stansbury (UT),192,Tooele Stansbury (UT)
Utah School for the Deaf & Blind (UT),5,Utah School for the Deaf (UT)
Utah School for the Deaf (UT),9,Utah School for the Deaf (UT)
Vernal Uintah County (UT),519,Vernal Uintah County (UT)
Washington Terrace Bonneville (UT),621,Washington Terrace Bonneville (UT)
West Herriman (UT),181,West Herriman (UT)
West Jordan (UT),452,West Jordan (UT)
West Jordan Copper Hills (UT),305,West Jordan Copper Hills (UT)
West Valley City Granger (UT),586,West Valley City Granger (UT)
West Valley City Hunter (UT),394,West Valley City Hunter (UT)
Woods Cross (UT),499,Woods Cross (UT)
