Alias_Name,GameCount,Standardized_Name
Aberdeen Wishkah Valley (WA),246,Aberdeen Wishkah Valley (WA)
Aberdeen (WA),18,Aberdeen-Weatherwax (WA)
Aberdeen-Weatherwax (WA),699,Aberdeen-Weatherwax (WA)
Adna (WA),381,Adna (WA)
Amanda Park Lake Quinault (WA),264,Amanda Park Lake Quinault (WA)
Anacortes (WA),471,Anacortes (WA)
Arlington (WA),526,Arlington (WA)
Asotin (WA),411,Asotin (WA)
Auburn (WA),486,Auburn (WA)
Auburn Jefferson (WA),362,Auburn Jefferson (WA)
Auburn Mountainview (WA),200,Auburn Mountainview (WA)
Auburn Muckleshoot Tribal (WA),131,Auburn Muckleshoot Tribal (WA)
Auburn Riverside (WA),385,Auburn Riverside (WA)
Bainbridge (WA),115,Bainbridge (WA)
Bainbridge Island (WA),308,Bainbridge Island (WA)
Bainbridge Island Bainbridge (WA),19,Bainbridge Island (WA)
Battle Ground (WA),697,Battle Ground (WA)
Belfair North Mason (WA),436,Belfair North Mason (WA)
Bellevue (WA),709,Bellevue (WA)
Bellevue Interlake (WA),473,Bellevue Interlake (WA)
Bellevue Newport (WA),539,Bellevue Newport (WA)
Bellevue Newport Bellevue (WA),17,Bellevue Newport (WA)
Bellevue Sammamish (WA),460,Bellevue Sammamish (WA)
Bellingham (WA),584,Bellingham (WA)
Bellingham Lummi (WA),238,Bellingham Lummi (WA)
Bellingham Meridian (WA),402,Bellingham Meridian (WA)
Bellingham North (WA),1,Bellingham North Side (WA)
Bellingham North Side (WA),1,Bellingham North Side (WA)
Bellingham Sehome (WA),462,Bellingham Sehome (WA)
Bellingham Squalicum (WA),251,Bellingham Squalicum (WA)
Benton City Kiona Benton (WA),15,Benton City Kiona-Benton (WA)
Benton City Kiona-Benton (WA),354,Benton City Kiona-Benton (WA)
Blaine (WA),441,Blaine (WA)
Bonney Lake (WA),213,Bonney Lake (WA)
Bothell (WA),645,Bothell (WA)
Bothell Cedar Park Christian (WA),201,Bothell Cedar Park Christian (WA)
Bothell Lynnwood (WA),374,Bothell Lynnwood (WA)
Bremerton (WA),476,Bremerton (WA)
Bremerton Olympic (WA),358,Bremerton Olympic (WA)
Brewster (WA),401,Brewster (WA)
Bridgeport (WA),340,Bridgeport (WA)
Brush Prairie (WA),479,Brush Prairie (WA)
Brush Prairie Prairie (WA),16,Brush Prairie (WA)
Brush Prairie Hockinson (WA),215,Brush Prairie Hockinson (WA)
Buckley White River (WA),441,Buckley White River (WA)
Burbank Columbia (WA),393,Burbank Columbia (WA)
Burien Highline (WA),370,Burien Highline (WA)
Burien Kennedy Catholic (WA),427,Burien Kennedy Catholic (WA)
Burlington Edison (WA),16,Burlington-Edison (WA)
Burlington-Edison (WA),530,Burlington-Edison (WA)
Camas (WA),886,Camas (WA)
Carnation Tolt (WA),143,Carnation Tolt (WA)
Cashmere (WA),475,Cashmere (WA)
Castle Rock (WA),511,Castle Rock (WA)
Cathlamet Wahkiakum (WA),406,Cathlamet Wahkiakum (WA)
Centralia (WA),577,Centralia (WA)
Chattaroy Riverside (WA),345,Chattaroy Riverside (WA)
Chehalis (WA),161,Chehalis (WA)
Chehalis W.F. West (WA),375,Chehalis W.F. West (WA)
Chelan (WA),387,Chelan (WA)
Cheney (WA),494,Cheney (WA)
Chewelah Jenkins (WA),438,Chewelah Jenkins (WA)
Chimacum (WA),352,Chimacum (WA)
Clallam Bay (WA),254,Clallam Bay (WA)
Clarkston (WA),132,Clarkston (WA)
Clarkston-Adams (WA),419,Clarkston-Adams (WA)
Cle Elum (WA),199,Cle Elum (WA)
Cle Elum Cle Elum (WA),16,Cle Elum (WA)
Cle Elum Roslyn (WA),1,Cle Elum-Roslyn (WA)
Cle Elum-Roslyn (WA),214,Cle Elum-Roslyn (WA)
Clyde Hill Bellevue Christian (WA),123,Clyde Hill Bellevue Christian (WA)
Colbert Northwest Christian (WA),17,Colbert Northwest Christian School (WA)
Colbert Northwest Christian School (WA),118,Colbert Northwest Christian School (WA)
Colfax (WA),468,Colfax (WA)
Colton (WA),113,Colton (WA)
Colton-Pullman Christian (WA),298,Colton-Pullman Christian (WA)
Columbia (WA),120,Columbia (WA)
Colville (WA),468,Colville (WA)
Concrete (WA),361,Concrete (WA)
Connell (WA),455,Connell (WA)
Coulee Dam Lake Roosevelt (WA),375,Coulee Dam Lake Roosevelt (WA)
Coupeville (WA),338,Coupeville (WA)
Covington Kentwood (WA),408,Covington Kentwood (WA)
Cowiche Highland (WA),314,Cowiche Highland (WA)
Curlew (WA),224,Curlew (WA)
Cusick (WA),432,Cusick (WA)
Darrington (WA),337,Darrington (WA)
Davenport (WA),433,Davenport (WA)
Dayton (WA),349,Dayton (WA)
Deer Park (WA),444,Deer Park (WA)
Deming Mount Baker (WA),453,Deming Mt. Baker (WA)
Deming Mt. Baker (WA),19,Deming Mt. Baker (WA)
Des Moines Mount Rainier (WA),1,Des Moines Mt. Rainier (WA)
Des Moines Mt. Rainier (WA),362,Des Moines Mt. Rainier (WA)
Duvall Cedarcest (WA),1,Duvall Cedarcrest (WA)
Duvall Cedarcrest (WA),270,Duvall Cedarcrest (WA)
East Wenatchee Eastmont (WA),460,East Wenatchee Eastmont (WA)
Easton-Thorp (WA),26,Easton-Thorp (WA)
Thorp-Easton (WA),1,Easton-Thorp (WA)
Eastsound Orcas Island (WA),163,Eastsound Orcas Island (WA)
Eatonville (WA),473,Eatonville (WA)
Edmonds (WA),141,Edmonds (WA)
Edmonds Woodway (WA),33,Edmonds-Woodway (WA)
Edmonds-Woodway (WA),271,Edmonds-Woodway (WA)
Ellensburg (WA),461,Ellensburg (WA)
Elma (WA),481,Elma (WA)
Elma Mary M (WA),12,Elma Mary M. Knight (WA)
Elma Mary M. Knight (WA),161,Elma Mary M. Knight (WA)
Entiat (WA),371,Entiat (WA)
Enumclaw (WA),467,Enumclaw (WA)
Ephrata (WA),468,Ephrata (WA)
Everett (WA),1027,Everett (WA)
Everett Archbishop Murphy (WA),255,Everett Archbishop Murphy (WA)
Everett Cascade (WA),575,Everett Cascade (WA)
Everett Mariner (WA),486,Everett Mariner (WA)
Everson Nooksack Valley (WA),454,Everson Nooksack Valley (WA)
Federal Way (WA),435,Federal Way (WA)
Federal Way Beamer (WA),211,Federal Way Beamer (WA)
Federal Way Decatur (WA),314,Federal Way Decatur (WA)
Ferndale (WA),665,Ferndale (WA)
Forks (WA),402,Forks (WA)
Fort Vancouver (WA),743,Fort Vancouver (WA)
Friday Harbor (WA),264,Friday Harbor (WA)
Garfield-Palouse (WA),334,Garfield-Palouse (WA)
Gig Harbor (WA),376,Gig Harbor (WA)
Gig Harbor Peninsula (WA),444,Gig Harbor Peninsula (WA)
Goldendale (WA),462,Goldendale (WA)
Graham Kapowsin (WA),19,Graham-Kapowsin (WA)
Graham-Kapowsin (WA),212,Graham-Kapowsin (WA)
Grandview (WA),425,Grandview (WA)
Granger (WA),406,Granger (WA)
Granite Falls (WA),400,Granite Falls (WA)
Hartline Almira-Coulee-Hartline (WA),356,Hartline Almira-Coulee-Hartline (WA)
Hoquiam (WA),631,Hoquiam (WA)
Hunters Columbia-Inchelium (WA),244,Hunters Columbia-Inchelium (WA)
Ilwaco (WA),416,Ilwaco (WA)
Inchelium (WA),351,Inchelium (WA)
Ione Selkirk (WA),383,Ione Selkirk (WA)
Issaquah (WA),488,Issaquah (WA)
Issaquah Liberty (WA),118,Issaquah Liberty (WA)
Joyce (WA),8,Joyce Crescent (WA)
Joyce Crescent (WA),265,Joyce Crescent (WA)
Kalama (WA),545,Kalama (WA)
Kelso (WA),799,Kelso (WA)
Kenmore Inglemoor (WA),442,Kenmore Inglemoor (WA)
Kennewick (WA),547,Kennewick (WA)
Kennewick Kamiakin (WA),500,Kennewick Kamiakin (WA)
Kennewick River View (WA),422,Kennewick River View (WA)
Kennewick Southridge (WA),261,Kennewick Southridge (WA)
Kent Tahoma (WA),328,Kent Tahoma (WA)
Kentlake (WA),252,Kentlake (WA)
Kent Meridian (WA),17,Kent-Meridian (WA)
Kent-Meridian (WA),416,Kent-Meridian (WA)
Kentridge (WA),404,Kentridge (WA)
Kettle Falls (WA),380,Kettle Falls (WA)
Kingston (WA),177,Kingston (WA)
Kirkland Juanita (WA),504,Kirkland Juanita (WA)
Kirkland Lake Washington (WA),580,Kirkland Lake Washington (WA)
Kittitas (WA),327,Kittitas (WA)
La Center (WA),456,La Center (WA)
Lacey North Thurston (WA),426,Lacey North Thurston (WA)
Lacey River Ridge (WA),263,Lacey River Ridge (WA)
Lacey Saint Martin's Prep (WA),3,Lacey St. Martin's (WA)
Lacey St. Martins (WA),9,Lacey St. Martin's (WA)
Lacey St. Martin's (WA),1,Lacey St. Martin's (WA)
Lacey Timberlake (WA),12,Lacey Timberline (WA)
Lacey Timberline (WA),392,Lacey Timberline (WA)
LaConner (WA),320,LaConner (WA)
LaCrosse-Washtucna-Kahlotus (WA),249,LaCrosse-Washtucna-Kahlotus (WA)
Lake Stevens (WA),470,Lake Stevens (WA)
Lakewood Clover Park (WA),452,Lakewood Clover Park (WA)
Lakewood Lakes (WA),579,Lakewood Lakes (WA)
Langley South Whidbey (WA),398,Langley South Whidbey (WA)
Leavenworth Cascade (WA),430,Leavenworth Cascade (WA)
Leavenworth Cascades (WA),1,Leavenworth Cascade (WA)
Lind (WA),170,Lind (WA)
Longview Mark Morris (WA),667,Longview Mark Morris (WA)
Mark Morris JV (WA),1,Longview Mark Morris JV (WA)
Longview (WA),41,Longview R.A. Long (WA)
Longview R.A. Long (WA),732,Longview R.A. Long (WA)
Longview Ra Long (WA),17,Longview R.A. Long (WA)
R.A. Long JV (WA),1,Longview R.A. Long JV (WA)
Lyle Wishram (WA),7,Lyle-Wishram (WA)
Lyle-Wishram (WA),134,Lyle-Wishram (WA)
Lynden (WA),529,Lynden (WA)
Lynden Christian (WA),459,Lynden Christian (WA)
Lynnwood Meadowdale (WA),434,Lynnwood Meadowdale (WA)
Mabton (WA),310,Mabton (WA)
Manson (WA),397,Manson (WA)
Marysville (WA),117,Marysville (WA)
Marysville Getchell (WA),143,Marysville Getchell (WA)
Marysville Pilchuck (WA),35,Marysville-Pilchuck (WA)
Marysville-Pilchuck (WA),363,Marysville-Pilchuck (WA)
Mattawa Wahluke (WA),319,Mattawa Wahluke (WA)
Mead Mt. Spokane (WA),262,Mead Mt. Spokane (WA)
Medical Lake (WA),435,Medical Lake (WA)
Menlo Pe Ell-Willapa Valley (WA),108,Menlo Pe Ell-Willapa Valley (WA)
Menlo Willapa Valley (WA),254,Menlo Willapa Valley (WA)
Mercer Island (WA),483,Mercer Island (WA)
Mill Creek Jackson (WA),259,Mill Creek Jackson (WA)
Moclips (WA),1,Moclips Aloha (WA)
Moclips Aloha (WA),38,Moclips Aloha (WA)
Monroe (WA),437,Monroe (WA)
Montesano (WA),541,Montesano (WA)
Morton (WA),204,Morton (WA)
Moses Lake (WA),466,Moses Lake (WA)
Mossyrock (WA),390,Mossyrock (WA)
Mount Vernon (WA),507,Mount Vernon (WA)
Mountlake Terrace (WA),388,Mountlake Terrace (WA)
Mukilteo Kamiak (WA),294,Mukilteo Kamiak (WA)
Naches Valley (WA),410,Naches Valley (WA)
Napavine (WA),396,Napavine (WA)
Naselle (WA),389,Naselle (WA)
Neah Bay (WA),312,Neah Bay (WA)
Newport (WA),456,Newport (WA)
Nine Mile Fallls Lakeside (WA),1,Nine Mile Falls Lakeside (WA)
Nine Mile Falls Lakeside (WA),245,Nine Mile Falls Lakeside (WA)
North Lakewood (WA),241,North Lakewood (WA)
Northport (WA),131,Northport (WA)
Oak Harbor (WA),463,Oak Harbor (WA)
Oakville (WA),269,Oakville (WA)
Ocean Shores North Beach (WA),337,Ocean Shores North Beach (WA)
Odessa (WA),352,Odessa (WA)
Okanogan (WA),425,Okanogan (WA)
Olympia (WA),647,Olympia (WA)
Olympia Capital (WA),458,Olympia Capital (WA)
Omak (WA),414,Omak (WA)
Onalaska (WA),399,Onalaska (WA)
Oroville (WA),379,Oroville (WA)
Orting (WA),451,Orting (WA)
Othello (WA),471,Othello (WA)
Pasco (WA),538,Pasco (WA)
Pasco Chiawana (WA),180,Pasco Chiawana (WA)
Pasco Tri Cities (WA),19,Pasco Tri-Cities Prep (WA)
Pasco Tri-Cities Prep (WA),1,Pasco Tri-Cities Prep (WA)
Pasco Tri-CitiesPrep (WA),220,Pasco Tri-Cities Prep (WA)
Pateros (WA),372,Pateros (WA)
Pe Ell (WA),257,Pe Ell (WA)
Pomeroy (WA),391,Pomeroy (WA)
Port Angeles (WA),467,Port Angeles (WA)
Port Orchard (WA),1,Port Orchard South Kitsap (WA)
Port Orchard South Kitsap (WA),709,Port Orchard South Kitsap (WA)
Port Orchard South Kitsap JV (WA),1,Port Orchard South Kitsap JV (WA)
Port Orchard South KitsapJV (WA),2,Port Orchard South Kitsap JV (WA)
Port Townsend (WA),395,Port Townsend (WA)
Poulsbo North Kitsap (WA),459,Poulsbo North Kitsap (WA)
Prescott (WA),147,Prescott (WA)
Prescott Jubilee Academy (WA),29,Prescott Jubilee Christian Academy (WA)
Prescott Jubilee Christian (WA),3,Prescott Jubilee Christian Academy (WA)
Prescott Jubilee Christian Academy (WA),25,Prescott Jubilee Christian Academy (WA)
Prescott Jubilee Leadership Academy (WA),17,Prescott Jubilee Christian Academy (WA)
Prosser (WA),604,Prosser (WA)
Pullman (WA),533,Pullman (WA)
Puyallup (WA),848,Puyallup (WA)
Puyallup Cascade Christian (WA),263,Puyallup Cascade Christian (WA)
Puyallup Chief Leschi (WA),178,Puyallup Chief Leschi (WA)
Puyallup Rogers (WA),541,Puyallup Rogers (WA)
Quilcene (WA),277,Quilcene (WA)
Quincy (WA),421,Quincy (WA)
Rainier (WA),280,Rainier (WA)
Randle Morton-White Pass (WA),152,Randle Morton-White Pass (WA)
Randle White Pass (WA),214,Randle White Pass (WA)
Raymond (WA),395,Raymond (WA)
Raymond South (WA),17,Raymond-South Bend (WA)
Raymond-South Bend (WA),35,Raymond-South Bend (WA)
Reardan (WA),430,Reardan (WA)
Redmond (WA),449,Redmond (WA)
Renton (WA),452,Renton (WA)
Renton Hazen (WA),367,Renton Hazen (WA)
Renton Liberty (WA),430,Renton Liberty (WA)
Renton Lindbergh (WA),346,Renton Lindbergh (WA)
Republic (WA),376,Republic (WA)
Richland (WA),733,Richland (WA)
Richland Hanford (WA),439,Richland Hanford (WA)
Richland Liberty Christian (WA),220,Richland Liberty Christian (WA)
Ridgefield (WA),710,Ridgefield (WA)
Ritzville (WA),228,Ritzville (WA)
Rochester (WA),413,Rochester (WA)
Rockford Freeman (WA),440,Rockford Freeman (WA)
Royal City Royal (WA),491,Royal City Royal (WA)
Saint John (WA),7,Saint John (WA)
St. John (WA),42,Saint John (WA)
St. John Endicott (WA),1,Saint John-Endicott (WA)
St. John-Endicott (WA),305,Saint John-Endicott (WA)
Saint John-Endicott-LaCrosse (WA),27,Saint John-Endicott-LaCrosse (WA)
St. John-Endicott-LaCrosse (WA),2,Saint John-Endicott-LaCrosse (WA)
St.John-Endicott-LaCrosse (WA),38,Saint John-Endicott-LaCrosse (WA)
Sammamish Eastlake (WA),306,Sammamish Eastlake (WA)
Sammamish Eastside Catholic (WA),41,Sammamish Eastside Catholic (WA)
Sammamish EastsideCatholic (WA),348,Sammamish Eastside Catholic (WA)
Sammamish Skyline (WA),318,Sammamish Skyline (WA)
Seattle Ballard (WA),317,Seattle Ballard (WA)
Seattle Bishop Blanchet (WA),403,Seattle Bishop Blanchet (WA)
Seattle Chief Sealth (WA),306,Seattle Chief Sealth (WA)
Seattle Cleveland (WA),293,Seattle Cleveland (WA)
Seattle Evergreen (WA),348,Seattle Evergreen (WA)
Seattle Franklin (WA),342,Seattle Franklin (WA)
Seattle Garfield (WA),330,Seattle Garfield (WA)
Seattle Ingraham (WA),341,Seattle Ingraham (WA)
Seattle King's (WA),416,Seattle King's (WA)
Seattle Lakeside (WA),328,Seattle Lakeside (WA)
Seattle Lutheran (WA),128,Seattle Lutheran (WA)
Seattle Hale (WA),17,Seattle Nathan Hale (WA)
Seattle Nathan Hale (WA),296,Seattle Nathan Hale (WA)
Seattle Bishop O'Dea (WA),1,Seattle O'Dea (WA)
Seattle Kings (WA),19,Seattle O'Dea (WA)
Seattle Odea (WA),21,Seattle O'Dea (WA)
Seattle O'Dea (WA),610,Seattle O'Dea (WA)
Seattle Prep (WA),435,Seattle Prep (WA)
Seattle Rainer Beach (WA),20,Seattle Rainier Beach (WA)
Seattle Rainier Beach (WA),49,Seattle Rainier Beach (WA)
Seattle RainierBeach (WA),280,Seattle Rainier Beach (WA)
Seattle Roosevelt (WA),359,Seattle Roosevelt (WA)
Seattle Shorecrest (WA),404,Seattle Shorecrest (WA)
SeaTac Tyee (WA),49,Seattle Tyee (WA)
Seattle Tyee (WA),134,Seattle Tyee (WA)
Sedro Woolley (WA),238,Sedro-Woolley (WA)
Sedro-Woodley (WA),1,Sedro-Woolley (WA)
Sedro-Woolley (WA),278,Sedro-Woolley (WA)
Selah (WA),427,Selah (WA)
Sequim (WA),401,Sequim (WA)
Shelton (WA),484,Shelton (WA)
Shoreline Shorewood (WA),453,Shoreline Shorewood (WA)
Silverdale Central Kitsap (WA),426,Silverdale Central Kitsap (WA)
Silverdale Klahowya (WA),246,Silverdale Klahowya (WA)
Snohomish (WA),546,Snohomish (WA)
Snohomish Glacier Peak (WA),207,Snohomish Glacier Peak (WA)
Snoqualmie Mount Si (WA),460,Snoqualmie Mount Si (WA)
Soap Lake (WA),198,Soap Lake (WA)
Soap Lake-Wilson Creek (WA),131,Soap Lake-Wilson Creek (WA)
South Bend (WA),344,South Bend (WA)
South Hill Emerald Ridge (WA),232,South Hill Emerald Ridge (WA)
Spanaway Bethel (WA),439,Spanaway Bethel (WA)
Spanaway Lake (WA),348,Spanaway Lake (WA)
Spangle Liberty (WA),311,Spangle Liberty (WA)
Spokane East Valley (WA),336,Spokane East Valley (WA)
Spokane Ferris (WA),413,Spokane Ferris (WA)
Spokane Gonzaga Prep (WA),717,Spokane Gonzaga Prep (WA)
Spokane Lewis & Clark (WA),482,Spokane Lewis & Clark (WA)
Spokane Lewis And (WA),18,Spokane Lewis & Clark (WA)
Spokane Mead (WA),545,Spokane Mead (WA)
Spokane North Central (WA),474,Spokane North Central (WA)
Spokane Rogers (WA),365,Spokane Rogers (WA)
Spokane Shadle Park (WA),423,Spokane Shadle Park (WA)
Spokane University (WA),416,Spokane University (WA)
Spokane Valley Central Valley (WA),430,Spokane Valley Central Valley (WA)
Spokane West Valley (WA),417,Spokane West Valley (WA)
Sprague-Harrington (WA),135,Sprague-Harrington (WA)
Springdale Mary Walker (WA),380,Springdale Mary Walker (WA)
Stanwood (WA),455,Stanwood (WA)
Stanwood Twin Cities (WA),1,Stanwood Twin Cities (WA)
Stanwood Twin City (WA),3,Stanwood Twin Cities (WA)
Steilacoom (WA),408,Steilacoom (WA)
Stevenson (WA),507,Stevenson (WA)
Sultan (WA),400,Sultan (WA)
Sumner (WA),485,Sumner (WA)
Sunnyside (WA),463,Sunnyside (WA)
Sunnyside Christian (WA),165,Sunnyside Christian (WA)
Tacoma Baptist (WA),242,Tacoma Baptist (WA)
Tacoma Bellarmine Prep (WA),11,Tacoma Bellarmine Prep (WA)
Tacoma Bellarmine Preparatory (WA),1,Tacoma Bellarmine Prep (WA)
Tacoma BellarminePrep (WA),506,Tacoma Bellarmine Prep (WA)
Tacoma Charles Wright (WA),345,Tacoma Charles Wright (WA)
Tacoma Evergreen Lutheran (WA),134,Tacoma Evergreen Lutheran (WA)
Tacoma Fife (WA),443,Tacoma Fife (WA)
Tacoma Foss (WA),363,Tacoma Foss (WA)
Tacoma Franklin Pierce (WA),446,Tacoma Franklin Pierce (WA)
Tacoma Life Christian Academy (WA),201,Tacoma Life Christian Academy (WA)
Tacoma Lincoln (WA),757,Tacoma Lincoln (WA)
Tacoma Mount Tahoma (WA),530,Tacoma Mt.Tahoma (WA)
Tacoma Mt.Tahoma (WA),2,Tacoma Mt.Tahoma (WA)
Tacoma Stadium (WA),482,Tacoma Stadium (WA)
Tacoma Washington (WA),354,Tacoma Washington (WA)
Tacoma Wilson (WA),407,Tacoma Wilson (WA)
Taholah (WA),211,Taholah (WA)
Tekoa-Oakesdale (WA),148,Tekoa-Oakesdale (WA)
Tekoa-Oakesdale-Rosalia (WA),188,Tekoa-Oakesdale-Rosalia (WA)
Tekoa Rosalia (WA),14,Tekoa-Rosalia (WA)
Tekoa-Rosalia (WA),73,Tekoa-Rosalia (WA)
Tenino (WA),396,Tenino (WA)
Toledo (WA),428,Toledo (WA)
Tonasket (WA),419,Tonasket (WA)
Toppenish (WA),439,Toppenish (WA)
Toppenish Yakama Nation (WA),13,Toppenish Yakama Nation Tribal (WA)
Toppenish Yakama Nation Tribal (WA),38,Toppenish Yakama Nation Tribal (WA)
Toppenish Yakama Tribal (WA),28,Toppenish Yakama Nation Tribal (WA)
Touchet (WA),429,Touchet (WA)
Toutle Lake (WA),378,Toutle Lake (WA)
Tukwila Foster (WA),431,Tukwila Foster (WA)
Tumwater (WA),578,Tumwater (WA)
Tumwater Black Hills (WA),195,Tumwater Black Hills (WA)
Union Gap La Salle (WA),242,Union Gap La Salle (WA)
University of Washington Fresh (WA),2,University of Washington Frosh (WA)
University of Washington Frosh (WA),4,University of Washington Frosh (WA)
University of Washington 2nd (WA),1,University of Washington JV (WA)
University of Washington 2nds (WA),1,University of Washington JV (WA)
University of Washington Juniors (WA),2,University of Washington JV (WA)
University of Washington JV (WA),2,University of Washington JV (WA)
University of Washington Sophs (WA),2,University of Washington JV (WA)
University Place Curtis (WA),507,University Place Curtis (WA)
Vancouver (WA),379,Vancouver (WA)
"Vancouver """"B"""" (WA)",2,Vancouver B (WA)
Vancouver B's (WA),3,Vancouver B (WA)
Vancouver Columbia River (WA),637,Vancouver Columbia River (WA)
Vancouver Evergreen (WA),776,Vancouver Evergreen (WA)
Vancouver Heritage (WA),255,Vancouver Heritage (WA)
Vancouver Hudson Bay (WA),16,Vancouver Hudson's Bay (WA)
Vancouver Hudsons Bay (WA),17,Vancouver Hudson's Bay (WA)
Vancouver Hudson's Bay (WA),626,Vancouver Hudson's Bay (WA)
Hudson's Bay JV (WA),6,Vancouver Hudson's Bay JV (WA)
Vancouver Hudson's Bay JV (WA),2,Vancouver Hudson's Bay JV (WA)
Vancouver Kings Way (WA),18,Vancouver King's Way Christian (WA)
Vancouver King's Way Christian (WA),136,Vancouver King's Way Christian (WA)
Vancouver Mountain View (WA),463,Vancouver Mountain View (WA)
Vancouver Seton Catholic (WA),119,Vancouver Seton Catholic (WA)
Vancouver Skyview (WA),293,Vancouver Skyview (WA)
Vancouver Union (WA),197,Vancouver Union (WA)
Vashon Island (WA),338,Vashon Island (WA)
Waitsburg (WA),208,Waitsburg (WA)
Waitsburg-Prescott (WA),128,Waitsburg-Prescott (WA)
Walla DeSales (WA),440,Walla DeSales (WA)
Walla Walla (WA),791,Walla Walla (WA)
Wapato (WA),400,Wapato (WA)
Warden (WA),406,Warden (WA)
Washington School for the Deaf (WA),160,Washington School for the Deaf (WA)
"Washington State University """"B"""" (WA)",1,Washington State Unversity JV (WA)
Washington State Unversity JV (WA),1,Washington State Unversity JV (WA)
Washougal (WA),641,Washougal (WA)
Waterville (WA),297,Waterville (WA)
Wellpinit (WA),320,Wellpinit (WA)
Wenatchee (WA),589,Wenatchee (WA)
West Seattle (WA),309,West Seattle (WA)
Westport Ocosta (WA),386,Westport Ocosta (WA)
White Salmon (WA),1,White Salmon Columbia (WA)
White Salmon Columbia (WA),477,White Salmon Columbia (WA)
White Swan (WA),392,White Swan (WA)
Wilbur-Creston (WA),317,Wilbur-Creston (WA)
Winlock (WA),415,Winlock (WA)
Winthrop Liberty Bell (WA),369,Winthrop Liberty Bell (WA)
Woodinville (WA),438,Woodinville (WA)
Woodland (WA),692,Woodland (WA)
Yakima Davis (WA),476,Yakima Davis (WA)
Yakima East Valley (WA),568,Yakima East Valley (WA)
Yakima Eisenhower (WA),466,Yakima Eisenhower (WA)
Yakima West Valley (WA),567,Yakima West Valley (WA)
Yelm (WA),416,Yelm (WA)
Zillah (WA),446,Zillah (WA)
