Alias_Name,GameCount,Standardized_Name
Abbotsford (WI),498,Abbotsford (WI)
Adams Friendship (WI),18,Adams-Friendship (WI)
Adams-Friendship (WI),467,Adams-Friendship (WI)
Algoma (WI),469,Algoma (WI)
Alma (WI),175,Alma (WI)
Alma Center Lincoln (WI),371,Alma Center Lincoln (WI)
Alma-Gilmanton (WI),142,Alma-Gilmanton (WI)
Almond Bancroft (WI),17,Almond-Bancroft (WI)
Almond-Bancroft (WI),448,Almond-Bancroft (WI)
Altoona (WI),437,Altoona (WI)
Amery (WI),441,Amery (WI)
Amherst (WI),494,Amherst (WI)
Antigo (WI),669,Antigo (WI)
Appleton (WI),103,Appleton (WI)
Appleton East (WI),459,Appleton East (WI)
Appleton Fox Valley (WI),19,Appleton Fox Valley Lutheran (WI)
Appleton Fox Valley Lutheran (WI),321,Appleton Fox Valley Lutheran (WI)
Appleton North (WI),326,Appleton North (WI)
Appleton West (WI),461,Appleton West (WI)
Appleton Xavier (WI),378,Appleton Xavier (WI)
Arcadia (WI),527,Arcadia (WI)
Argyle (WI),131,Argyle (WI)
Ashland (WI),567,Ashland (WI)
Athens (WI),446,Athens (WI)
Auburndale (WI),487,Auburndale (WI)
Augusta (WI),505,Augusta (WI)
Baldwin Woodville (WI),24,Baldwin-Woodville (WI)
Baldwin-Woodville (WI),482,Baldwin-Woodville (WI)
Balsam Lake Unity (WI),466,Balsam Lake Unity (WI)
Bangor (WI),551,Bangor (WI)
Baraboo (WI),515,Baraboo (WI)
Barneveld (WI),119,Barneveld (WI)
Barron (WI),456,Barron (WI)
Beaver Dam (WI),686,Beaver Dam (WI)
Beaver Dam Wayland Academy (WI),213,Beaver Dam Wayland Academy (WI)
Belleville-Albany (WI),440,Belleville-Albany (WI)
Belmont (WI),473,Belmont (WI)
Beloit Catholic (WI),133,Beloit Catholic (WI)
Beloit Memorial (WI),564,Beloit Memorial (WI)
Beloit Turner (WI),18,Beloit Turner Memorial (WI)
Beloit Turner Memorial (WI),498,Beloit Turner Memorial (WI)
Benton (WI),196,Benton (WI)
Benton-Scales Mound (IL)-Shullsburg (WI),24,Benton-Scales Mound (IL)-Shullsburg (WI)
Benton-Scales Mound IL-Shullsburg (WI),7,Benton-Scales Mound (IL)-Shullsburg (WI)
Berlin (WI),610,Berlin (WI)
Birchwood (WI),104,Birchwood (WI)
Black River Falls (WI),543,Black River Falls (WI)
Black River Falls Black River (WI),18,Black River Falls (WI)
Blair Taylor (WI),20,Blair-Taylor (WI)
Blair-Taylor (WI),472,Blair-Taylor (WI)
Blanchardville Pecatonica (WI),141,Blanchardville Pecatonica (WI)
Blanchardville Pecatonica Argyle (WI),18,Blanchardville Pecatonica-Argyle (WI)
Blanchardville Pecatonica-Argyle (WI),309,Blanchardville Pecatonica-Argyle (WI)
Bloomer (WI),511,Bloomer (WI)
Bloomington (WI),214,Bloomington (WI)
Bonduel (WI),504,Bonduel (WI)
Boscobel (WI),476,Boscobel (WI)
Bowler (WI),226,Bowler (WI)
Boyceville (WI),462,Boyceville (WI)
Brillion (WI),481,Brillion (WI)
Brodhead (WI),129,Brodhead (WI)
Brodhead-Juda (WI),398,Brodhead-Juda (WI)
Brookfield Academy (WI),242,Brookfield Academy (WI)
Brookfield Central (WI),607,Brookfield Central (WI)
Brookfield East (WI),507,Brookfield East (WI)
Brown Deer (WI),472,Brown Deer (WI)
Bruce (WI),368,Bruce (WI)
Brussels Southern Door (WI),512,Brussels Southern Door (WI)
Burlington (WI),549,Burlington (WI)
Burlington Catholic Central (WI),314,Burlington Catholic Central (WI)
Cadott (WI),493,Cadott (WI)
Cambria-Friesland (WI),479,Cambria-Friesland (WI)
Cambridge (WI),539,Cambridge (WI)
Cameron (WI),442,Cameron (WI)
Campbellsport (WI),455,Campbellsport (WI)
Cashton (WI),538,Cashton (WI)
Cassville (WI),418,Cassville (WI)
Cazenovia Weston (WI),409,Cazenovia Weston (WI)
Cedar Grove (WI),185,Cedar Grove (WI)
Cedar Grove Cedar Grove (WI),21,Cedar Grove (WI)
Cedar Grove-Belgium (WI),240,Cedar Grove-Belgium (WI)
Cedarburg (WI),579,Cedarburg (WI)
Chetek (WI),309,Chetek (WI)
Chetek Weyerhaeuser (WI),19,Chetek-Weyerhaeuser (WI)
Chetek-Weyerhaeuser (WI),131,Chetek-Weyerhaeuser (WI)
Chilton (WI),520,Chilton (WI)
Chippewa Falls (WI),574,Chippewa Falls (WI)
Chippewa Falls McDonell (WI),285,Chippewa Falls McDonell Central Catholic (WI)
Chippewa Falls McDonell Central (WI),18,Chippewa Falls McDonell Central Catholic (WI)
Chippewa Falls McDonell Central Catholic (WI),1,Chippewa Falls McDonell Central Catholic (WI)
Clayton (WI),417,Clayton (WI)
Clear Lake (WI),436,Clear Lake (WI)
Clinton (WI),496,Clinton (WI)
Clintonville (WI),531,Clintonville (WI)
Cochrane-Fountain City (WI),477,Cochrane-Fountain City (WI)
Colby (WI),628,Colby (WI)
Coleman (WI),421,Coleman (WI)
Colfax (WI),426,Colfax (WI)
Columbus (WI),618,Columbus (WI)
Cornell (WI),354,Cornell (WI)
Crandon (WI),381,Crandon (WI)
Crivitz (WI),403,Crivitz (WI)
Cuba City (WI),522,Cuba City (WI)
Cudahy (WI),550,Cudahy (WI)
Cumberland (WI),470,Cumberland (WI)
Darlington (WI),609,Darlington (WI)
De Pere (WI),468,De Pere (WI)
Deerfield (WI),491,Deerfield (WI)
DeForest (WI),561,DeForest (WI)
Delafield Ethan Allen Schoolfor Boys (WI),132,Delafield Ethan Allen Schoolfor Boys (WI)
Delafield Saint John's Northwestern Military Academy (WI),270,Delafield St. John's Northwestern Military Academy (WI)
Delavan-Darien (WI),468,Delavan-Darien (WI)
Denmark (WI),469,Denmark (WI)
Desoto (WI),544,Desoto (WI)
Dodgeville (WI),491,Dodgeville (WI)
Durand (WI),481,Durand (WI)
Durand Arkansaw (WI),19,Durand-Arkansaw (WI)
Durand-Arkansaw (WI),21,Durand-Arkansaw (WI)
Eagle River Northland Pines (WI),1,Eagle River Northland Pines-Phelps (WI)
Eagle River Northland Pines-Phelps (WI),381,Eagle River Northland Pines-Phelps (WI)
East Troy (WI),503,East Troy (WI)
Eau Claire Memorial (WI),756,Eau Claire Memorial (WI)
Eau Claire North (WI),503,Eau Claire North (WI)
Eau Claire Regis (WI),378,Eau Claire Regis (WI)
Edgar (WI),598,Edgar (WI)
Edgerton (WI),531,Edgerton (WI)
Elcho-White Lake (WI),219,Elcho-White Lake (WI)
Eleva-Strum (WI),476,Eleva-Strum (WI)
Elk Mound (WI),488,Elk Mound (WI)
Elkhart Lake (WI),213,Elkhart Lake (WI)
Elkhart Lake-Glenbeulah (WI),198,Elkhart Lake-Glenbeulah (WI)
Elkhorn (WI),526,Elkhorn (WI)
Ellsworth (WI),465,Ellsworth (WI)
Elmwood (WI),321,Elmwood (WI)
Elmwood-Plum City (WI),111,Elmwood-Plum City (WI)
Elroy Royall (WI),513,Elroy Royall (WI)
Evansville-Albany (WI),562,Evansville-Albany (WI)
Fall Creek (WI),472,Fall Creek (WI)
Fall River (WI),325,Fall River (WI)
Fall River Rio (WI),18,Fall River-Rio (WI)
Fall River-Rio (WI),126,Fall River-Rio (WI)
Fennimore (WI),538,Fennimore (WI)
Fish Creek Gibraltar (WI),252,Fish Creek Gibraltar (WI)
Florence (WI),430,Florence (WI)
Fond du Lac (WI),572,Fond du Lac (WI)
Fond Du Lac Fond Du (WI),19,Fond du Lac (WI)
Fond du Lac Saint Mary's Springs (WI),438,Fond du Lac St. Mary's Springs (WI)
Fond Du Lac St. Marys (WI),19,Fond du Lac St. Mary's Springs (WI)
Fondulac St Mary's Springs (WI),9,Fond du Lac St. Mary's Springs (WI)
Fond du Lac Winnebago Lutheran Academy (WI),298,Fond du Lac Winnebago Lutheran Academy (WI)
Fondulac Winnebago Lutheran (WI),2,Fond du Lac Winnebago Lutheran Academy (WI)
Fort Atkinson (WI),533,Fort Atkinson (WI)
Franklin (WI),539,Franklin (WI)
Frederic (WI),441,Frederic (WI)
Fredonia Ozaukee (WI),435,Fredonia Ozaukee (WI)
Freedom (WI),451,Freedom (WI)
Galesville Gale Ettrick (WI),18,Galesville Gale-Ettrick (WI)
Galesville Gale-Ettrick (WI),75,Galesville Gale-Ettrick (WI)
Galesville Gale-Ettrick-Trempealeau (WI),498,Galesville Gale-Ettrick-Trempealeau (WI)
Galesville--Gale-Ettrick-Trempealeau (WI),1,Galesville Gale-Ettrick-Trempealeau (WI)
Germantown (WI),591,Germantown (WI)
Gillett (WI),427,Gillett (WI)
Gilman (WI),500,Gilman (WI)
Glendale Nicolet (WI),442,Glendale Nicolet (WI)
Glenwood City (WI),489,Glenwood City (WI)
Grafton (WI),409,Grafton (WI)
Grantsburg (WI),475,Grantsburg (WI)
Green Bay Ashwaubenon (WI),533,Green Bay Ashwaubenon (WI)
Green Bay Bay Port (WI),523,Green Bay Bay Port (WI)
Green Bay East (WI),668,Green Bay East (WI)
Green Bay Notre Dame Academy (WI),411,Green Bay Notre Dame Academy (WI)
Green Bay Preble (WI),601,Green Bay Preble (WI)
Green Bay Southwest (WI),504,Green Bay Southwest (WI)
Green Bay West (WI),597,Green Bay West (WI)
Green Lake (WI),312,Green Lake (WI)
Green Lake Green Lake (WI),4,Green Lake (WI)
Greendale (WI),530,Greendale (WI)
Greendale Martin Luther (WI),20,Greendale Martin Luther Prep (WI)
Greendale Martin Luther Prep (WI),306,Greendale Martin Luther Prep (WI)
Greenfield (WI),468,Greenfield (WI)
Greenfield Whitnall (WI),440,Greenfield Whitnall (WI)
Greenwood (WI),495,Greenwood (WI)
Hammond Saint Croix (WI),19,Hammond St. Croix Central (WI)
Hammond Saint Croix Central (WI),462,Hammond St. Croix Central (WI)
Hartford (WI),570,Hartford (WI)
Hartland Arrowhead (WI),637,Hartland Arrowhead (WI)
Hartland Lake Country (WI),21,Hartland Lake Country Lutheran (WI)
Hartland Lake Country Lutheran (WI),213,Hartland Lake Country Lutheran (WI)
Hayward-Lac Courte Oreilles (WI),480,Hayward-Lac Courte Oreilles (WI)
Hazel Green Southwestern (WI),487,Hazel Green Southwestern (WI)
Highland (WI),469,Highland (WI)
Hilbert (WI),459,Hilbert (WI)
Hillsboro (WI),517,Hillsboro (WI)
Holmen (WI),595,Holmen (WI)
Horicon (WI),662,Horicon (WI)
Hortonville (WI),482,Hortonville (WI)
Howards Grove (WI),445,Howards Grove (WI)
Hudson (WI),494,Hudson (WI)
Hurley (WI),544,Hurley (WI)
Hustisford (WI),387,Hustisford (WI)
Independence (WI),287,Independence (WI)
Independence-Gilmanton (WI),214,Independence-Gilmanton (WI)
Iola Scandinavia (WI),18,Iola-Scandinavia (WI)
Iola-Scandinavia (WI),489,Iola-Scandinavia (WI)
Jackson Kettle Moraine Lutheran (WI),200,Jackson Kettle Moraine Lutheran (WI)
Jackson Living Word (WI),19,Jackson Living Word Lutheran (WI)
Jackson Living Word Lutheran (WI),178,Jackson Living Word Lutheran (WI)
Janesville Craig (WI),546,Janesville Craig (WI)
Janesville Parker (WI),544,Janesville Parker (WI)
Jefferson (WI),537,Jefferson (WI)
Johnson Creek (WI),500,Johnson Creek (WI)
Juneau Dodgeland (WI),496,Juneau Dodgeland (WI)
Kaukauna (WI),543,Kaukauna (WI)
Kenosha Bradford (WI),385,Kenosha Bradford (WI)
Kenosha Bradford Reuther (WI),9,Kenosha Bradford-Reuther (WI)
Kenosha Bradford-Reuther (WI),135,Kenosha Bradford-Reuther (WI)
Kenosha Indian Trail (WI),133,Kenosha Indian Trail (WI)
Kenosha Saint Joseph (WI),387,Kenosha St. Joseph (WI)
Kenosha Tremper (WI),620,Kenosha Tremper (WI)
Keshena Menominee Indian (WI),231,Keshena Menominee Indian (WI)
Kewaskum (WI),509,Kewaskum (WI)
Kewaunee (WI),576,Kewaunee (WI)
Kiel (WI),485,Kiel (WI)
Kimberly (WI),641,Kimberly (WI)
Kohler (WI),202,Kohler (WI)
La Crosse Aquinas (WI),404,La Crosse Aquinas (WI)
La Crosse Central (WI),896,La Crosse Central (WI)
La Crosse Logan (WI),591,La Crosse Logan (WI)
La Farge (WI),274,La Farge (WI)
Ladysmith (WI),496,Ladysmith (WI)
Lake Geneva Badger (WI),515,Lake Geneva Badger (WI)
Lake Holcombe (WI),323,Lake Holcombe (WI)
Lake Mills (WI),536,Lake Mills (WI)
Lake Mills Lakeside Lutheran (WI),483,Lake Mills Lakeside Lutheran (WI)
Lancaster (WI),696,Lancaster (WI)
Lena (WI),238,Lena (WI)
Lena-Saint Thomas Aquinas (WI),183,Lena-St. Thomas Aquinas (WI)
Little Chute (WI),483,Little Chute (WI)
Livingston Iowa Grant (WI),19,Livingston Iowa-Grant (WI)
Livingston Iowa-Grant (WI),488,Livingston Iowa-Grant (WI)
Lodi (WI),533,Lodi (WI)
Lomira (WI),465,Lomira (WI)
Loyal (WI),421,Loyal (WI)
Luck (WI),450,Luck (WI)
Luxemburg (WI),119,Luxemburg (WI)
Luxemburg-Casco (WI),524,Luxemburg-Casco (WI)
Madison Abundant Life Christian (WI),103,Madison Abundant Life Christian (WI)
Madison East (WI),543,Madison East (WI)
Madison Edgewood (WI),440,Madison Edgewood (WI)
Madison Holy Name Seminary (WI),189,Madison Holy Name Seminary (WI)
Madison La (WI),19,Madison La Follette (WI)
Madison La Follette (WI),513,Madison La Follette (WI)
Madison Memorial (WI),505,Madison Memorial (WI)
Madison Vel Phillips (WI),20,Madison Vel Phillips Memorial (WI)
Madison Vel Phillips Memorial (WI),5,Madison Vel Phillips Memorial (WI)
Madison West (WI),573,Madison West (WI)
Manawa Little Wolf (WI),517,Manawa Little Wolf (WI)
Manitowoc Lincoln (WI),805,Manitowoc Lincoln (WI)
Manitowoc Lutheran (WI),304,Manitowoc Lutheran (WI)
Manitowoc Roncalli (WI),384,Manitowoc Roncalli (WI)
Maple Northwestern (WI),560,Maple Northwestern (WI)
Marathon (WI),498,Marathon (WI)
Marinette (WI),820,Marinette (WI)
Marinette Catholic Central (WI),136,Marinette Catholic Central (WI)
Marion (WI),295,Marion (WI)
Marion Tigerton (WI),16,Marion-Tigerton (WI)
Marion-Tigerton (WI),132,Marion-Tigerton (WI)
Markesan (WI),481,Markesan (WI)
Marshfield (WI),654,Marshfield (WI)
Mauston (WI),516,Mauston (WI)
Mayville (WI),755,Mayville (WI)
Mazomanie Wisconsin Heights (WI),468,Mazomanie Wisconsin Heights (WI)
McFarland (WI),504,McFarland (WI)
Medford (WI),514,Medford (WI)
Melrose Mindoro (WI),19,Melrose-Mindoro (WI)
Melrose-Mindoro (WI),514,Melrose-Mindoro (WI)
Menasha (WI),671,Menasha (WI)
Menasha St. Mary Central (WI),119,Menasha St. Mary Central (WI)
Menomonee Falls (WI),487,Menomonee Falls (WI)
Menomonee Falls East (WI),115,Menomonee Falls East (WI)
Menomonee Falls North (WI),127,Menomonee Falls North (WI)
Menomonie (WI),623,Menomonie (WI)
Mequon Homestead (WI),568,Mequon Homestead (WI)
Merrill (WI),944,Merrill (WI)
Messmer-Shorewood (WI),188,Messmer-Shorewood (WI)
Middleton (WI),560,Middleton (WI)
Milton (WI),669,Milton (WI)
Milwaukee Barack Obama (WI),8,Milwaukee Barack Obama Career & Tech (WI)
Milwaukee Barack Obama Career & Tech (WI),20,Milwaukee Barack Obama Career & Tech (WI)
Milwaukee Bay View-Conservatory of Lifelong Learning (WI),351,Milwaukee Bay View-Conservatory of Lifelong Learning (WI)
Milwaukee Bradley Tech (WI),319,Milwaukee Bradley Tech (WI)
Milwaukee Custer (WI),208,Milwaukee Custer (WI)
Milwaukee Hamilton (WI),316,Milwaukee Hamilton (WI)
Milwaukee HOPE Christian (WI),100,Milwaukee HOPE Christian (WI)
Milwaukee Juneau (WI),168,Milwaukee Juneau (WI)
Milwaukee Lutheran (WI),355,Milwaukee Lutheran (WI)
Milwaukee Madison University-Northwest (WI),171,Milwaukee Madison University-Northwest (WI)
Milwaukee Marquette University (WI),21,Milwaukee Marquette University High (WI)
Milwaukee Marquette University High (WI),1035,Milwaukee Marquette University High (WI)
Milwaukee Marshall-School of Languages (WI),675,Milwaukee Marshall-School of Languages (WI)
Milwaukee North (WI),232,Milwaukee North (WI)
Milwaukee Pius XI (WI),507,Milwaukee Pius XI (WI)
Milwaukee Pulaski-Carmen Science & Tech South (WI),9,Milwaukee Pulaski-Carmen Science & Tech South (WI)
Milwaukee Pulaski-Carmen Science & Tech South-Carmen Science & Tech Southeast (WI),4,Milwaukee Pulaski-Carmen Science & Tech South (WI)
Milwaukee Pulaski-Carmen Science & Tech Southeast (WI),9,Milwaukee Pulaski-Carmen Science & Tech South (WI)
Milwaukee Riverside University (WI),283,Milwaukee Riverside University (WI)
Milwaukee Rufus King (WI),371,Milwaukee Rufus King (WI)
Milwaukee South (WI),326,Milwaukee South (WI)
Milwaukee St. John's Cathedral (WI),118,Milwaukee St. John's Cathedral (WI)
Milwaukee Saint Thomas More (WI),341,Milwaukee St. Thomas More (WI)
Milwaukee St. Thomas (WI),18,Milwaukee St. Thomas More (WI)
Milwaukee University School (WI),51,Milwaukee University School (WI)
Milwaukee University SchoolofMilwaukee (WI),10,Milwaukee University School (WI)
Milwaukee Vincent-Destiny (WI),295,Milwaukee Vincent-Destiny (WI)
Milwaukee Wisconsin Career Academy (WI),1,Milwaukee Wisconsin Career Academy-Young Coggs Prep (WI)
Milwaukee Wisconsin Career Academy-Young Coggs Prep (WI),5,Milwaukee Wisconsin Career Academy-Young Coggs Prep (WI)
Milwaukee Wisconsin Lutheran (WI),547,Milwaukee Wisconsin Lutheran (WI)
MilwaukeeMessmer (WI),287,MilwaukeeMessmer (WI)
Mineral Point (WI),534,Mineral Point (WI)
Minocqua Lakeland (WI),406,Minocqua Lakeland (WI)
Minong Northwood-Solon Springs (WI),207,Minong Northwood-Solon Springs (WI)
Mishicot (WI),383,Mishicot (WI)
Mondovi (WI),497,Mondovi (WI)
Monona Grove (WI),560,Monona Grove (WI)
Monroe (WI),592,Monroe (WI)
Montello (WI),316,Montello (WI)
Montello-Princeton-Green Lake (WI),137,Montello-Princeton-Green Lake (WI)
Mosinee (WI),449,Mosinee (WI)
Mount Horeb (WI),186,Mount Horeb (WI)
Mount Horeb-Barneveld (WI),305,Mount Horeb-Barneveld (WI)
Mukwonago (WI),750,Mukwonago (WI)
Muscoda Riverdale (WI),490,Muscoda Riverdale (WI)
Muskego (WI),533,Muskego (WI)
Necedah (WI),433,Necedah (WI)
Neenah (WI),526,Neenah (WI)
Neenah Saint Mary Central (WI),157,Neenah St. Mary Central (WI)
Neenah St. Mary (WI),18,Neenah St. Mary Central (WI)
Neenah St. Mary Catholic (WI),10,Neenah St. Mary Central (WI)
Neillsville (WI),361,Neillsville (WI)
Neillsville Granton (WI),19,Neillsville-Granton (WI)
Neillsville-Granton (WI),143,Neillsville-Granton (WI)
Nekoosa (WI),536,Nekoosa (WI)
New Auburn (WI),370,New Auburn (WI)
New Berlin Eisenhower (WI),523,New Berlin Eisenhower (WI)
New Berlin West (WI),473,New Berlin West (WI)
New Glarus (WI),152,New Glarus (WI)
New Glarus-Monticello (WI),275,New Glarus-Monticello (WI)
New Holstein (WI),486,New Holstein (WI)
New Lisbon (WI),497,New Lisbon (WI)
New London (WI),517,New London (WI)
New Richmond (WI),506,New Richmond (WI)
North Fond du Lac (WI),301,North Fond du Lac (WI)
North Fond du Lac Horace Mann (WI),157,North Fond du Lac Horace Mann (WI)
Northern Elite [Niagara-Goodman-Pembine] (WI),395,Northern Elite [Niagara-Goodman-Pembine] (WI)
Oak Creek (WI),664,Oak Creek (WI)
Oakfield (WI),410,Oakfield (WI)
Oconomowoc (WI),598,Oconomowoc (WI)
Oconto (WI),494,Oconto (WI)
Oconto Falls (WI),506,Oconto Falls (WI)
Omro (WI),484,Omro (WI)
Onalaska (WI),545,Onalaska (WI)
Onalaska Luther (WI),452,Onalaska Luther (WI)
Oneida Nation (WI),145,Oneida Nation (WI)
Ontario Brookwood (WI),474,Ontario Brookwood (WI)
Oostburg (WI),440,Oostburg (WI)
Oregon (WI),545,Oregon (WI)
Orfordville Parkview (WI),394,Orfordville Parkview (WI)
Osceola (WI),485,Osceola (WI)
Oshkosh (WI),207,Oshkosh (WI)
Oshkosh Lourdes (WI),44,Oshkosh Lourdes Academy (WI)
Oshkosh Lourdes Academy (WI),274,Oshkosh Lourdes Academy (WI)
Oshkosh North (WI),480,Oshkosh North (WI)
Oshkosh West (WI),471,Oshkosh West (WI)
Osseo Fairchild (WI),15,Osseo-Fairchild (WI)
Osseo-Fairchild (WI),469,Osseo-Fairchild (WI)
Owen Withee (WI),21,Owen-Withee (WI)
Owen-Withee (WI),486,Owen-Withee (WI)
Palmyra (WI),101,Palmyra (WI)
Palmyra-Eagle (WI),385,Palmyra-Eagle (WI)
Pardeeville (WI),502,Pardeeville (WI)
Park Falls (WI),223,Park Falls (WI)
Park Falls Chequamegon-Butternut (WI),154,Park Falls Chequamegon-Butternut (WI)
Patch Grove River Ridge (WI),301,Patch Grove River Ridge (WI)
Pepin (WI),204,Pepin (WI)
Pepin-Alma (WI),181,Pepin-Alma (WI)
Peshtigo (WI),483,Peshtigo (WI)
Pewaukee (WI),488,Pewaukee (WI)
Phillips (WI),412,Phillips (WI)
Pittsville (WI),487,Pittsville (WI)
Plainfield Tri County (WI),13,Plainfield Tri-County (WI)
Plainfield Tri-County (WI),428,Plainfield Tri-County (WI)
Platteville (WI),548,Platteville (WI)
Plum City (WI),295,Plum City (WI)
Plymouth (WI),664,Plymouth (WI)
Port Edwards (WI),442,Port Edwards (WI)
Port Washington (WI),570,Port Washington (WI)
Portage (WI),533,Portage (WI)
Potosi (WI),432,Potosi (WI)
Poynette (WI),519,Poynette (WI)
Prairie du Chien (WI),520,Prairie du Chien (WI)
Prairie Du Chien Prairie Du (WI),22,Prairie du Chien (WI)
Prairie Du ChienLutheran (WI),2,Prairie Du Chien Martin Luther Prep (WI)
Prairie du Sac Sauk (WI),505,Prairie du Sac Sauk (WI)
Prairie Du Sac Sauk-Prairie (WI),1,Prairie du Sac Sauk (WI)
Prairie Farm (WI),399,Prairie Farm (WI)
Prescott (WI),440,Prescott (WI)
Princeton (WI),297,Princeton (WI)
Pulaski (WI),473,Pulaski (WI)
Pulaski-Milwaukee Arts-Reagan Prep (WI),204,Pulaski-Milwaukee Arts-Reagan Prep (WI)
Racine Case (WI),477,Racine Case (WI)
Racine Horlick (WI),533,Racine Horlick (WI)
Racine Lutheran (WI),294,Racine Lutheran (WI)
Racine Saint Catherine's (WI),634,Racine St. Catherines (WI)
Racine St. Catherines (WI),24,Racine St. Catherines (WI)
Racine Washington Park (WI),566,Racine Washington Park (WI)
Randolph (WI),524,Randolph (WI)
Random Lake (WI),421,Random Lake (WI)
Reedsburg (WI),541,Reedsburg (WI)
Reedsville (WI),365,Reedsville (WI)
Rhinelander (WI),600,Rhinelander (WI)
Rib Lake-Prentice (WI),298,Rib Lake-Prentice (WI)
Rice Lake (WI),604,Rice Lake (WI)
Richland Center (WI),514,Richland Center (WI)
Richland Center Ithaca (WI),495,Richland Center Ithaca (WI)
Rio (WI),328,Rio (WI)
Ripon (WI),722,Ripon (WI)
River Falls (WI),485,River Falls (WI)
Rosendale Laconia (WI),473,Rosendale Laconia (WI)
Rosholt (WI),459,Rosholt (WI)
Saint Croix Falls (WI),429,Saint Croix Falls (WI)
Saint Francis (WI),507,Saint Francis (WI)
Salem Central (WI),154,Salem Central (WI)
Salem Westosha Central (WI),322,Salem Westosha Central (WI)
Schofield D.C. Everest (WI),715,Schofield D.C. Everest (WI)
Seneca (WI),395,Seneca (WI)
Sevastopol-Gibraltar (WI),118,Sevastopol-Gibraltar (WI)
Seymour (WI),576,Seymour (WI)
Shawano Community (WI),422,Shawano Community (WI)
Shawano-GreshamCommunity (WI),19,Shawano-Gresham Community (WI)
Sheboygan (WI),31,Sheboygan Area (WI)
Sheboygan Area (WI),19,Sheboygan Area (WI)
Sheboygan Area Lutheran (WI),16,Sheboygan Area Lutheran (WI)
Sheboygan Lutheran (WI),12,Sheboygan Area Lutheran (WI)
Sheboygan Falls (WI),530,Sheboygan Falls (WI)
Sheboygan North (WI),471,Sheboygan North (WI)
Sheboygan South (WI),419,Sheboygan South (WI)
Shell Lake (WI),418,Shell Lake (WI)
Shiocton (WI),501,Shiocton (WI)
Shorewood (WI),293,Shorewood (WI)
Shullsburg (WI),398,Shullsburg (WI)
Siren (WI),392,Siren (WI)
Slinger (WI),506,Slinger (WI)
Soldiers Grove North Crawford (WI),473,Soldiers Grove North Crawford (WI)
Somers Shoreland Lutheran (WI),243,Somers Shoreland Lutheran (WI)
Somerset (WI),622,Somerset (WI)
South Milwaukee (WI),558,South Milwaukee (WI)
South Wayne Black Hawk (WI),455,South Wayne Black Hawk (WI)
Sparta (WI),524,Sparta (WI)
Spencer (WI),242,Spencer (WI)
Spencer Columbus (WI),18,Spencer-Columbus Catholic (WI)
Spencer-Columbus Catholic (WI),203,Spencer-Columbus Catholic (WI)
Spooner (WI),466,Spooner (WI)
Spring Green River Valley (WI),526,Spring Green River Valley (WI)
Spring Valley (WI),506,Spring Valley (WI)
Stanley Boyd (WI),21,Stanley-Boyd (WI)
Stanley-Boyd (WI),529,Stanley-Boyd (WI)
Stevens Point (WI),680,Stevens Point (WI)
Stevens Point Pacelli (WI),359,Stevens Point Pacelli (WI)
Stockbridge (WI),116,Stockbridge (WI)
Stoughton (WI),531,Stoughton (WI)
Stratford (WI),582,Stratford (WI)
Sturgeon Bay (WI),491,Sturgeon Bay (WI)
Sturgeon Bay Sevastopol (WI),271,Sturgeon Bay Sevastopol (WI)
SunPrairie (WI),524,SunPrairie (WI)
Superior Central (WI),766,Superior Central (WI)
Suring (WI),369,Suring (WI)
Sussex Hamilton (WI),498,Sussex Hamilton (WI)
Thorp (WI),488,Thorp (WI)
Three Lakes (WI),219,Three Lakes (WI)
Tigerton (WI),274,Tigerton (WI)
Tomah (WI),537,Tomah (WI)
Tomahawk (WI),412,Tomahawk (WI)
Tony Flambeau (WI),402,Tony Flambeau (WI)
Turtle Lake (WI),450,Turtle Lake (WI)
Two Rivers (WI),515,Two Rivers (WI)
Union Grove (WI),476,Union Grove (WI)
Valders (WI),464,Valders (WI)
Verona (WI),591,Verona (WI)
Viola Kickapoo (WI),298,Viola Kickapoo (WI)
Viola Kickapoo La (WI),11,Viola Kickapoo-La Farge (WI)
Viola Kickapoo-La Farge (WI),176,Viola Kickapoo-La Farge (WI)
Viroqua (WI),508,Viroqua (WI)
Viroqua-Cornerstone Christian Academy-Youth Initiative (WI),9,Viroqua-Cornerstone Christian Academy-Youth Initiatve (WI)
Viroqua-Cornerstone Christian Academy-Youth Initiatve (WI),9,Viroqua-Cornerstone Christian Academy-Youth Initiatve (WI)
Wabeno Laona (WI),13,Wabeno-Laona (WI)
Wabeno-Laona (WI),261,Wabeno-Laona (WI)
Wales Kettle Moraine (WI),487,Wales Kettle Moraine (WI)
Walworth Big Foot (WI),493,Walworth Big Foot (WI)
Washburn-Bayfield-Solon Springs (WI),271,Washburn-Bayfield-Solon Springs (WI)
Washington-Milwaukee Academy of Science (WI),14,Washington-Milwaukee Academy of Science-CEO Leadership Academy (WI)
Washington-Milwaukee Academy of Science-CEO Leadership Academy (WI),271,Washington-Milwaukee Academy of Science-CEO Leadership Academy (WI)
Waterford (WI),510,Waterford (WI)
Waterloo (WI),540,Waterloo (WI)
Watertown (WI),583,Watertown (WI)
Watertown Luther Prep (WI),258,Watertown Luther Prep (WI)
Watertown Maranatha Baptist (WI),205,Watertown Maranatha Baptist (WI)
Waukesha (WI),382,Waukesha (WI)
Waukesha Catholic Memorial (WI),553,Waukesha Catholic Memorial (WI)
Waukesha North (WI),429,Waukesha North (WI)
Waukesha South (WI),447,Waukesha South (WI)
Waukesha West (WI),339,Waukesha West (WI)
Waunakee (WI),606,Waunakee (WI)
Waupaca (WI),519,Waupaca (WI)
Waupun (WI),590,Waupun (WI)
Wausau (WI),425,Wausau (WI)
Wausau East (WI),497,Wausau East (WI)
Wausau Newman (WI),15,Wausau Newman Catholic (WI)
Wausau Newman Catholic (WI),267,Wausau Newman Catholic (WI)
Wausau West (WI),508,Wausau West (WI)
Wausaukee (WI),419,Wausaukee (WI)
Wautoma (WI),347,Wautoma (WI)
Wauwatosa (WI),124,Wauwatosa (WI)
Wauwatosa East (WI),492,Wauwatosa East (WI)
Wauwatosa Kingdom Prep (WI),17,Wauwatosa Kingdom Prep Lutheran (WI)
Wauwatosa Kingdom Prep Lutheran (WI),21,Wauwatosa Kingdom Prep Lutheran (WI)
Wauwatosa West (WI),482,Wauwatosa West (WI)
Wauzeka (WI),197,Wauzeka (WI)
Wauzeka St. euben (WI),19,Wauzeka-Steuben (WI)
Wauzeka-Steuben (WI),123,Wauzeka-Steuben (WI)
Webster (WI),445,Webster (WI)
West Allis Central (WI),551,West Allis Central (WI)
West Allis Hale (WI),513,West Allis Hale (WI)
West Allis Nathan Hale (WI),1,West Allis Hale (WI)
West Bend (WI),151,West Bend (WI)
West Bend East (WI),456,West Bend East (WI)
West Bend West (WI),460,West Bend West (WI)
West De Pere (WI),549,West De Pere (WI)
West Milwaukee (WI),220,West Milwaukee (WI)
West Salem (WI),545,West Salem (WI)
Westby (WI),544,Westby (WI)
Westfield Area (WI),456,Westfield Area (WI)
Weyauwega (WI),111,Weyauwega (WI)
Weyauwega-Fremont (WI),375,Weyauwega-Fremont (WI)
Weyerhaeuser-Birchwood (WI),184,Weyerhaeuser-Birchwood (WI)
Whitefish Bay (WI),688,Whitefish Bay (WI)
Whitefish Bay Dominican (WI),333,Whitefish Bay Dominican (WI)
Whitehall (WI),509,Whitehall (WI)
Whitewater (WI),510,Whitewater (WI)
Wild Rose (WI),468,Wild Rose (WI)
Williams Bay (WI),434,Williams Bay (WI)
Wilmot (WI),502,Wilmot (WI)
Winnebago Lutheran Academy (WI),11,Winnebago Lutheran Academy (WI)
Winnebago Lutheran Academy WLA (WI),8,Winnebago Lutheran Academy (WI)
Winneconne (WI),435,Winneconne (WI)
Wisconsin Dells (WI),515,Wisconsin Dells (WI)
Wisconsin Rapids Assumption (WI),284,Wisconsin Rapids Assumption (WI)
Wisconsin Rapids Lincoln (WI),664,Wisconsin Rapids Lincoln (WI)
Wisconsin School for the Deaf (WI),450,Wisconsin School for the Deaf (WI)
Wittenberg Birnamwood (WI),21,Wittenberg-Birnamwood (WI)
Wittenberg-Birnamwood (WI),458,Wittenberg-Birnamwood (WI)
Wonewoc-Center (WI),399,Wonewoc-Center (WI)
Wrightstown (WI),429,Wrightstown (WI)
